tree
version=v4
num_class=1
num_tree_per_iteration=1
label_index=0
max_feature_idx=17
objective=binary sigmoid:1
feature_names=heart_rate hr_std hr_min hr_max hr_range hrv_rmssd hrv_sdnn hrv_pnn50 hrv_mean hrv_median hrv_skewness hrv_kurtosis lf_power hf_power lf_hf_ratio breathing_rate breathing_variability resp_amplitude
feature_infos=[49.686246270959778:116.7315175097276] [1.5099477172509423:25.249462254773388] [42.211055276381913:112.29946524064172] [59.0717299578059:120] [5.7869492114333099:60.256045519203411] [4.6571102059311702:241.22707071996527] [7.928249671720911:206.93151684917004] [0:85.714285714285708] [514.00000000000011:1207.5776397515529] [512.85714285714289:1212.1428571428571] [-3.4792258712677091:4.2102618679623616] [-1.8585118874653053:19.767606570831621] [1.2291498723945992e-05:0.018132918370249398] [3.9408562439597075e-08:6.7904580000757958e-05] [11.825473801270793:379.72635653532268] [12.288606706068231:12.937673272409898] [0.0038966233419957998:0.41713015038267942] [0.22345073426297471:11.956526330612965]
tree_sizes=2114 2202 2240 2236 2227 2215 2231 2217 2215 2247 2223 2218 2221 2225 2202 2209 2234 2239 2249 2251 2235 2238 2234 2246 2224 2229 2238 2230 2227 2224 2247 2242 2252 2239 2219 2191 2258 2227 2043 2230 2224 2217 2217 2216 2234 2216 2250 2206 2214 2223 2233 2230 2234 1827 2237 2222 2215 2210 2210 2222 2246 2235 2205 2240 2219 2244 2241 2009 2250 2236 2012 2187 2231 2221 2214 2213 2206 2239 2229 2239 1783 1603 1671 1824 1710 2258 2240 2213 2159 1813 2228 1926 2130 1833 1938 1191 1087 1186 994 1266 2222 2209 2239 1716 1386 2022 2229 1612 1410 1418 2205 2233 1725 1701 1717 1915 1807 1616 1690 2212 2176 1083 2211 1499 1615 1916 1908 1501 1934 1998 1277 2085 2249 892 895 1776 1896 989 1263 1085 2259 1804 1819 1729 1814 2252 2243 2234 2257 1887 1697 1815 2017 2229 1312 2247 2209 2260 2242 2234 1611 1506 1609 2233 1600 2247 1297 1287 2243 2135 1629 2265 2252 2254 2220 1612 1591 1627 1207 1096 1572 2127 2000 2260 2193 2254 2224 2237 2252 2147 2250 2244 1667 1403 1808 2121 2122 2129 1720 2000 2203 2241 2222 1934 2217 2234 2231 1703 2225 1781 1612 2039 2033 1731 993 2228 2202 1701 1701 2237 2194 2222 2216 2252 2233 2152 1833 2106 2181 2196 2225 2193 2236 2259 2225 1814 1977 1284 1681 1703 2244 2232 2259 2236 2119 2181 2233 2217 2209 2259 1836 2244 2036 2244 2239 2107 1079 2201 2161 2204 2242 2259 2258 2245 2253 2109 1702 2247 2254 2241 1915 2223 1879 1890 2224 1928 1693 1696 1687 1600 2212 2215 2231 2231 2134 2193 2262 2240 2255 2267 2016 2218 2222 1910

Tree=0
num_leaves=19
num_cat=0
split_feature=17 2 0 13 9 12 2 7 0 7 17 17 2 15 17 0 11 11
split_gain=310.172 56.3439 45.8481 42.2992 42.2148 43.1938 23.4054 20.0464 10.546 8.42804 8.57839 7.17283 4.57934 3.54047 2.46408 2.27663 2.01677 1.55359
threshold=2.752727462075931 55.445568711376325 73.641156708834203 5.4492960496235323e-06 671.78571428571433 0.00030097757452685005 67.361711322385489 7.0598006644518287 78.89603466756752 23.606811145510843 2.3294418609100251 2.5980496513623446 68.796114941911952 12.836185852375712 4.9480617416527499 105.40874547473337 -0.55049246106477356 2.5270993506982218
decision_type=2 2 2 2 2 2 2 2 2 2 2 2 2 2 2 2 2 2
left_child=2 -2 13 4 14 12 -7 11 9 10 -9 -4 -6 17 15 -3 -11 -1
right_child=1 3 7 -5 5 6 -8 8 -10 16 -12 -13 -14 -15 -16 -17 -18 -19
leaf_value=-0.057001930106105547 -0.05311260171392871 0.034091266930884004 -0.054790185541308635 0.058602174948023743 -0.058128045841159826 0.0033448371551879235 0.042073924483670713 0.035708249911575965 0.033785571539425747 -0.014492878422401609 -0.023883886984260951 3.0774136987030373e-08 -0.022367287060330518 -0.021852547939345966 0.057846903218949516 0.055679937989477207 -0.047335275113253798 -0.030825866243601962
leaf_weight=58.069108188152313 7.2102408707141867 17.509850680828098 9.5641854107379896 40.017793089151382 4.7078890800476101 29.973854839801788 26.664814412593842 5.1156417727470451 7.4269743859767905 3.732221722602846 3.5838144719600677 2.7514114975929251 12.225230187177656 3.3876524269580832 15.012641757726668 7.4321172535419455 3.875486105680463 3.0430831313133231
leaf_count=293 36 59 48 117 24 118 86 17 25 16 16 11 54 15 44 22 19 14
internal_value=0.00233357 0.0281883 -0.038959 0.0320577 0.0226311 0.00907454 0.0216729 -0.0117111 0.00431482 -0.00904867 0.0108254 -0.0426233 -0.0327688 -0.0541 0.047434 0.0408406 -0.0320096 -0.0558
internal_weight=261.304 160.754 100.55 153.544 113.526 73.5718 56.6387 36.0497 23.7341 16.3072 8.69946 12.3156 16.9331 64.4998 39.9546 24.942 7.60771 61.1122
internal_count=1034 560 474 524 407 282 204 152 93 68 33 59 78 322 125 81 35 307
is_linear=0
shrinkage=1


Tree=1
num_leaves=20
num_cat=0
split_feature=3 17 8 7 8 12 10 10 2 11 12 3 1 14 14 17 7 2 6
split_gain=337.357 76.8764 38.9684 21.3782 39.6611 13.9579 11.5487 9.64748 9.49907 7.52353 9.11167 7.2564 10.1565 5.48625 11.626 6.91694 4.56454 3.65012 3.31484
threshold=92.206477732793545 2.6396781202920132 815.17857142857156 13.921188630490958 680.4646791397098 0.00025123346245605008 -0.82939162614670758 0.35480501808924408 59.448012789947555 -0.5133693132741578 0.00028545478663845005 116.18279487611152 5.5050740664666629 235.26307619485837 202.3747736531152 2.507998511835853 6.5942028985507255 71.733613371838644 53.361666477580918
decision_type=2 2 2 2 2 2 2 2 2 2 2 2 2 2 2 2 2 2 2
left_child=2 7 5 4 11 -1 -4 18 -5 10 -6 12 -3 14 15 -7 -9 -11 -2
right_child=1 3 6 8 9 13 -8 16 -10 17 -12 -13 -14 -15 -16 -17 -18 -19 -20
leaf_value=-0.046014187531561196 -0.056858324320809193 0 -0.0082073777535499031 0.017112272180059066 -0.024899262091852038 0.036713905807439294 -0.053207464551156401 -0.020867856220022754 0.052641843720602571 -0.049588216946214111 0.03712772878845394 0.057930899397382732 0.044700880652508851 0.031847772480425175 -0.038368208522219706 -0.0085244565734117692 0.02500343303304985 -0.011554173486545175 -0.024724344572198187
leaf_weight=6.9630302935838726 5.0966982096433666 6.7775478959083584 5.7442220449447623 7.9110159873962393 3.7790805995464343 5.4585423022508675 71.510779500007629 3.3860696107149115 70.681387260556221 4.4629277437925321 4.5734128355979919 15.83884412050247 13.966429695487021 4.4261415451765052 6.1327189803123465 6.4818740487098694 4.276714950799942 5.2047804296016693 8.4895170927047712
leaf_count=34 26 27 24 29 17 18 358 15 213 22 15 46 44 15 29 27 15 22 38
internal_value=0.00226305 0.0306091 -0.0387223 0.0390683 0.024468 -0.00920163 -0.0499152 -0.0222099 0.0491299 -0.0117898 0.00874617 0.0423933 0.0301648 0.00221149 -0.00501671 0.0120402 0.00433944 -0.029747 -0.0373256
internal_weight=261.162 154.444 106.717 133.195 54.603 29.4623 77.255 21.249 78.5924 18.0202 8.35249 36.5828 20.744 22.4993 18.0731 11.9404 7.66278 9.66771 13.5862
internal_count=1034 529 505 435 193 123 382 94 242 76 32 117 71 89 74 45 30 44 64
is_linear=0
shrinkage=0.03


Tree=2
num_leaves=20
num_cat=0
split_feature=3 1 0 13 0 0 13 2 13 10 1 13 14 14 14 0 9 16 13
split_gain=317.943 43.7514 36.7886 20.3264 34.2086 18.4699 15.9422 13.1383 20.2695 10.9065 8.6447 5.62118 4.69481 4.56112 13.5857 2.65752 2.00345 6.02361 1.91815
threshold=92.206477732793545 5.0564557924872391 73.641156708834203 7.2139460242311008e-06 74.65411239365784 108.33208791863824 7.8979539476442157e-07 71.611305242716199 1.0289013055875251e-06 -0.82939162614670758 8.9616609325933236 2.0652615301619572e-07 169.07526551374539 202.3747736531152 235.26307619485837 89.859230317393425 832.14285714285722 0.067304954841184469 5.7811063664452808e-07
decision_type=2 2 2 2 2 2 2 2 2 2 2 2 2 2 2 2 2 2 2
left_child=2 5 9 4 10 11 18 8 -6 -1 -3 -2 -9 -8 -15 -13 17 -11 -4
right_child=1 3 6 -5 7 -7 13 12 -10 16 -12 15 -14 14 -16 -17 -18 -19 -20
leaf_value=-0.0079663342828832084 -0.0041490691211302864 -0.050070369290887554 -0.055819887840866979 0.054901067088639219 -0.02189650642158297 0.048358630995425297 0.019515843401805264 0.033434186506083992 0.031513730820000994 -0.055945844368013246 0.013853858658755578 -0.056758309923640053 0.053599638072648975 -0.037256432773691749 0.030923936216582751 -0.022662893671410361 -0.054117636409187743 -0.010065108084692818 -0.024348049228941203
leaf_weight=5.7435241043567649 6.8187636286020341 5.6356873214244825 4.8946894258260745 37.008324041962624 7.7021332681179038 3.6313434839248648 10.219857290387155 20.27407868206501 34.479476228356361 6.8481250852346403 2.7010389417409897 4.70431040227413 26.57157501578331 6.1292805820703489 4.4246242791414261 4.7053852677345276 60.05748125910759 4.4587872326374054 3.7760757058858871
leaf_count=24 28 28 25 109 34 11 37 68 117 35 10 24 79 29 15 21 304 19 17
internal_value=0.00219654 0.0297327 -0.0376238 0.0358778 0.0285673 -0.0116661 -0.00893359 0.0340262 0.0216616 -0.0485149 -0.0290851 -0.0254951 0.0450261 0.00523332 -0.00836891 -0.0404417 -0.0517206 -0.038363 -0.04289
internal_weight=260.785 154.232 106.552 134.372 97.364 19.8598 29.4445 89.0273 42.1816 77.1079 8.33673 16.2285 46.8457 20.7738 10.5539 9.4097 71.3644 11.3069 8.67077
internal_count=1034 529 505 445 336 84 123 298 151 382 38 73 147 81 44 45 358 54 42
is_linear=0
shrinkage=0.03


Tree=3
num_leaves=20
num_cat=0
split_feature=3 17 8 7 8 13 10 2 10 11 12 3 2 14 14 11 13 2 13
split_gain=299.976 70.057 34.8044 19.3406 36.3069 15.0606 10.3344 8.78146 8.74278 7.1104 8.25925 6.60398 7.28167 4.29434 12.8136 4.96986 4.13057 3.40138 3.15885
threshold=92.206477732793545 2.6396781202920132 815.17857142857156 13.921188630490958 680.4646791397098 7.8979539476442157e-07 -0.82939162614670758 59.448012789947555 0.35480501808924408 -0.5133693132741578 0.00028545478663845005 116.18279487611152 86.688137412775106 202.3747736531152 235.26307619485837 -0.52516466400005613 8.2546491748634681e-07 71.733613371838644 7.725964517805404e-07
decision_type=2 2 2 2 2 2 2 2 2 2 2 2 2 2 2 2 2 2 2
left_child=2 8 5 4 11 -1 -4 -5 18 10 -6 12 -3 15 -15 -7 -10 -11 -2
right_child=1 3 6 7 9 13 -8 -9 16 17 -12 -13 -14 14 -16 -17 -18 -19 -20
leaf_value=-0.041728341357943281 -0.055056386951377899 0.037848872413821427 -0.0077325927540945229 0.015789282706546379 -0.023644817938431043 0.03900946757822564 -0.050348389829450377 0.049984489202102272 -0.020244678961702921 -0.048226990770552779 0.035448667536400226 0.055168519854029936 -0.0048871582962208785 -0.036201735896225253 0.030041072482195928 -0.0020901441253783192 0.023423467503114238 -0.011444523660025543 -0.023654949176632779
leaf_weight=8.6527027338743228 5.0818493813276318 16.278153315186504 5.7426616102457038 7.8984858840703955 3.7741128504276293 5.2574506849050522 71.124124646186829 70.360029399394989 3.383416384458541 4.4613810628652555 4.563251256942749 15.755086749792097 4.4146494418382636 6.1216352134942991 4.421006828546524 4.9585128873586672 4.2686721980571747 5.1990463435649872 8.474899694323538
leaf_count=42 26 53 24 29 17 17 358 213 15 22 15 46 18 29 15 20 15 22 38
internal_value=0.00213242 0.0289033 -0.0366 0.0370004 0.0230927 -0.00868262 -0.0472178 0.0465961 -0.0215556 -0.0115994 0.00837979 0.0402905 0.0286075 0.00508184 -0.00811999 0.0189433 0.00371626 -0.0290588 -0.0359626
internal_weight=260.191 153.913 106.278 132.704 54.4457 29.4113 76.8668 78.2585 21.2088 17.9978 8.33736 36.4479 20.6928 20.7586 10.5426 10.216 7.65209 9.66043 13.5567
internal_count=1034 529 505 435 193 123 382 242 94 76 32 117 71 81 44 37 30 44 64
is_linear=0
shrinkage=0.03


Tree=4
num_leaves=20
num_cat=0
split_feature=3 17 0 13 13 3 1 17 2 10 1 9 17 17 13 16 13 9 16
split_gain=283.231 66.1945 32.9858 16.1442 14.2222 13.3803 13.1046 13.5387 13.0183 9.81606 8.45255 16.2812 3.32001 4.72226 5.26036 4.26416 2.6628 1.93162 5.75596
threshold=92.206477732793545 2.6396781202920132 73.641156708834203 5.4492960496235323e-06 7.8979539476442157e-07 116.18279487611152 5.0564557924872391 4.2204367101364282 67.578482998586466 -0.82939162614670758 5.5402617990413061 808.21428571428589 1.9265358995748705 2.8386782573027869 1.2917955761341792e-06 0.067555570473801868 1.3156718094215843e-06 832.14285714285722 0.067304954841184469
decision_type=2 2 2 2 2 2 2 2 2 2 2 2 2 2 2 2 2 2 2
left_child=2 10 9 5 -4 6 7 -3 -8 -1 -2 16 -6 15 -15 -14 -12 18 -11
right_child=1 3 4 -5 12 -7 8 -9 -10 17 11 -13 13 14 -16 -17 -18 -19 -20
leaf_value=-0.0075059041282011293 -0.048422624386126857 -0.041591519053178802 -0.040601993561271338 0.051951064163593456 0.027129395220577036 0.053959639075124896 0.0078186807743952456 0.028187152164388836 0.0370932180302272 -0.053233496929224793 -0.0013507547059684532 -0.05445290111176828 0 -0.012172204129742842 0.03564988784581611 -0.043494227860944312 0.029029606088415268 -0.051419250927885393 -0.0083258076144902687
leaf_weight=5.7416507899761191 6.773559823632243 5.1921438425779325 8.6290760636329669 40.323862716555595 4.6090117096900967 16.025562852621078 19.886015117168427 4.6148114800453186 46.236079439520836 6.7933755964040738 4.9535665363073331 4.4913538098335257 4.7548104077577609 3.5300389230251294 4.5631866157054901 3.2764513045549393 4.9567962735891342 59.567267581820488 4.4421898722648621
leaf_count=24 34 25 42 120 16 47 76 16 151 35 20 23 19 15 15 16 17 304 19
internal_value=0.00207299 0.0281212 -0.0356322 0.0360104 -0.00843764 0.0289387 0.0235543 -0.00850021 0.0283594 -0.0460003 -0.0209575 -0.0075882 0.00493548 -0.00135161 0.0145311 -0.0177077 0.0136829 -0.0490646 -0.0359731
internal_weight=259.361 153.454 105.907 132.278 29.3626 91.9546 75.929 9.80696 66.1221 76.5445 21.1753 14.4017 20.7335 16.1245 8.09323 8.03126 9.91036 70.8028 11.2356
internal_count=1034 529 505 435 123 315 268 41 227 382 94 60 81 65 30 35 37 358 54
is_linear=0
shrinkage=0.03


Tree=5
num_leaves=20
num_cat=0
split_feature=3 17 13 9 13 0 2 2 1 9 2 14 14 13 0 11 3 11 3
split_gain=284.297 47.9523 20.7038 29.5289 17.4453 26.9715 16.944 10.4861 8.24496 8.06511 10.2002 6.16818 5.74462 4.31797 6.7795 5.32854 3.92856 3.90629 3.82442
threshold=90.614992179935982 2.8969164248525527 1.2110112806685599e-06 648.57142857142867 7.725964517805404e-07 76.995492956142201 60.301538613763427 68.34829586080879 3.4784143308301076 901.78571428571445 65.779210266825629 150.50208088574104 243.17835524928077 2.9991978714781878e-06 75.692262775953111 0.15315309855581025 110.38126813095734 -0.72992622589798806 98.245748429600141
decision_type=2 2 2 2 2 2 2 2 2 2 2 2 2 2 2 2 2 2 2
left_child=6 4 3 -3 16 18 -1 -5 -8 10 -10 -9 -7 14 -4 -16 -2 -12 -6
right_child=1 2 13 7 5 12 8 11 9 -11 17 -13 -14 -15 15 -17 -18 -19 -20
leaf_value=-0.051618252156910245 -0.045428306718475572 0.046261421051690343 0 -0.046870867595396548 -0.053334004869813413 0.014710427979668208 -0.049812414349750124 -0.012073134091585525 -0.036125506772157388 0.027331676216319566 0.013673038723290237 0.021671741318799367 0.051765868273963754 0.049322562815578584 0.048902946862228867 0.021011006870221421 -0.0038230319112810751 -0.016871873583481717 -0.0094125237592409695
leaf_weight=46.435616567730904 8.4719719588756544 17.854605570435524 4.5551547557115546 4.2490786612033871 4.4703287780284908 8.4151245802640897 10.984661370515822 9.6327299624681491 23.911830991506577 2.841477543115615 6.1020758599042884 9.5768196731805784 7.379217103123664 49.591495543718338 20.094737544655803 9.8705913275480253 2.9208319932222357 9.3242381960153562 3.3200997859239578
leaf_count=239 42 55 18 21 23 31 56 41 115 10 23 34 22 150 61 35 12 41 14
internal_value=0.00147591 0.0262013 0.0348603 0.0172884 -0.00477443 0.00985796 -0.0382998 -0.00473865 -0.0265356 -0.0202993 -0.0238764 0.00461994 0.0324285 0.0434247 0.0347474 0.0399156 -0.0351489 -0.00458598 -0.0353524
internal_weight=260.003 160.403 125.425 41.3132 34.9776 23.5848 99.5999 23.4586 53.1643 42.1796 39.3381 19.2095 15.7943 84.112 34.5205 29.9653 11.3928 15.4263 7.79043
internal_count=1043 559 415 151 144 90 484 96 245 189 179 75 53 264 114 96 54 64 37
is_linear=0
shrinkage=0.03


Tree=6
num_leaves=20
num_cat=0
split_feature=3 17 7 9 7 0 2 11 13 17 13 5 4 7 2 17 15 2 7
split_gain=268.789 45.3986 22.9072 36.9647 19.2165 29.3082 16.2199 11.9494 10.1153 7.06434 25.1022 5.98654 7.37322 5.11355 4.84313 4.16027 3.65107 3.5746 3.08316
threshold=90.614992179935982 2.8969164248525527 13.574938574938576 641.07142857142878 8.1356867071152816 76.995492956142201 60.301538613763427 -0.13322915062453353 1.0346725997155201e-06 2.8386782573027869 1.5600616820348554e-06 49.001625525117511 15.398392632822942 14.119601328903657 67.906269115548113 4.0848843543097955 12.481055551719033 59.448012789947555 49.358974358974372
decision_type=2 2 2 2 2 2 2 2 2 2 2 2 2 2 2 2 2 2 2
left_child=6 4 3 -3 -2 16 -1 8 -5 11 14 12 -8 -14 -11 -9 -6 18 -4
right_child=1 2 17 7 5 -7 9 15 -10 10 -12 -13 13 -15 -16 -17 -18 -19 -20
leaf_value=-0.050424159282792834 -0.034023496863512803 0.045610202034864794 0.0087008509169654476 -0.0063915361218654775 -0.052981567146345526 0.037377552789004967 -0.044803059340487839 -0.056130421983192118 0.044700472341809683 -0.053993895421318695 0.041662452753350926 -0.052889876468475296 -0.038111080286805654 -0.0019249957990384 -0.0083630973390098531 -0.014838159976719119 -0.010239879959795264 0.046776513533880702 0.043877897180827866
leaf_weight=46.116319701075554 12.684575766324995 22.671003505587578 5.0331089943647367 11.580471828579908 4.2587541639804867 14.431673467159269 10.68877759575844 4.0939974486827833 4.8372997939586631 6.0193091928958875 5.5838526189327231 10.0311441719532 4.9533330202102688 12.229555517435072 3.5049079805612564 5.3834615349769592 3.5075068771839142 66.798866137862206 4.4757729023694992
leaf_count=239 60 70 19 48 22 47 54 21 15 31 18 52 24 51 15 23 15 205 14
internal_value=0.00143717 0.0255223 0.0339718 0.0177096 -0.00465066 0.0120766 -0.0373355 -0.00668322 0.00865997 -0.0258192 -0.00813715 -0.0327483 -0.0252288 -0.0126901 -0.0377749 -0.0333883 -0.0344349 0.044246 0.025855
internal_weight=258.884 159.756 124.874 48.5662 34.8825 22.1979 99.1272 25.8952 16.4178 53.0109 15.1081 37.9028 27.8717 17.1829 9.52422 9.47746 7.76626 76.3077 9.50888
internal_count=1043 559 415 177 144 84 484 107 63 245 64 181 129 75 46 44 37 238 33
is_linear=0
shrinkage=0.03


Tree=7
num_leaves=20
num_cat=0
split_feature=3 17 7 0 7 0 2 11 1 5 2 8 7 11 3 2 17 7 17
split_gain=254.382 43.0318 21.8184 33.5358 18.121 27.7059 15.5407 11.7392 7.5998 6.04968 5.9828 8.66119 5.37805 3.71692 3.62738 3.43096 3.05475 2.92107 2.63242
threshold=90.614992179935982 2.8969164248525527 13.574938574938576 93.207261309199879 8.1356867071152816 76.995492956142201 60.301538613763427 -0.43432762137822806 3.4784143308301076 28.607308868921226 65.779210266825629 886.93610986714441 4.396135265700484 -0.68843238904368531 98.245748429600141 59.448012789947555 3.3918156667393649 49.358974358974372 2.6195004988591157
decision_type=2 2 2 2 2 2 2 2 2 2 2 2 2 2 2 2 2 2 2
left_child=6 4 3 7 18 14 -1 9 -8 -3 11 16 -9 -12 -6 17 -10 -4 -2
right_child=1 2 15 -5 5 -7 8 12 10 -11 13 -13 -14 -15 -16 -17 -18 -19 -20
leaf_value=-0.049312390929574269 -0.043250338099356959 -0.0069111809659947662 0.0084500446854940282 0.043703946366853028 -0.051184710021424544 0.036383545333045449 -0.047652135160730295 0.0015949602734622022 -0.038593946416573273 0.03368887820106517 0.012159617372242993 0.017295960418006424 -0.039531229292787032 -0.017222058259790361 -0.00833830873349946 0.045692375293941781 -0.0061495789854975813 0.042751817020143079 -0.013082068672465585
leaf_weight=45.749100357294083 8.2144186198711378 6.2425403445959109 5.0300377607345563 22.733185574412346 4.4239814132452038 14.38460414111614 10.854067876935003 4.0081982016563407 20.044770538806922 6.6254124492406845 6.8213475644588462 3.2210276275873175 8.7848483175039274 8.5684344321489316 3.3164930641651154 66.341505095362663 3.3093057572841635 4.4587403535842896 4.4436444938182822
leaf_count=239 41 26 19 71 23 47 56 16 99 22 26 12 42 38 14 205 14 14 19
internal_value=0.00139693 0.0248762 0.0331316 0.0172384 -0.0045319 0.0117415 -0.0364356 -0.00616977 -0.0251536 0.0138601 -0.0191637 -0.0277784 -0.0265008 -0.00401086 -0.0335498 0.043199 -0.0341703 0.0251589 -0.0330804
internal_weight=257.576 159.008 124.224 48.3942 34.7831 22.1251 98.5681 25.661 52.819 12.868 41.9649 26.5751 12.793 15.3898 7.74047 75.8303 23.3541 9.48878 12.6581
internal_count=1043 559 415 177 144 84 484 106 245 48 189 125 58 64 37 238 113 33 60
is_linear=0
shrinkage=0.03


Tree=8
num_leaves=20
num_cat=0
split_feature=3 17 7 2 7 2 2 1 17 1 2 17 14 17 3 11 2 2 7
split_gain=240.862 40.8225 20.8106 26.534 17.1187 15.1978 14.9499 12.5526 8.25512 7.26681 5.67151 7.1711 4.57071 4.45954 4.43433 3.5039 3.37559 3.30149 2.77193
threshold=90.614992179935982 2.8969164248525527 13.574938574938576 70.000194444984587 8.1356867071152816 69.594082567295985 60.301538613763427 5.4394107051894549 4.2204367101364282 3.4784143308301076 65.779210266825629 3.3918156667393649 245.88390813494541 2.1361903369577431 80.847043130280142 -0.68843238904368531 68.34829586080879 59.448012789947555 49.358974358974372
decision_type=2 2 2 2 2 2 2 2 2 2 2 2 2 2 2 2 2 2 2
left_child=6 4 3 16 -2 12 -1 8 -5 -8 11 14 -6 -14 -11 -12 -3 18 -4
right_child=1 2 17 7 5 -7 9 -9 -10 10 15 -13 13 -15 -16 -17 -18 -19 -20
leaf_value=-0.048274699038604936 -0.032217830699208555 -0.042312993894055066 0.0082066190267082294 -0.02620139550998454 -0.025317478313154524 0.04590369596449146 -0.046598937740474536 0.038631057611233748 0.024867611188680208 -0.015064872599537177 0.011799224629763778 0.0074978835161496234 -0.017708487090954763 0.026532861719775962 -0.044047392965656698 -0.016732193426612075 -0.004425665061322471 0.044672662271038895 0.041687997481523714
leaf_weight=45.338836327195168 12.615513250231741 5.7367666959762555 5.0268763899803144 5.2434628605842573 6.3545220643281963 7.485986500978469 10.769924581050871 27.576906234025955 5.9925526529550552 7.8829828351736131 6.8218516111373892 4.3401786088943473 3.3289829641580564 4.8670819848775864 14.246684268116949 8.5578006505966169 3.658460795879364 65.83013117313385 4.438203364610672
leaf_count=239 60 28 19 24 29 23 56 89 21 36 26 17 15 17 72 38 15 205 14
internal_value=0.00136085 0.0242635 0.0323342 0.0167898 -0.0044252 0.0114237 -0.0355724 0.027772 0.000749915 -0.0244999 -0.0186438 -0.0270572 -0.00630305 0.00820495 -0.0339725 -0.00388843 -0.0280778 0.0422114 0.0244915
internal_weight=256.114 158.155 123.503 48.2081 34.6521 22.0366 97.9583 38.8129 11.236 52.6194 41.8495 26.4698 14.5506 8.19606 22.1297 15.3797 9.39523 75.2952 9.46508
internal_count=1043 559 415 177 144 84 484 134 45 245 189 125 61 32 108 64 43 238 33
is_linear=0
shrinkage=0.03


Tree=9
num_leaves=20
num_cat=0
split_feature=3 13 0 13 3 2 10 6 14 16 2 16 16 3 10 0 13 11 11
split_gain=228.173 33.6707 22.5482 20.5771 16.1071 14.4187 10.0417 8.20719 5.56092 9.13248 4.68642 4.17947 7.94318 2.51789 2.50463 1.86488 1.6753 1.40392 1.40211
threshold=90.614992179935982 4.3779554865927714e-06 74.141274112809228 1.2110112806685599e-06 117.48274728885967 60.301538613763427 -0.64692598515171162 28.165873437525448 241.19076436976943 0.055720132686425457 62.268381140784705 0.056581376359004058 0.070250275659928613 82.59595006419876 -0.17840089924270167 71.336714185595028 2.1700105551531472e-06 -0.75003121426148767 -0.089144937231806429
decision_type=2 2 2 2 2 2 2 2 2 2 2 2 2 2 2 2 2 2 2
left_child=5 2 16 4 7 15 -5 -4 11 -10 -8 14 17 -14 -7 -1 -2 -13 -16
right_child=1 -3 3 6 -6 8 10 -9 9 -11 -12 12 13 -15 18 -17 -18 -19 -20
leaf_value=-0.04894345423921833 -0.01950232803086295 0.044663073510380485 -0.028663729121432214 -0.014663174982774552 0.046725609623778107 -0.018759677552440998 0.007171117751224412 0.0049575007853967581 0.024610886764608701 -0.038614531782087916 0.040711813131630852 -0.0093209084159232743 -0.044482864876111888 -0.020138399843353354 -0.0513278382969189 -0.020378891311121295 -0.051798095469895458 0.015034925966820533 -0.024950794189209792
leaf_weight=42.131312415003777 3.3218238800764075 47.878963083028793 7.63147148489952 3.5108708292245856 7.4693787693977347 4.800979986786845 4.4670342206954947 42.056942090392113 4.9160541445016843 3.3796863555908203 37.290753200650215 3.6460841596126556 7.7102811187505749 9.4903852790594083 10.67159216105938 2.7587320059537879 3.6432433426380157 4.6336113959550875 3.16063620150089
leaf_count=226 15 150 36 15 23 22 17 165 18 17 119 16 40 43 56 13 19 18 15
internal_value=0.0013263 0.0236726 0.0144257 0.0180062 0.00595664 -0.0347498 0.0331076 -0.000193212 -0.0238701 -0.000942968 0.0372212 -0.0281019 -0.0198319 -0.0314184 -0.0390845 -0.0473039 -0.0373141 0.00396823 -0.0457384
internal_weight=254.57 157.27 109.392 102.426 57.1578 97.2994 45.2687 49.6884 52.4093 8.29574 41.7578 44.1136 25.4804 17.2007 18.6332 44.89 6.96507 8.2797 13.8322
internal_count=1043 559 409 375 224 484 151 201 245 35 136 210 117 83 93 239 34 34 71
is_linear=0
shrinkage=0.03


Tree=10
num_leaves=20
num_cat=0
split_feature=3 17 7 3 11 0 13 1 8 3 3 4 0 3 5 7 11 4 11
split_gain=211.001 49.384 16.7328 27.9362 18.5193 16.2435 10.6456 8.96954 14.2613 6.14076 6.4416 6.18656 5.44389 5.31123 5.03875 4.56987 4.22301 11.5903 4.04658
threshold=90.419911012235843 2.752727462075931 17.192118226600989 105.39539804284581 -0.13322915062453353 72.558204929911923 1.0346725997155201e-06 4.5114567216115962 779.48435277382657 89.647914274779964 83.748836987379818 20.680842077929153 88.091228972086654 94.488308533252379 32.240282540126614 5.195681511470986 0.42974916616251663 18.538897469421467 -0.6069064580273803
decision_type=2 2 2 2 2 2 2 2 2 2 2 2 2 2 2 2 2 2 2
left_child=5 7 3 4 6 16 -3 -2 14 10 -7 -12 -5 -4 -9 -6 -1 -18 -13
right_child=1 2 13 12 15 9 -8 8 -10 -11 11 18 -14 -15 -16 -17 17 -19 -20
leaf_value=-0.045606798504235838 -0.049492117908466055 -0.0038630882530320382 0.017855112084736564 0.0030378195934681698 -0.011063994230038759 -0.036273528033309681 0.043899942348034654 -0.018239749713956373 -0.040434605162106708 -0.0519919671332425 0.017554745753665488 -0.036636056168509464 0.040606587370162636 0.044200985639446848 0.023802294522871449 -0.056454163685922369 0.014990047024578479 -0.048892307765899652 0.0011702435794782439
leaf_weight=58.12334518134594 5.500450566411021 11.48034049570561 8.5424775034189206 4.1237605512142173 3.5031032860279065 5.97467969357968 6.4229089170694342 3.3491137623786953 6.9877416640520087 3.4671163111925116 8.7519282549619692 4.7276007086038643 30.957763537764549 55.360115751624107 9.4217118918895704 5.440872997045517 4.0655952394008619 6.3757349401712418 5.0715907812118459
leaf_count=311 29 47 31 16 15 30 20 15 35 18 33 23 99 174 33 28 16 34 21
internal_value=0.000116295 0.0222606 0.0299499 0.0186999 -0.00423237 -0.0344906 0.0132542 -0.0158934 -0.00618687 -0.0149942 -0.00945224 -0.000505003 0.0362969 0.0407594 0.0124877 -0.0393267 -0.0423733 -0.0238273 -0.0169521
internal_weight=247.648 151.09 125.831 61.9287 26.8472 96.5576 17.9032 25.259 19.7586 27.9929 24.5258 18.5511 35.0815 63.9026 12.7708 8.94398 68.5647 10.4413 9.79919
internal_count=1028 542 430 225 110 486 67 112 83 125 107 77 115 205 48 43 361 50 44
is_linear=0
shrinkage=0.03


Tree=11
num_leaves=20
num_cat=0
split_feature=3 13 0 4 0 10 10 9 13 3 14 6 3 3 15 6 4 16 16
split_gain=200.135 27.4772 20.0595 22.198 15.6578 9.73668 9.08606 8.67492 8.7676 6.72096 8.80175 5.96177 5.64049 4.64728 2.89737 2.17678 0.76551 0.641664 3.29941
threshold=90.419911012235843 7.2139460242311008e-06 74.063203225981454 22.649306112288325 72.558204929911923 -0.85313823316802317 -1.1395933578087496 793.57142857142856 1.6156242704521341e-06 111.55398160167056 173.49248026995028 101.24733595944701 100.59894667997659 86.331026440540469 12.46697736264243 49.420439128485278 19.765052364787127 0.018155768374807153 0.016375668340187204
decision_type=2 2 2 2 2 2 2 2 2 2 2 2 2 2 2 2 2 2 2
left_child=4 2 11 9 5 -1 -5 14 15 10 -4 -2 -8 -10 16 -9 -6 18 -7
right_child=1 -3 3 6 7 17 12 8 13 -11 -12 -13 -14 -15 -16 -17 -18 -19 -20
leaf_value=-0.0031598458997289121 -0.051536923261808323 0.045591537568671535 -0.02361885535112403 -0.028088847741301905 -0.028829204368760703 -0.046750349137615735 0.018239590227053737 0.035073061625909549 -0.048630010936405295 0.028175430353955037 0.023994523282600821 0 0.034555366034753114 0.00181168399562839 -0.01240036227670201 0.003736672498502948 -0.052031787158918971 -0.046716939119160833 -0.0088136181415976005
leaf_weight=5.6398537606000891 4.7556977570056898 33.725986540317535 16.483310326933868 2.6127425581216803 3.5445929318666476 7.5039078295230848 35.638951614499092 4.5195282250642759 3.4090116620063773 4.0301271229982367 4.2824179381132117 3.4090202301740646 45.154680714011192 2.8725415766239166 4.7988297194242469 3.9745514243841171 4.8033670485019684 51.515423193573952 3.1964873969554901
leaf_count=24 25 106 76 12 17 41 130 16 18 14 15 14 150 12 21 16 25 281 15
internal_value=0.000109929 0.0217386 0.0147665 0.0182111 -0.0337403 -0.0415417 0.0256203 -0.014594 0.00100757 -0.00659373 -0.0135881 -0.0301873 0.0274268 -0.0254261 -0.0322304 0.0209733 -0.0429928 -0.0449622 -0.035882
internal_weight=245.871 150.093 116.367 108.202 95.7781 67.8557 83.4064 27.9224 14.7756 24.7959 20.7657 8.16472 80.7936 6.28155 13.1468 8.49408 8.34796 62.2158 10.7004
internal_count=1028 542 436 397 486 361 292 125 62 105 91 39 280 30 63 32 42 337 56
is_linear=0
shrinkage=0.03


Tree=12
num_leaves=20
num_cat=0
split_feature=3 17 7 2 3 0 11 10 9 11 5 9 5 5 2 4 10 15 2
split_gain=189.868 45.6183 15.6811 26.6425 16.9947 15.1306 9.91744 9.39143 8.22592 8.25762 7.84065 13.7925 5.98181 5.2566 5.11428 4.03966 3.50974 2.76238 1.21736
threshold=90.419911012235843 2.752727462075931 17.192118226600989 67.361711322385489 105.39539804284581 72.558204929911923 -0.13322915062453353 -0.85313823316802317 793.57142857142856 -0.19992521536406557 16.153543342399448 786.07142857142856 43.122637848276128 32.240282540126614 58.05116801540543 31.595618642934824 0.48639956295074371 12.46697736264243 65.676349765258223
decision_type=2 2 2 2 2 2 2 2 2 2 2 2 2 2 2 2 2 2 2
left_child=5 10 3 18 6 7 -5 -1 17 12 -2 13 -10 -12 -4 -15 -6 -7 -3
right_child=1 2 14 4 16 8 -8 -9 9 -11 11 -13 -14 15 -16 -17 -18 -19 -20
leaf_value=-0.0030676561187116757 -0.048616883466282436 -0.048279654299589476 0.0099909136931025551 0.016439303843822084 0.023610877843492594 -0.041977817109136402 -0.029119504021476852 -0.044157719375327552 0.0057289939666668203 0.031051746053520884 -0.020128118943518094 -0.043771792753293702 -0.041252866294263474 0.039911305699019566 0.0418549146421427 0.001441661939549073 0.045399809297972112 -0.012047061692653252 -0.01951223308227799
leaf_weight=5.6380956768989554 5.0743024498224285 4.0150859951972953 5.2748244106769553 15.44907069206238 11.117297679185866 8.3013209849596041 5.8245534896850577 61.470166087150574 5.2065002322196943 5.2459787279367438 3.6944331079721477 6.1886232644319525 4.3076681196689606 5.0014753788709623 57.530151695013046 5.0795299112796783 22.018242076039314 4.7943770289421073 2.9441245049238205
leaf_count=24 27 20 20 57 39 42 27 337 21 19 17 32 22 16 185 20 69 21 13
internal_value=0.000103405 0.0212155 0.0286694 0.0177496 0.0248602 -0.0330246 0.00374741 -0.0407599 -0.014203 0.00098074 -0.0155986 -0.00685631 -0.0154385 0.00970772 0.0392466 0.0210268 0.0382727 -0.0314218 -0.0369833
internal_weight=244.176 149.212 124.173 61.3684 54.4092 94.9641 21.2736 67.1083 27.8558 14.7601 25.0384 19.9641 9.51417 13.7754 62.805 10.081 33.1355 13.0957 6.95921
internal_count=1028 542 430 225 192 486 84 361 125 62 112 85 43 53 205 36 108 63 33
is_linear=0
shrinkage=0.03


Tree=13
num_leaves=20
num_cat=0
split_feature=3 17 7 9 8 10 11 17 14 1 9 9 11 8 3 9 5 4 8
split_gain=180.223 43.3003 15.1115 25.2798 14.433 9.06133 8.59025 10.1063 8.41984 7.94997 13.6459 7.5613 8.02059 6.72135 4.29571 4.94738 4.13911 3.82492 2.72897
threshold=90.419911012235843 2.752727462075931 16.247642991829043 638.92857142857144 827.04138321995481 -0.85313823316802317 -0.47091538107446163 3.7921519167675055 170.61258001018936 4.5114567216115962 786.07142857142856 793.57142857142856 -0.19992521536406557 815.17857142857156 94.488308533252379 801.78571428571433 32.240282540126614 31.595618642934824 772.96992481203029
decision_type=2 2 2 2 2 2 2 2 2 2 2 2 2 2 2 2 2 2 2
left_child=4 9 3 -3 11 -6 8 -8 -5 -2 16 18 13 -13 15 -4 -11 -18 -1
right_child=1 2 14 6 5 -7 7 -9 -10 10 -12 12 -14 -15 -16 -17 17 -19 -20
leaf_value=-0.011831310680267298 -0.047265017933255118 0.038425402137661178 0.036037957521223192 -0.012162599813878822 -0.0029781431783251454 -0.043380944124077517 -0.047267794536376376 0.00019661942968745744 0.03639420937698773 -0.01735726594828339 -0.042814353524609147 0.0037566206651080221 0.030042809886908977 -0.046811126868894964 0.041027930970691372 -0.0088545401213548647 0.038887313805441401 0.0013995397726857838 -0.041421654172998396
leaf_weight=4.9308583736419704 5.3734452724456814 26.25968012213707 5.2129428386688215 5.1599230319261569 5.636363372206687 60.511830225586891 5.7191426455974606 12.778072848916052 7.9599129557609558 3.3359255492687252 6.1401723325252524 5.9599325805902463 5.262585997581481 3.7079145163297653 56.570836588740349 3.5749177485704422 4.9821021109819394 5.0784633159637451 8.1072270423173887
leaf_count=22 29 86 17 22 24 336 29 51 26 15 32 24 19 20 184 15 16 20 41
internal_value=9.8018e-05 0.0207298 0.0280271 0.0167259 -0.0323333 -0.0399933 -0.00126639 -0.0144928 0.0171227 -0.0152192 -0.00605655 -0.0140321 0.000373858 -0.0156112 0.0379478 0.0175439 0.0107612 0.0204592 -0.0306345
internal_weight=242.262 148.146 123.235 57.8767 94.1167 66.1482 31.6171 18.4972 13.1198 24.9101 19.5367 27.9685 14.9304 9.66785 65.3587 8.78786 13.3965 10.0606 13.0381
internal_count=1028 542 430 214 486 360 128 80 48 112 83 126 63 44 216 32 51 36 63
is_linear=0
shrinkage=0.03


Tree=14
num_leaves=20
num_cat=0
split_feature=3 17 7 9 9 11 14 1 9 11 9 3 3 3 9 3 4 11 17
split_gain=171.174 41.1252 14.5328 23.8341 13.4083 12.498 8.76994 7.6042 12.9579 6.118 9.16301 5.77557 5.63997 4.83813 4.36141 4.25688 7.63061 4.98397 4.18468
threshold=90.419911012235843 2.752727462075931 17.192118226600989 671.78571428571433 832.14285714285722 -0.13322915062453353 170.61258001018936 4.5114567216115962 786.07142857142856 -0.19992521536406557 794.64285714285722 107.83072968162945 105.13157894736842 94.488308533252379 801.78571428571433 84.084168336673358 21.587020928170876 -0.70582244095882307 3.4392550268835396
decision_type=2 2 2 2 2 2 2 2 2 2 2 2 2 2 2 2 2 2 2
left_child=4 7 3 12 9 6 -5 -2 -9 15 -11 -7 -3 14 -4 -1 17 -17 -6
right_child=1 2 13 5 18 11 -8 8 -10 10 -12 -13 -14 -15 -16 16 -18 -19 -20
leaf_value=-0.046713290128497564 -0.046403007269343662 0.00072352825233793785 0.034166858466792349 -0.016592279549263216 -0.042220952718490655 -0.047140089255583426 0.027863397509606983 0.01046638676449377 -0.041907276618705872 -0.030043087577627092 0.027615486291548315 0 0.038293262570289852 0.041118286204292281 -0.0085892891315341759 0.02271275173681836 -0.038976995395345375 -0.024798681134877095 -0.014953525503530643
leaf_weight=5.6725714206695619 5.3118540644645718 4.2844228297471991 4.8438208401203138 6.1457092165947023 56.591073215007782 6.4866999238729459 10.761248692870138 13.368035197257997 6.0878374725580207 4.0863467305898649 5.9483902007341385 3.5456362813711166 29.479593098163605 53.112006068229675 3.5778006613254547 4.9390916526317596 6.7249162197113028 3.1544788777828199 6.1084178090095511
leaf_count=31 29 17 16 27 316 33 37 51 32 20 22 14 97 174 15 18 34 15 30
internal_value=9.31803e-05 0.0202675 0.0274155 0.0168678 -0.0316748 -0.00407751 0.0115247 -0.0148578 -0.00589868 -0.0151398 0.00377498 -0.0305215 0.0336307 0.037728 0.0157629 -0.0245216 -0.0155693 0.00375231 -0.0396403
internal_weight=240.23 147.005 122.237 60.7033 93.2253 26.9393 16.907 24.7677 19.4559 30.5258 10.0347 10.0323 33.764 61.5336 8.42162 20.4911 14.8185 8.09357 62.6995
internal_count=1028 542 430 225 486 111 64 112 83 140 42 47 114 205 31 98 67 33 346
is_linear=0
shrinkage=0.03


Tree=15
num_leaves=20
num_cat=0
split_feature=3 0 13 13 3 11 1 2 8 2 1 7 1 11 11 16 3 1 13
split_gain=159.12 33.3291 20.0097 14.1825 13.8419 13.2523 16.3495 8.63495 6.94778 6.89663 5.61118 5.21137 5.43348 5.18309 4.38989 3.75991 3.56775 3.34614 2.47031
threshold=94.701360502714905 73.641156708834203 7.2139460242311008e-06 9.5323283620818009e-07 116.50507848568795 0.97242452630754772 5.3887504803264781 65.471590826249894 760.75091575091585 67.361711322385489 6.9635904559708584 32.392686804451522 6.741262112239597 -0.78967331411456632 -0.18368706040801933 0.39881357659278421 93.22985957132299 8.9616609325933236 6.2333943030138504e-07
decision_type=2 2 2 2 2 2 2 2 2 2 2 2 2 2 2 2 2 2 2
left_child=1 15 4 13 5 6 14 -8 -5 -7 -11 12 -10 -3 -2 17 18 -1 -15
right_child=2 3 -4 8 -6 9 7 -9 11 10 -12 -13 -14 16 -16 -17 -18 -19 -20
leaf_value=-0.042085130084493813 -0.030898290427157558 -0.047437307483208783 0.042726043609812081 0.03712139966172074 0.04154938082817395 -0.052656765364563679 0 0.030269800442588247 0.001962916651166908 -0.023658605181261602 0.021910304473119532 0.030220922546958115 -0.038997257183324467 -0.039556964302859855 0.012156678432368041 -0.0035251549744404519 0.0077151287238869069 -0.012511835096209014 -0.0043484718309284654
leaf_weight=66.082218959927559 7.3006861805915833 6.4594347327947643 32.665149137377739 5.821192383766177 14.597284778952597 3.5517908930778495 11.180071607232092 35.970651850104332 11.709915578365328 5.5386832952499372 4.1434680670499802 3.968672662973403 3.7262611389160147 4.6282629370689374 2.8118928521871549 2.7804623097181311 4.2959273308515549 4.0521279126405707 3.2686324566602707
leaf_count=371 36 33 108 19 48 19 45 124 48 25 15 14 18 24 11 13 17 19 14
internal_value=-0.00184141 -0.0266533 0.0227432 -0.00589383 0.014996 0.00940424 0.0156831 0.0231299 0.00867606 -0.0174531 -0.00382612 0 -0.00791905 -0.0256999 -0.0186309 -0.0390796 -0.0136477 -0.0404394 -0.0255954
internal_weight=234.553 116.793 117.76 43.8783 85.0945 70.4972 57.2633 47.1507 25.226 13.2339 9.68215 19.4048 15.4362 18.6523 10.1126 72.9148 12.1928 70.1343 7.8969
internal_count=1021 590 431 187 323 275 216 169 99 59 40 80 66 88 47 403 55 390 38
is_linear=0
shrinkage=0.03


Tree=16
num_leaves=20
num_cat=0
split_feature=3 8 17 12 17 12 10 3 7 6 5 8 6 16 3 14 5 12 16
split_gain=151.089 31.7044 30.9066 12.6415 11.5563 10.9251 8.8666 8.93926 11.3384 6.25904 6.82817 5.27158 5.46186 4.18938 4.52758 3.14925 6.22132 3.10682 2.02287
threshold=94.701360502714905 815.17857142857156 2.5726621759218928 0.0015733427055044001 3.3918156667393649 0.00032131615489825008 -0.72930409489146053 115.86228939317841 13.921188630490958 68.060604257855147 49.960915540365612 764.22932330827086 61.1261222775425 0.058101242899132606 92.206477732793545 163.34082991824422 56.941583843252204 0.0012019493680604503 0.39634719431705034
decision_type=2 2 2 2 2 2 2 2 2 2 2 2 2 2 2 2 2 2 2
left_child=1 5 15 6 18 13 -4 8 -8 11 -11 -7 -13 14 -1 -2 -17 -6 -3
right_child=2 4 3 -5 17 9 7 -9 -10 10 -12 12 -14 -15 -16 16 -18 -19 -20
leaf_value=-0.030910364186860714 -0.039183979437556228 -0.043595047977170828 -0.029804784984412108 0.04193451721179238 -0.019815353339336088 0.035382632535824403 0.0033124841950044111 0.044910008512482537 0.031445360631659917 -0.046398926642634467 0.0071302773056455644 -0.010721136160921921 0.02768661217467654 -0.044344293941083142 0.013841419292221767 0.015984433087410339 -0.039488050883450344 0.018454110048968048 -0.014105081639268047
leaf_weight=4.5772310644388181 5.4121784120798093 61.72023418545723 2.9616847038269034 36.447271630167961 4.2269784212112418 6.6363425701856675 27.823197588324547 12.616621911525725 24.410576045513153 3.7837539166212064 4.5637217462062836 9.1529404073953611 5.0798438638448706 6.7402089387178421 3.4143102914094925 4.0002137869596481 3.1265142560005188 3.2813610136508942 2.6064454764127722
leaf_count=23 29 355 14 122 21 22 110 41 84 19 18 40 18 35 13 15 16 13 13
internal_value=-0.00180243 -0.0260884 0.0222486 0.0276131 -0.038362 -0.00591724 0.0198211 0.022176 0.0165522 0.00462576 -0.0170404 0.013475 0.00287525 -0.026919 -0.0114851 -0.0219844 -0.00814603 -0.00267346 -0.0424705
internal_weight=232.582 115.783 116.798 104.259 71.835 43.9484 67.8121 64.8504 52.2338 29.2166 8.34748 20.8691 14.2328 14.7318 7.99154 12.5389 7.12673 7.50834 64.3267
internal_count=1021 590 431 371 402 188 249 235 194 117 37 80 58 71 36 60 31 34 368
is_linear=0
shrinkage=0.03


Tree=17
num_leaves=20
num_cat=0
split_feature=17 0 13 2 5 12 2 2 12 2 12 7 10 12 10 17 1 2 2
split_gain=140.202 45.2517 19.4569 36.3599 16.6551 10.1044 9.21609 8.8718 8.23344 9.46317 5.69085 4.98855 4.3856 3.98594 3.81759 3.62121 4.01862 2.1717 1.87669
threshold=3.2992275097903394 73.641156708834203 1.2396689070171034e-06 74.933155080213922 26.982850512654217 0.0019616046284391506 59.701522694943755 65.779210266825629 0.00032131615489825008 69.594082567295985 0.0015733427055044001 13.921188630490958 0.35778539367699963 0.0029772915479096005 -0.42290719307622948 4.7449695456918368 5.455200471993769 62.827260277650986 65.88239346860037
decision_type=2 2 2 2 2 2 2 2 2 2 2 2 2 2 2 2 2 2 2
left_child=1 13 3 8 12 7 10 17 -2 -10 -4 -8 -3 18 -9 16 -5 -6 -1
right_child=2 4 6 15 5 -7 11 14 9 -11 -12 -13 -14 -15 -16 -17 -18 -19 -20
leaf_value=-0.043604035780765854 -0.047172347063976473 -0.047382978816688737 -0.019786487292350986 -0.008267442168851568 -0.042095572109350762 0.040478792201219652 0.012242229751271079 -0.016547229435916508 -0.033691528248332492 0.026188660572721231 0.025370798884874424 0.040608972796596858 -0.012765247469734071 -0.0009648053401084477 0.014945129097943982 0.041290438612754159 0.032233598874850417 -0.012682490552644752 -0.023336330784405647
leaf_weight=58.500347569584846 8.3483590483665484 7.615729555487631 4.2675809711217862 3.5276906341314334 3.558907747268675 6.2696795463562003 6.7317487299442282 4.0037263929843894 5.0249196588993055 4.2962294667959213 5.7248656749725342 51.375000014901161 6.4292343109846115 2.3710726648569098 20.264823943376545 13.823825299739836 5.25309719145298 7.5315114259719849 5.5466686785221091
leaf_count=342 44 42 20 15 18 21 26 18 24 15 21 173 29 11 77 45 18 33 29
internal_value=-0.00176555 -0.0238137 0.0230449 0.00640051 -0.00379149 0.00569096 0.0328207 -0.000489602 -0.0256655 -0.00578857 0.00578278 0.0374009 -0.0319507 -0.0405208 0.00957996 0.0316006 0.0157146 -0.022681 -0.0419347
internal_weight=230.465 122.092 108.373 40.2741 55.6736 41.6286 68.0992 35.359 17.6695 9.32115 9.99245 58.1067 14.045 66.4181 24.2686 22.6046 8.78079 11.0904 64.047
internal_count=1021 620 401 161 238 167 240 146 83 39 41 199 71 382 95 78 33 51 371
is_linear=0
shrinkage=0.03


Tree=18
num_leaves=20
num_cat=0
split_feature=3 0 17 13 13 17 10 3 11 0 11 13 3 15 10 14 13 17 16
split_gain=136.929 29.7853 27.9738 12.4534 12.1214 10.7133 8.16304 8.35203 7.40156 5.22561 4.78076 4.77521 3.12306 3.09584 5.78472 2.92538 6.42864 2.28863 2.01748
threshold=94.701360502714905 73.641156708834203 2.5726621759218928 9.5323283620818009e-07 3.2550515910775245e-06 3.3918156667393649 -0.72930409489146053 115.86228939317841 -0.45782953914798352 78.89603466756752 -0.78967331411456632 2.6890627847283072e-06 93.22985957132299 12.483281330688941 0.40556148212077875 163.34082991824422 2.3648483415368424e-06 3.0386216273406639 0.39634719431705034
decision_type=2 2 2 2 2 2 2 2 2 2 2 2 2 2 2 2 2 2 2
left_child=1 5 15 10 6 18 -4 8 -8 13 -3 -7 17 14 -5 -2 -17 -12 -1
right_child=2 3 4 9 -6 11 7 -9 -10 -11 12 -13 -14 -15 -16 16 -18 -19 -20
leaf_value=-0.042363466039584206 -0.037784976957200046 -0.045232395333243997 -0.029209057277581052 0.0072929647402904044 0.0398790221027523 -0.026109633775473359 0.027435867725738534 0.043934948767075585 0.0040463315133678762 0.03416349513023114 -0.010617466690330849 0.021153995716457371 0.007407133036416322 0.017024211751815743 -0.034054333636647116 0.017025146987825184 -0.039573681898789528 -0.045709443387199948 -0.012793857979660811
leaf_weight=60.073486879467964 5.2977320551872236 6.3589261323213604 2.9559772461652747 8.1209222078323418 38.514904230833054 3.8363189399242392 23.5527099519968 11.435979872941969 25.902459248900417 5.3646234869956961 5.0132390856742841 3.6346825957298279 4.2768521755933762 6.9000652879476538 4.677207648754119 3.966044083237648 3.1087079793214798 2.7554330378770828 2.5660440474748603
leaf_count=356 29 33 14 32 133 20 83 38 103 18 23 14 17 26 23 15 16 15 13
internal_value=-0.00173159 -0.0250836 0.0213606 -0.00547225 0.0265234 -0.0371745 0.0183701 0.0207732 0.0152789 0.00819191 -0.0241857 -0.00274368 -0.012547 0.000830422 -0.00773211 -0.0209829 -0.00763168 -0.0238681 -0.0412223
internal_weight=228.312 113.578 114.735 43.4673 102.362 70.1105 63.8471 60.8911 49.4552 25.0628 18.4045 7.471 12.0455 19.6982 12.7981 12.3725 7.07475 7.76867 62.6395
internal_count=1021 590 431 187 371 403 238 224 186 99 88 34 55 81 55 60 31 38 369
is_linear=0
shrinkage=0.03


Tree=19
num_leaves=20
num_cat=0
split_feature=17 0 13 2 13 13 2 14 2 2 9 13 11 10 6 13 2 16 16
split_gain=127.413 41.7853 18.0913 33.7301 13.7147 8.9499 8.89331 6.72801 9.45654 6.28565 4.52349 3.86967 3.68485 3.62162 5.29768 3.42819 2.41647 2.2162 1.98665
threshold=3.2992275097903394 73.641156708834203 1.2396689070171034e-06 74.933155080213922 6.2333943030138504e-07 6.035743141245428e-06 59.701522694943755 176.69700516301651 69.594082567295985 65.779210266825629 609.28571428571433 4.3779554865927714e-06 2.3613725359988544 0.48639956295074371 40.340651487113142 7.8172482522853667e-06 62.827260277650986 0.016994541994323906 0.39634719431705034
decision_type=2 2 2 2 2 2 2 2 2 2 2 2 2 2 2 2 2 2 2
left_child=1 15 3 7 10 9 11 -2 -9 16 -3 -4 -11 14 -5 18 -6 -8 -1
right_child=2 4 6 13 5 -7 17 8 -10 12 -12 -13 -14 -15 -16 -17 -18 -19 -20
leaf_value=-0.041866867851061348 -0.04549311710636119 -0.0065253427724853508 -0.014638371467720256 -0.0034876627756171763 -0.040727697236342439 0.039027491389916548 0.014078442278469933 -0.034052515706641896 0.025086206352595199 0.012847046635829857 -0.043102550008102272 0.022438836822342184 -0.017466811332351027 0.042074887032170424 0.038369500515200286 -0.0033723158915087452 -0.0095247703122948377 0.038013756695275285 -0.012470554052332534
leaf_weight=59.415769681334496 7.863272204995158 5.0970119237899771 4.572779178619383 5.3514108955860156 3.3615549802780134 5.8041532039642325 4.3345613181591025 5.3730323165655118 4.2443152964115143 20.564515396952633 8.509321063756941 5.335797131061554 4.2093434482812873 11.766124069690703 5.1701172143220901 2.4950655698776236 7.6397987753152847 52.481706038117409 2.5563340634107581
leaf_count=357 42 24 21 22 17 20 17 26 15 79 46 20 19 39 17 12 33 182 13
internal_value=-0.00169748 -0.0229446 0.0221462 0.00601488 -0.00370919 0.00479688 0.0316923 -0.0250083 -0.00765519 -0.000766364 -0.029767 0.00505278 0.00752628 0.030484 0.0169655 -0.0393329 -0.0196103 0.0362684 -0.0407247
internal_weight=226.146 119.653 106.493 39.7683 55.1857 41.5794 66.7248 17.4806 9.61735 35.7752 13.6063 9.90858 24.7739 22.2877 10.5215 64.4672 11.0014 56.8163 61.9721
internal_count=1021 620 401 161 238 168 240 83 41 148 70 41 98 78 39 382 50 199 370
is_linear=0
shrinkage=0.03


Tree=20
num_leaves=20
num_cat=0
split_feature=3 17 0 13 10 13 2 11 14 9 9 11 14 14 17 15 13 17 17
split_gain=119.287 30.8199 24.7177 16.2245 12.488 11.96 13.2306 9.48781 6.57616 8.489 5.99475 13.0343 5.22282 7.33891 6.0066 3.5096 2.6211 2.00574 1.47951
threshold=93.437268002969574 2.5980496513623446 73.641156708834203 7.8979539476442157e-07 -0.95420002508748991 5.7162776198724939e-06 67.039148845101451 -0.48728331428145666 163.34082991824422 808.21428571428589 638.92857142857144 1.4710575643548343 235.26307619485837 206.79323788140445 2.4211725651372489 12.45366939567891 2.3648483415368424e-06 3.4392550268835396 2.9352223645247393
decision_type=2 2 2 2 2 2 2 2 2 2 2 2 2 2 2 2 2 2 2
left_child=2 8 4 -4 -1 6 7 16 -2 -10 18 -12 13 14 -5 -9 -3 -6 -8
right_child=1 5 3 12 17 -7 10 15 9 -11 11 -13 -14 -15 -16 -17 -18 -19 -20
leaf_value=0.0094216794878136008 -0.044747170702296994 0.032926278164789026 -0.03305056874376202 0.038289757037501877 -0.040283958255209029 0.040977433020864922 0.017649238559581823 -0.041652584312133888 0.014964254022721189 -0.042981221043328112 0.024450361289604969 -0.031197316381452418 0.032207603056722767 -0.028633861073479334 -0.0041857311423734401 -0.0015892201994071457 0.00035512345708350017 -0.019576002000509313 0.039480402530029435
leaf_weight=5.1890027821063986 5.628045141696929 4.6945556849241274 11.129606276750563 5.1841151565313393 54.594073325395584 32.878006711602211 4.0568561255931881 5.1187091469764692 6.7313309311866742 3.296343594789505 27.91755323112011 4.2490238696336737 7.0105614066123954 4.9927010685205451 6.6294034272432327 3.4305034875869751 4.5051310062408447 5.5137571096420279 23.185272052884102
leaf_count=22 32 16 58 17 334 116 15 25 25 19 101 20 24 24 28 14 18 28 79
internal_value=0.000662256 0.0201353 -0.0237201 -0.00324697 -0.0346096 0.0257493 0.0191768 -0.00338851 -0.019045 -0.00402395 0.0259632 0.0169327 0.0106348 0.00132119 0.0143669 -0.0261276 0.017474 -0.0384699 0.0364155
internal_weight=225.935 125.691 100.243 34.9464 65.2968 110.036 77.1576 17.7489 15.6557 10.0277 59.4087 32.1666 23.8168 16.8062 11.8135 8.54921 9.19969 60.1078 27.2421
internal_count=1015 480 535 151 384 404 288 73 76 44 215 121 93 69 45 39 34 362 94
is_linear=0
shrinkage=0.03


Tree=21
num_leaves=20
num_cat=0
split_feature=3 17 8 13 10 13 2 7 14 9 9 11 2 14 5 17 11 3 16
split_gain=113.449 29.3186 23.8128 15.3873 12.0567 11.7107 12.5965 13.2213 6.30949 8.09953 5.81991 12.3234 5.81646 4.93705 7.32477 7.93063 4.26655 2.05211 1.49226
threshold=93.437268002969574 2.5980496513623446 815.17857142857156 7.8979539476442157e-07 -0.95420002508748991 5.7162776198724939e-06 67.039148845101451 26.928147659854982 163.34082991824422 808.21428571428589 638.92857142857144 1.4710575643548343 62.268381140784705 235.26307619485837 41.469667949678239 2.4211725651372489 -0.3093629468715004 91.007690790771065 0.061494316618309307
decision_type=2 2 2 2 2 2 2 2 2 2 2 2 2 2 2 2 2 2 2
left_child=2 8 3 18 -4 6 7 16 -2 -10 -8 -12 -9 14 15 -5 -3 -6 -1
right_child=1 5 4 13 17 -7 10 12 9 -11 11 -13 -14 -15 -16 -17 -18 -19 -20
leaf_value=-0.021371079719578544 -0.044048219501390325 -0.0037307679994231669 0.0091315591593088396 0.039564655633964094 -0.039215521915250809 0.040447112156510201 0.035770211125665849 -0.004797884063562536 0.014550533046055886 -0.042335654430069862 0.023835370166114391 -0.030288054078215627 0.04399944121633801 0.031346933262914517 -0.032996869456117947 -0.0076970181702885566 -0.046094361270422456 -0.011349061421561476 -0.045784416278276195
leaf_weight=6.3443669527769071 5.5486171692609778 3.8952708691358566 5.1963105946779242 5.5027587860822731 56.265203461050987 32.319577664136887 26.912943229079247 3.6871123313903791 6.7180894017219526 3.2484597414731979 27.783363506197929 4.2482926100492469 4.9418385028839111 6.9900078922510138 4.0834105908870688 7.1924289911985397 5.2009231746196765 2.9078848361968985 4.6927240639925003
leaf_count=32 32 16 22 18 348 116 94 15 25 19 101 20 16 24 20 31 26 14 26
internal_value=0.000647667 0.0197224 -0.0232643 -0.0031629 -0.0340652 0.0252258 0.018726 -0.00328638 -0.018659 -0.00392909 0.0253904 0.0164918 0.0229888 0.0103379 0.00127391 0.0127033 -0.028517 -0.0379182 -0.0323384
internal_weight=223.68 124.504 99.1751 34.8057 64.3694 108.989 76.6697 17.7251 15.5152 9.96655 58.9446 32.0317 8.62895 23.7686 16.7786 12.6952 9.09619 59.1731 11.0371
internal_count=1015 480 535 151 384 404 288 73 76 44 215 121 31 93 69 49 42 362 58
is_linear=0
shrinkage=0.03


Tree=22
num_leaves=20
num_cat=0
split_feature=3 17 0 13 10 13 9 11 1 16 11 11 11 17 17 7 7 1 3
split_gain=107.934 27.9007 22.9427 14.6427 11.6479 11.4702 11.253 15.0824 6.94903 5.79738 5.47759 3.92358 3.82182 3.58943 2.79942 9.60768 7.14407 2.11078 1.77812
threshold=93.437268002969574 2.5980496513623446 73.641156708834203 9.762288679027428e-07 -0.95420002508748991 5.7162776198724939e-06 638.92857142857144 1.9301860155089103 6.8110956844138268 0.068095968317836264 -0.48728331428145666 -0.77672946450137414 -0.95359092033710469 3.0386216273406639 2.4801615628267126 23.606811145510843 23.606811145510843 9.5044670621973015 115.86228939317841
decision_type=2 2 2 2 2 2 2 2 2 2 2 2 2 2 2 2 2 2 2
left_child=2 8 4 11 -1 6 18 10 -2 -10 -8 -4 -5 -13 16 -16 -14 -6 -3
right_child=1 5 3 12 17 -7 7 -9 9 -11 -12 13 14 -15 15 -17 -18 -19 -20
leaf_value=0.0088510776514196185 -0.037122138569464273 0.025618327738430695 -0.046554791983107399 0.038014941958951824 -0.0387185806697024 0.0399417114146721 0.02514222760091913 -0.040886599457690485 0.025426191995658438 -0.028318517366365748 0.0038010911930362683 0.0033581537967171788 0.045825907166941619 -0.03453372100207857 -0.038991527392420414 0.024699727523461012 -0.010190150425436023 -0.010452439232143685 0.042341373253406027
leaf_weight=5.2032087743282309 8.1515814960002881 14.417310103774073 5.432344824075698 4.2809382677078238 55.343539640307426 31.75646685063839 23.094104468822476 4.6892870962619773 4.2446210086345664 2.9747006148099899 21.082552045583729 4.858447924256323 4.1143520027399125 3.8755029141902924 4.0156873315572721 4.2874261438846588 3.7956840991973877 2.8849586844444266 12.862347006797789
leaf_count=22 46 52 30 14 348 116 83 23 15 15 85 21 13 21 20 15 17 14 45
internal_value=0.00063123 0.0193242 -0.0228256 -0.00308781 -0.0335416 0.0247218 0.0182909 0.00955461 -0.0182872 0.00278663 0.0150569 -0.0265097 0.0130067 -0.0133165 0.00602705 -0.00584411 0.0187801 -0.0373899 0.0337387
internal_weight=221.365 123.273 98.0921 34.6604 63.4317 107.902 76.1456 48.8659 15.3709 7.21932 44.1767 14.1663 20.4941 8.73395 16.2131 8.30311 7.91004 58.2285 27.2797
internal_count=1015 480 535 151 384 404 288 191 76 30 168 72 79 42 65 35 30 362 97
is_linear=0
shrinkage=0.03


Tree=23
num_leaves=20
num_cat=0
split_feature=3 17 0 13 9 11 13 10 13 1 1 15 0 12 11 3 11 11 15
split_gain=102.723 26.7005 18.453 15.2542 12.6506 15.9947 14.245 9.10659 7.1518 6.03325 4.93269 4.45403 3.0718 2.52886 2.10763 1.33751 1.16447 0.963659 0.334359
threshold=92.004491535183703 2.3964569750037366 73.641156708834203 5.7162776198724939e-06 669.28571428571433 0.82202411083746296 9.1122090893599501e-07 -0.90191751097290362 7.8979539476442157e-07 6.8110956844138268 5.4394107051894549 12.413915418878533 75.692262775953111 0.00044127502523125007 -0.30360062695456158 88.701260470468611 1.600072034346627 1.848197494141089 12.829325175386026
decision_type=2 2 2 2 2 2 2 2 2 2 2 2 2 2 2 2 2 2 2
left_child=2 9 7 4 10 6 -6 -1 14 -2 -3 -10 -13 -14 -4 18 -12 -7 -9
right_child=1 3 8 -5 5 17 -8 15 11 -11 16 12 13 -15 -16 -17 -18 -19 -20
leaf_value=0.0043063240904992715 -0.043415599381998536 0.0047689843716204596 -0.043406551873217528 0.03914578864984819 -0.014289916594872176 -0.024154577033354788 0.02289634937802186 -0.039364646040619837 -0.020095582800640902 1.7107281498384926e-05 0.037376515268056514 -0.0015155125341623935 0.0068015231065882975 0.040560740130486224 -0.0097608442762620058 -0.020177029621914078 0.022615160235261521 -0.051745134769342241 -0.022285396582380591
leaf_weight=5.0555835068225852 6.9156004190444929 6.945187732577323 3.9839779585599899 32.664126724004745 13.153842300176619 3.1730220317840567 30.310124561190605 48.483211427927017 4.4183181226253536 4.6480919122695923 21.812874168157581 6.4433127939701071 4.0051037371158582 4.5679478198289871 3.4358588010072735 4.9187088459730139 8.6134642213582975 3.1754743158817291 2.3549330085515967
leaf_count=22 41 28 23 121 59 15 111 313 20 20 77 27 16 15 17 27 32 17 14
internal_value=0.000618748 0.017406 -0.0245021 0.0216226 0.0149858 0.00499547 0.0115665 -0.0336422 -0.00364476 -0.0258499 0.0281729 0.00581231 0.0137163 0.0253955 -0.0285624 -0.0371384 0.0333837 -0.0390088 -0.0386777
internal_weight=219.079 131.412 87.667 119.848 87.184 49.8125 43.464 60.8124 26.8545 11.5637 37.3715 19.4347 15.0164 8.57305 7.41984 55.7569 30.4263 6.3485 50.8381
internal_count=1015 521 494 460 339 202 170 376 118 61 137 78 58 31 40 354 109 32 327
is_linear=0
shrinkage=0.03


Tree=24
num_leaves=20
num_cat=0
split_feature=17 0 13 0 12 0 7 2 10 7 6 14 0 17 6 11 11 6 11
split_gain=87.5492 25.8321 21.2662 25.0051 12.1297 11.5048 19.0593 15.6936 7.71456 5.07571 4.35405 4.15685 3.06939 2.75812 2.18924 1.71536 2.75032 0.806712 4.7636
threshold=2.7437309636937885 74.141274112809228 8.5806203385474208e-06 75.605722229910398 0.00035318168750310007 91.492804909709193 23.166368515205729 67.039148845101451 -0.38395819402536174 22.653958944281531 54.106821657128641 241.19076436976943 101.14876145566858 2.3739694965143676 28.618693775742646 0.057822514863354206 -0.96952954566612803 49.141477518663734 -0.089144937231806429
decision_type=2 2 2 2 2 2 2 2 2 2 2 2 2 2 2 2 2 2 2
left_child=1 17 3 8 10 6 7 -5 -2 13 12 -11 -3 -6 -7 16 -10 18 -1
right_child=2 4 -4 5 9 14 -8 -9 15 11 -12 -13 -14 -15 -16 -17 -18 -19 -20
leaf_value=-0.040108902605969665 0.0076883311295892357 -0.044420277561037683 0.039413045260945245 -0.035813297448002268 0.044497669024162731 0.0095783310027649626 0.036705081512881647 0.007968360829570021 -0.016041084171852873 -0.028078360835145245 0.0066153606858591184 0.017305323539719964 -0.0042839855603634255 0.010788109751178212 0.035539037035896913 -0.0060683652858035788 -0.046019032211341626 -0.039823492547453675 0
leaf_weight=10.165336981415747 6.5871564447879818 6.8285111188888568 26.302973404526711 9.2477491497993451 5.0677666813135165 3.791055083274844 16.164925962686539 34.613655522465706 4.9619492739439002 3.3230464011430731 2.9743876457214347 3.7212861180305481 2.5383124500513077 4.4242476671934128 24.656957492232323 2.5012638121843329 8.039782911539076 37.093401879072189 3.7806487679481497
leaf_count=67 28 40 100 46 16 15 56 141 26 16 12 14 12 17 89 12 46 242 20
internal_value=0.000603445 -0.0243141 0.0151818 0.00935977 -0.00151683 0.0165054 0.00896184 -0.0012548 -0.0190696 0.0151341 -0.0240114 -0.00377711 -0.0340208 0.0293746 0.0322302 -0.0306076 -0.0350171 -0.0371257 -0.029504
internal_weight=216.784 79.9169 136.867 110.564 28.8776 88.4743 60.0263 43.8614 22.0902 16.5363 12.3412 7.04433 9.36682 9.49201 28.448 15.503 13.0017 51.0394 13.946
internal_count=1015 456 559 459 127 347 243 187 112 63 64 30 52 33 104 84 72 329 87
is_linear=0
shrinkage=0.03


Tree=25
num_leaves=20
num_cat=0
split_feature=17 9 13 2 2 12 11 17 0 5 14 17 17 17 1 10 12 9 11
split_gain=94.7281 22.7825 41.654 18.3018 17.9481 10.0175 9.20544 9.00613 7.6701 6.41268 6.36061 5.58813 3.54192 5.41148 3.10616 1.69377 1.39291 0.941101 1.96506
threshold=2.752727462075931 671.78571428571433 9.762288679027428e-07 58.782394076511729 62.686706809326829 0.00093012059810115009 -0.33853856750185235 1.4770963457182194 73.96558101553201 21.042699520198237 240.56267248159568 2.3964569750037366 2.507998511835853 2.2479022495391128 9.5044670621973015 0.20303392947207224 0.00022521712680100001 638.92857142857144 0.89669491983734895
decision_type=2 2 2 2 2 2 2 2 2 2 2 2 2 2 2 2 2 2 2
left_child=4 15 9 8 -1 6 -5 -6 14 -3 12 -12 13 -9 -4 -2 -14 -17 -19
right_child=1 2 3 5 7 -7 -8 10 -10 -11 11 -13 16 -15 -16 17 -18 18 -20
leaf_value=-0.038121832416080352 0.014824740483784942 0.0022402368875031687 -0.041907517222230545 0.025400923485697856 0.024602527561090048 0.038552484431239757 -0.0050032925400915161 -0.026668890364091334 0.023015339456628734 -0.038531975386311007 -0.01831570547072859 0.032057626384556691 -0.02004945992222712 0.0030633537547718986 -0.0022903608892462595 0.039194483921344572 -0.049668118918382305 0.039375920325585831 0.0083846152863176118
leaf_weight=40.393216714262962 4.2578482031822196 4.2416049093008068 6.0430793762207013 24.954370111227036 5.640105500817298 27.27311098575592 13.680774554610251 14.338272720575338 3.2464237362146369 15.959352031350134 3.55862171947956 4.14300537109375 2.897469997406005 8.6069806069135648 2.7581094652414322 31.137118339538574 4.8592271357774734 4.3352268338203412 3.7667635381221771
leaf_count=266 16 18 38 93 24 101 59 81 12 86 18 15 15 39 12 115 27 15 15
internal_value=0.00144775 0.016449 0.00838329 0.0183559 -0.0236729 0.0245841 0.0145722 -0.0102973 -0.0153914 -0.0298544 -0.0155514 0.00846111 -0.0216802 -0.015421 -0.0299946 0.0345205 -0.0393821 0.0365383 0.0256112
internal_weight=226.091 141.654 98.1568 77.9559 84.4369 65.9083 38.6351 44.0437 12.0476 20.201 38.4036 7.70163 30.702 22.9453 8.80119 43.497 7.7567 39.2391 8.10199
internal_count=1065 580 419 315 485 253 152 219 62 104 195 33 162 120 50 161 42 145 30
is_linear=0
shrinkage=0.03


Tree=26
num_leaves=20
num_cat=0
split_feature=3 17 2 13 17 13 0 7 2 3 14 5 1 6 3 13 4 17 17
split_gain=96.5973 26.2547 17.2705 8.81617 8.21631 9.86814 7.44008 6.92483 20.5515 10.1595 6.58566 6.52965 8.18622 5.35299 5.33555 3.05621 4.31448 2.28662 2.17892
threshold=94.488308533252379 2.752727462075931 60.475193332365812 7.8151665552929883e-07 3.1556723335469896 1.3156718094215843e-06 73.96558101553201 17.192118226600989 67.578482998586466 106.19485999232835 102.11199379183616 49.001625525117511 3.9709532568090329 40.340651487113142 113.66732586244784 3.539006902675014e-07 32.42989652182748 3.7117665998028868 2.4476016609535622
decision_type=2 2 2 2 2 2 2 2 2 2 2 2 2 2 2 2 2 2 2
left_child=2 14 6 10 11 -6 17 8 -3 13 -4 12 -5 -10 15 -2 -17 -1 -13
right_child=1 7 3 4 5 -7 -8 -9 9 -11 -12 18 -14 -15 -16 16 -18 -19 -20
leaf_value=-0.03912234855145906 -0.042090600301762447 -0.047074419966477973 6.2283575543893035e-05 -0.031394982716880057 -0.016929148305986238 0.03334021354506761 0.012853514420793849 0.034473816756277982 -0.022078560420916968 0.036341947412445896 -0.040796726669437927 -0.041572649797229896 0.0074833673829420534 0.015825095400143787 0.018397123504556655 0.0081602882360828511 -0.031264500052037597 -0.010849555716671226 -0.0068053084688423828
leaf_weight=37.044692814350128 4.4131126850843456 3.8601832389831534 4.9485594928264645 6.5280763804912594 5.2760825008153907 9.8245061337947828 2.7476123124361029 49.947690442204475 4.2352570295333889 25.605229020118713 11.274359986186026 6.6011252254247648 18.170218080282211 14.217482686042784 3.6933508664369574 4.8383243381977064 4.8120260685682297 3.1895653307437888 2.4901951402425766
leaf_count=252 27 20 24 39 24 34 11 191 19 94 66 42 80 54 14 21 25 16 12
internal_value=0.00141991 0.0204843 -0.0189445 -0.00911512 -0.00266795 0.0155831 -0.0337097 0.0265802 0.0182351 0.0241188 -0.0282255 -0.0109348 -0.00275687 0.00689167 -0.0129053 -0.0214096 -0.0113097 -0.0369879 -0.0325536
internal_weight=223.718 115.623 108.095 65.1131 48.8902 15.1006 42.9819 97.8658 47.9182 44.058 16.2229 33.7896 24.6983 18.4527 17.7568 14.0635 9.65035 40.2343 9.09132
internal_count=1065 465 600 321 231 58 279 378 187 167 90 173 119 73 87 73 46 268 54
is_linear=0
shrinkage=0.03


Tree=27
num_leaves=20
num_cat=0
split_feature=17 9 13 2 2 7 2 7 9 17 0 7 6 17 1 10 13 2 17
split_gain=85.7582 21.3856 38.2509 17.2719 16.7307 12.0081 14.7132 9.36971 9.34077 8.60824 6.98709 6.15006 6.47204 3.87168 2.95906 1.66747 1.64329 1.47736 1.20042
threshold=2.752727462075931 671.78571428571433 9.762288679027428e-07 62.686706809326829 58.782394076511729 22.361111111111114 68.796114941911952 5.798319327731094 755.00000000000011 1.4770963457182194 73.96558101553201 4.8199767711962842 40.340651487113142 2.0898392213753794 9.5044670621973015 0.20303392947207224 1.5600616820348554e-06 87.227508389334119 3.0386216273406639
decision_type=2 2 2 2 2 2 2 2 2 2 2 2 2 2 2 2 2 2 2
left_child=3 15 11 -1 10 6 -6 17 -9 -10 14 12 -3 -11 -4 -2 -7 -5 -13
right_child=1 2 4 7 5 16 -8 8 9 13 -12 18 -14 -15 -16 -17 -18 -19 -20
leaf_value=-0.037290165307434807 0.014004201565098229 -0.031135326232076248 -0.041046682908808661 -0.043407677378536069 -0.018315047836157256 0.013112749088471367 0.027910195920531143 0.030777971906933647 0.024754856805007483 -0.034200318784724563 0.021913100302674297 -0.022066952721954053 0.023118421603531343 -0.0074293996409624781 -0.002100453233137423 0.03563461500328672 0.035834288292937271 -0.018950896097554019 -0.047909459035163728
leaf_weight=39.003044307231903 4.2155293077230445 4.4736049473285702 5.8536795973777753 6.3012446463108045 11.130767598748209 3.7460111230611792 13.63983930647373 6.3517071008682242 5.1435457915067699 8.1630860716104525 3.1910120993852606 2.8776822984218589 3.3459420949220657 12.933175787329672 2.7433282136917114 38.088100522756577 36.161863476037979 4.6926232874393463 9.2477959692478162
leaf_count=266 16 23 38 38 51 15 50 22 22 49 12 15 13 62 12 145 137 26 53
internal_value=0.00138871 0.0158078 0.0079484 -0.0227831 0.017624 0.0236288 0.00702796 -0.00967699 -0.00146996 -0.00947712 -0.0149928 -0.0288995 -0.00754285 -0.0180423 -0.0291308 0.033588 0.0338146 -0.0335039 -0.0422524
internal_weight=221.304 138.715 96.4115 82.5884 76.4665 64.6785 24.7706 43.5854 32.5915 26.2398 11.788 19.945 7.81955 21.0963 8.59701 42.3036 39.9079 10.9939 12.1255
internal_count=1065 580 419 485 315 253 101 219 155 133 62 104 36 111 50 161 152 64 68
is_linear=0
shrinkage=0.03


Tree=28
num_leaves=20
num_cat=0
split_feature=3 17 2 5 8 2 7 2 3 9 14 17 1 3 16 5 4 16 17
split_gain=87.5736 24.0671 16.2565 7.79087 7.49687 10.1347 6.70113 19.1015 9.64985 6.32141 5.74201 5.53798 4.99209 4.91378 4.027 2.66944 3.72351 1.83788 2.86122
threshold=94.488308533252379 2.752727462075931 60.475193332365812 32.397945907095824 886.93610986714441 66.508355232803083 17.192118226600989 67.578482998586466 106.19485999232835 823.92857142857167 102.11199379183616 1.4460183284052499 5.3887504803264781 113.66732586244784 0.023465128209159306 16.153543342399448 32.42989652182748 0.015982005348161753 2.5980496513623446
decision_type=2 2 2 2 2 2 2 2 2 2 2 2 2 2 2 2 2 2 2
left_child=2 13 9 10 5 11 7 -3 12 -1 -4 -5 -9 15 -7 -2 -17 18 -11
right_child=1 6 3 4 -6 14 -8 8 -10 17 -12 -13 -14 -15 -16 16 -18 -19 -20
leaf_value=0.0019638758725347939 -0.040937938476584362 -0.045716499724244443 0.00060984349437724758 0.012606333079898696 0.044971215600632768 -0.010469708481854603 0.033576470458980136 -0.018242287642860643 0.03533862180509955 -0.037041277442723189 -0.037267646170298006 -0.021131571881219235 0.016243522171027727 0.017703682454185705 0.024696232929120408 0.0061407515213537586 -0.030251703311624804 -0.039565266326592581 0.0055112585075155068
leaf_weight=4.0595265775918952 4.1148600727319744 3.8344811350107184 4.9088671803474453 5.110452592372897 2.7201133072376242 3.8358631432056418 48.435736745595932 5.1182950288057354 24.868593946099281 3.1855122148990622 11.975044295191763 25.132469460368156 13.211420372128485 3.6673898845911017 10.57684415578842 4.9932534843683225 4.7642703503370285 32.027657210826874 2.2765040546655655
leaf_count=18 26 20 24 25 10 17 191 23 94 23 71 135 50 14 39 22 25 226 12
internal_value=0.00135987 0.0197284 -0.0182303 -0.00868831 -0.00236379 -0.00540818 0.0256693 0.0174086 0.0231738 -0.0328595 -0.0261397 -0.0153089 0.00640437 -0.0123997 0.0151226 -0.0206424 -0.0114508 -0.0367053 -0.0189863
internal_weight=218.817 113.008 105.809 64.2597 47.3757 44.6556 95.4685 47.0328 43.1983 41.5492 16.8839 30.2429 18.3297 17.5398 14.4127 13.8724 9.75752 37.4897 5.46202
internal_count=1065 465 600 321 226 216 378 187 167 279 95 160 73 87 56 73 47 261 35
is_linear=0
shrinkage=0.03


Tree=29
num_leaves=20
num_cat=0
split_feature=17 9 13 8 8 17 7 0 7 6 0 7 0 7 6 10 8 17 9
split_gain=78.1966 19.9226 35.2904 12.9315 10.0327 9.69462 7.73046 15.0605 5.83933 5.98149 5.08718 3.87118 9.53921 6.96823 2.99694 1.64967 1.45748 1.1982 0.961012
threshold=2.752727462075931 671.78571428571433 9.762288679027428e-07 850.59543817527015 936.58986175115228 1.4460183284052499 22.361111111111114 80.146797097772904 4.8199767711962842 40.340651487113142 74.762110204117604 5.798319327731094 76.995492956142201 11.237373737373739 67.325275937853021 0.20303392947207224 612.69345238095241 3.0386216273406639 638.92857142857144
decision_type=2 2 2 2 2 2 2 2 2 2 2 2 2 2 2 2 2 2 2
left_child=3 15 8 5 6 -1 7 -4 9 -3 -8 16 13 -13 -14 -2 -7 -10 -17
right_child=1 2 4 -5 -6 11 10 -9 17 -11 -12 12 14 -15 -16 18 -18 -19 -20
leaf_value=0.028040771200580232 0.013156102856765779 -0.030043499917528048 -0.021459336791344288 -0.036378739812331473 -0.037681572898684068 -0.016867532127674702 0.013628671675094611 0.025451200519304051 -0.021031645362252233 0.022263125024238859 0.034278614228558511 0.019198066329033252 0.024895338349054916 -0.029421493033031636 -0.0068005261695786631 0.037534240867210675 -0.041892028948820874 -0.046910293095141969 0.023705631278361446
leaf_weight=4.7845572382211676 4.1704207956790915 4.4237976372242001 10.5404249727726 33.26751808822155 2.7769165933132163 4.2054476737976056 18.348191156983376 14.448295652866362 2.8426523357629767 3.3382930904626846 28.859672948718071 2.9431505501270321 6.3608018159866315 18.602158918976784 4.3292731046676636 29.126033738255501 6.2529625594615936 9.0501975417137128 7.8326394706964484
leaf_count=20 16 23 50 240 19 23 82 54 15 13 110 13 23 109 18 115 39 53 30
internal_value=0.00133241 0.0152466 0.00761291 -0.0220143 0.0170187 -0.0118309 0.0192133 0.00553775 -0.0280178 -0.00716903 0.0263618 -0.0164244 -0.0110746 -0.0225833 0.011837 0.0326761 -0.0323686 -0.0412018 0.0347564
internal_weight=216.503 135.758 94.6284 80.7459 74.9735 47.4784 72.1966 24.9887 19.6549 7.76209 47.2079 42.6938 32.2354 21.5453 10.6901 41.1291 10.4584 11.8928 36.9587
internal_count=1065 580 419 485 315 245 296 104 104 36 192 225 163 122 41 161 62 68 145
is_linear=0
shrinkage=0.03


Tree=30
num_leaves=20
num_cat=0
split_feature=3 0 14 13 3 1 2 14 11 13 13 16 14 11 10 10 1 9 0
split_gain=84.8311 25.7042 16.0814 13.0928 10.4835 6.78079 8.85284 10.1385 5.75034 5.60673 5.78893 5.34181 4.74936 4.40461 3.19657 2.64478 2.62187 2.08247 1.78803
threshold=96.220057523145741 73.641156708834203 243.17835524928077 5.7162776198724939e-06 118.14369362240863 5.3887504803264781 69.594082567295985 241.19076436976943 1.9301860155089103 9.0358532911734588e-07 1.0629852228301744e-06 0.023465128209159306 102.11199379183616 -0.020149048374488096 -1.0357964076926489 0.22472252275902888 9.5044670621973015 757.50000000000011 75.912280805578632
decision_type=2 2 2 2 2 2 2 2 2 2 2 2 2 2 2 2 2 2 2
left_child=1 14 9 4 5 13 7 -7 -8 12 -11 -12 -3 15 -1 -2 -16 -14 -4
right_child=3 2 18 -5 -6 6 8 -9 -10 10 11 -13 17 -15 16 -17 -18 -19 -20
leaf_value=-0.0073361693850815552 -0.047862863053737756 0.0020590907612868287 0.013765629296218022 0.03705308200989902 0.038386819452025309 -0.036544018838106158 0.028196145248965993 0.011261711657181104 -0.01072638035778903 0.019523638860088604 -0.043022964734318048 -0.0015150177785025472 -0.045418568083914139 0.0066793394949309515 -0.03553664752945488 -0.0061874983144191847 -0.0061043622207117192 -0.019630152913655746 0.041830430323444745
leaf_weight=4.7673317044973365 3.4627463072538376 4.4318149983882931 3.8802264630794507 27.727452173829079 11.619828373193739 5.7908522337675121 24.052366465330127 12.193038210272787 3.803203046321868 7.6987803876400021 3.7119011580944052 11.064134269952772 6.5777929872274381 4.892133414745329 52.979968145489693 2.5789641886949539 3.1822989434003821 6.344577968120575 5.9533972293138504
leaf_count=24 21 20 15 115 46 29 91 50 17 29 19 47 38 21 377 13 15 34 20
internal_value=-0.000950716 -0.0188735 -0.00277555 0.0196374 0.0124893 0.00707795 0.0121748 -0.0040829 0.0227553 -0.0113232 -0.00126923 -0.012363 -0.0240901 -0.0139349 -0.0319194 -0.0309522 -0.0339361 -0.0332354 0.0313085
internal_weight=206.713 110.592 49.6626 96.1206 68.3931 56.7733 45.8395 17.9839 27.8556 39.829 22.4748 14.776 17.3542 10.9338 60.9296 6.04171 56.1623 12.9224 9.83362
internal_count=1041 638 222 403 288 242 187 79 108 187 95 66 92 55 416 34 392 72 35
is_linear=0
shrinkage=0.03


Tree=31
num_leaves=20
num_cat=0
split_feature=17 0 13 0 14 0 10 13 5 0 7 0 7 11 6 10 11 1 12
split_gain=72.2932 23.4661 15.5706 24.1122 12.7252 8.03506 19.7232 5.4236 8.34193 4.69606 4.06552 4.13495 4.00329 4.92391 3.89412 3.61983 3.16178 3.05058 2.0435
threshold=3.0304520902166208 73.641156708834203 1.2396689070171034e-06 90.473911169505413 243.17835524928077 74.762110204117604 -0.49453008093906942 4.3378865175167001e-07 43.517204838553319 83.469536185026385 13.921188630490958 90.760681706037843 4.5983086680761112 -0.39842907999518101 48.496533161687765 0.20303392947207224 -0.40591683360101988 4.2503119493265595 0.0027166803951407005
decision_type=2 2 2 2 2 2 2 2 2 2 2 2 2 2 2 2 2 2 2
left_child=1 18 3 9 7 6 -4 -3 17 14 11 -7 -11 -14 -2 -8 -5 -9 -1
right_child=2 4 5 16 -6 10 15 8 -10 12 -12 -13 13 -15 -16 -17 -18 -19 -20
leaf_value=-0.035065496081794344 -0.0018486084324490972 -0.03214496191871926 0.038519978890006502 0.0091577024713855384 0.028365750144115607 -0.012775145132614884 -0.038322227618990318 -0.016645460040633078 -0.039055494323900673 0.017862114218413019 0.034067712654200312 0.031710850640214408 0.0059018391888766659 -0.038107018402584535 -0.039273969043666784 0.0040502886020561879 0.03894343915069591 0.010338555661655108 -0.0023270349648213534
leaf_weight=49.4493498057127 3.6572788804769543 8.8722391426563245 8.4746347963809985 4.9804871082305935 8.6996458768844587 3.6434388607740393 5.9782034903764707 4.8274070024490419 5.0166274011135092 4.8350577801465979 43.169639140367508 3.5848403126001358 4.4496151804924002 4.3593779802322379 9.3071764409542066 2.3878271728754044 11.262350916862486 15.444637298583983 1.9968468844890583
leaf_count=356 18 53 34 21 33 16 34 24 26 18 171 15 18 22 54 11 43 62 12
internal_value=-0.000934261 -0.0202136 0.0155572 0.00134291 -0.00372309 0.024556 0.00634219 -0.0120416 -0.00477151 -0.0161497 0.0305582 0.00900982 -0.00356023 -0.0157237 -0.0290409 -0.0259689 0.0301058 0.00371539 -0.03386
internal_weight=204.397 94.3068 110.09 42.8513 42.8606 67.2386 16.8407 34.1609 25.2887 26.6085 50.3979 7.22828 13.6441 8.80899 12.9645 8.36603 16.2428 20.272 51.4462
internal_count=1041 566 475 194 198 281 79 165 112 130 202 31 58 40 72 45 64 86 368
is_linear=0
shrinkage=0.03


Tree=32
num_leaves=20
num_cat=0
split_feature=3 0 14 13 3 6 2 14 7 13 13 16 14 10 8 15 0 16 13
split_gain=77.0997 24.0304 14.5456 12.5605 10.0589 5.99025 6.76423 9.3621 8.47583 5.31869 5.43931 4.91623 4.47485 3.09215 2.02996 1.77373 1.73518 1.37897 1.13067
threshold=96.220057523145741 73.641156708834203 243.17835524928077 5.7162776198724939e-06 118.14369362240863 28.165873437525448 69.594082567295985 241.19076436976943 8.6335403726708098 9.0358532911734588e-07 1.0629852228301744e-06 0.023465128209159306 102.11199379183616 -1.0357964076926489 756.44688644688665 12.795450712666181 75.912280805578632 0.064785344455494165 7.3867173038802177e-06
decision_type=2 2 2 2 2 2 2 2 2 2 2 2 2 2 2 2 2 2 2
left_child=1 13 9 4 5 17 7 -7 -8 12 -11 -12 -3 -1 -14 18 -4 -2 -15
right_child=3 2 16 -5 -6 6 8 -9 -10 10 11 -13 14 15 -16 -17 -18 -19 -20
leaf_value=-0.0067893679024008833 -0.034621533763487297 0.0020467565158683743 0.012829497168519163 0.036373229007877005 0.037756622371153299 -0.035291023575901456 0.0035013755919154907 0.010420205196638926 0.034523401244684171 0.019172667428035754 -0.041338338522106798 -0.0013624412113369608 -0.044728803749354479 -0.035913898466418633 -0.01907548876655665 -0.013730160941111779 0.04057926736018036 -0.003722274802912318 -0.012211967546530937
leaf_weight=4.7035749554634085 3.2493436485528937 4.4131832867860821 3.8671606481075269 26.701043352484703 11.239170402288435 5.914517447352412 17.067136600613594 12.023300558328627 15.14345610141754 7.6810600310564068 3.6809736043214789 11.010234266519545 6.3193350881338102 47.220424182713032 6.3811261057853699 4.5737147927284232 5.8154319822788239 2.5584630072116852 2.4261471107602111
leaf_count=24 20 20 15 115 46 30 72 50 57 29 19 47 37 348 35 29 20 13 15
internal_value=-0.000917324 -0.0181984 -0.00263524 0.0189427 0.0119281 0.00662867 0.0100189 -0.00459763 0.0182406 -0.010781 -0.000990222 -0.0117932 -0.0233258 -0.0311077 -0.0323238 -0.0331456 0.0300473 -0.021811 -0.0348428
internal_weight=201.989 108.092 49.1685 93.8964 67.1954 55.9562 50.1484 17.9378 32.2106 39.4859 22.3723 14.6912 17.1136 58.9239 12.7005 54.2203 9.68259 5.80781 49.6466
internal_count=1041 638 222 403 288 242 209 80 129 187 95 66 92 416 72 392 35 33 363
is_linear=0
shrinkage=0.03


Tree=33
num_leaves=20
num_cat=0
split_feature=3 0 14 13 3 1 2 14 7 13 13 14 10 9 10 1 9 0 15
split_gain=73.4377 23.197 13.8138 12.2515 9.7387 5.96172 7.97712 8.63162 5.23575 5.06361 5.13245 4.294 3.64036 3.35714 3.03193 2.66775 1.9794 1.68675 1.44685
threshold=96.220057523145741 73.641156708834203 243.17835524928077 5.7162776198724939e-06 118.14369362240863 5.3887504803264781 69.594082567295985 241.19076436976943 8.6335403726708098 9.0358532911734588e-07 1.0629852228301744e-06 102.11199379183616 0.22472252275902888 792.14285714285722 -1.0357964076926489 9.5044670621973015 757.50000000000011 75.912280805578632 12.836185852375712
decision_type=2 2 2 2 2 2 2 2 2 2 2 2 2 2 2 2 2 2 2
left_child=1 14 9 4 5 12 7 -7 -8 11 -11 -3 -2 -12 -1 18 -13 -4 -16
right_child=3 2 17 -5 -6 6 8 -9 -10 10 13 16 -14 -15 15 -17 -18 -19 -20
leaf_value=-0.0066006654734884485 -0.032902318273959202 0.0019860588724638245 0.01247367446116294 0.036008891597833208 0.037354086065218485 -0.034144800812462246 0.0069106515529362622 0.010143999376549867 0.033722672168532641 0.018626188684003186 -0.0017741862463835738 -0.043844613802285291 0.0016182707627266674 -0.033343272547657746 -0.035790613386103273 -0.0046735775435134816 -0.018381042665178666 0.039920761109830498 -0.012579011502558047
leaf_weight=4.6958786696195594 4.7085290849208814 4.4146511852741268 3.8610958755016309 26.171106860041618 11.023817390203474 5.7647179961204555 12.53911839425564 11.983492299914358 14.607326596975325 7.6722902208566692 10.333809599280356 6.3418698310852033 6.0406034886837006 4.3363563865423194 46.995038196444511 3.1511849910020819 6.2250310033559799 5.736859068274498 3.1255710124969474
leaf_count=24 27 20 15 115 46 29 52 50 56 29 44 38 28 22 357 15 34 20 20
internal_value=-0.000901207 -0.0178612 -0.00256988 0.0185916 0.0116656 0.00646468 0.0113045 -0.00418388 0.021519 -0.0105114 -0.000965403 -0.0228162 -0.0133904 -0.0114714 -0.0306881 -0.0327388 -0.0317127 0.0294311 -0.0344308
internal_weight=199.728 106.89 48.922 92.8387 66.6676 55.6438 44.8947 17.7482 27.1464 39.324 22.3425 16.9816 10.7491 14.6702 57.9677 53.2718 12.5669 9.59795 50.1206
internal_count=1041 638 222 403 288 242 187 79 108 187 95 92 55 66 416 392 72 35 377
is_linear=0
shrinkage=0.03


Tree=34
num_leaves=20
num_cat=0
split_feature=3 0 14 17 12 3 17 0 7 13 13 16 6 14 2 7 14 6 6
split_gain=69.9779 22.4133 13.1218 12.5834 10.3852 6.29113 6.00955 4.94874 10.5118 4.82277 4.84307 4.69788 4.51573 4.12296 3.03622 12.8687 2.87106 2.36802 4.42208
threshold=96.220057523145741 73.641156708834203 243.17835524928077 3.0304520902166208 0.0017080239972053002 116.82915506035285 3.7117665998028868 94.209044680320389 8.8562091503267997 9.0358532911734588e-07 1.0629852228301744e-06 0.023465128209159306 51.992094589469758 102.11199379183616 69.594082567295985 19.478319783197836 239.73016682609611 51.143789901406386 48.850713549713525
decision_type=2 2 2 2 2 2 2 2 2 2 2 2 2 2 2 2 2 2 2
left_child=1 6 9 4 5 16 17 8 12 13 -11 -12 -5 -3 15 -10 -2 18 -1
right_child=3 2 -4 7 -6 -7 -8 -9 14 10 11 -13 -14 -15 -16 -17 -18 -19 -20
leaf_value=-0.031186489314558301 -0.031540395821887217 0.0019271823767594103 0.028834731956960253 -0.025337320773266635 0.037562014215438894 0.023543959138214887 0 0.035682927305937043 -0.029590540168162923 0.018097481018569558 -0.040171510785568632 -0.00097898005472040286 0.015673975752019249 -0.031125041944486564 0.037480439093372814 0.028286798715655374 0.0011896804181767626 -0.037816396689010504 0.0072395692617871366
leaf_weight=12.036270059645174 9.6426289379596728 4.4160686731338528 9.511832043528555 5.9645651280879957 4.3662408739328376 3.0309485942125312 5.4718953520059577 23.14891205728054 3.9767274856567409 7.6626070886850384 3.6512858122587195 10.996302202343939 3.84146448969841 12.430184394121168 13.155103221535681 21.686496406793594 2.9654670357704154 36.213215187191963 3.2705164700746527
leaf_count=90 55 20 35 27 17 12 28 99 19 29 19 47 15 72 51 95 13 278 20
internal_value=-0.000884473 -0.0175369 -0.00250611 0.0182522 -0.00264426 -0.0142273 -0.0302931 0.024114 0.0184828 -0.0102499 -0.000940386 -0.0111583 -0.00897246 -0.0223235 0.0255007 0.0191217 -0.0236573 -0.0334623 -0.0227878
internal_weight=197.439 105.66 48.6683 91.7786 20.0053 15.639 56.9919 71.7733 48.6244 39.1564 22.3102 14.6476 9.80603 16.8463 38.8183 25.6632 12.6081 51.52 15.3068
internal_count=1041 638 222 403 97 80 416 306 207 187 95 66 42 92 165 114 68 388 110
is_linear=0
shrinkage=0.03


Tree=35
num_leaves=20
num_cat=0
split_feature=17 0 1 13 2 2 17 17 14 6 9 8 2 9 17 1 2 5 15
split_gain=72.1237 20.9353 17.1143 12.4179 10.2883 9.59825 7.92549 4.88956 4.14531 6.60497 2.88736 4.78087 2.72021 3.84072 2.53284 2.46538 1.86831 3.02301 1.67958
threshold=3.2109339378390911 73.641156708834203 4.8503094628382444 1.543066508053878e-06 68.237250554323751 55.445568711376325 3.6951366221689743 1.9265358995748705 253.81775680334897 67.325275937853021 638.92857142857144 715.45296167247409 62.686706809326829 843.57142857142878 2.6782950042630502 4.0887036240839487 66.403203551502813 81.050912976592869 12.457363202417033
decision_type=2 2 2 2 2 2 2 2 2 2 2 2 2 2 2 2 2 2 2
left_child=1 12 14 4 -2 -5 -6 -4 9 -9 -8 -12 -1 -14 -3 -15 17 18 -7
right_child=3 2 7 5 6 16 10 8 -10 -11 11 -13 13 15 -16 -17 -18 -19 -20
leaf_value=-0.035789542099864527 -0.027038430677138861 -0.041130930437047512 0.036269217779750444 -0.015055997654914367 -0.019014183040800072 0 0.032277053051392349 0.0066142740756953569 0.024294343741525171 -0.034183813854870251 0.002209896479736532 0.037333428979906907 -0.033126113566385999 -0.020222209677893621 -0.012896199098139403 0.01979308898626848 0.038520626946496273 0.035229551461840265 0.022644897376220396
leaf_weight=37.117325775325298 6.8112640827894202 8.5642008483409864 4.9525490701198605 4.1052044928073874 5.6105516999959937 4.4447230845689791 10.368340179324152 14.570536062121397 6.5164015591144553 4.601354554295539 13.132737830281259 4.7632236033678046 6.9979535564780218 2.5701965987682343 5.0031987130641928 2.7764479890465736 23.13716134428978 14.778046667575834 7.8054838925600052
leaf_count=295 37 56 17 24 28 20 44 62 26 23 54 17 49 19 25 15 96 66 31
internal_value=0.000425657 -0.0182259 -0.00313397 0.0188559 0.00620897 0.0282531 0.0130423 0.00921633 0.00376395 -0.00314838 0.019556 0.0118807 -0.0316207 -0.018658 -0.031109 0 0.0318798 0.0259633 0.0143473
internal_weight=188.627 93.6702 44.2082 94.9567 40.6861 54.2706 33.8749 30.6408 25.6883 19.1719 28.2643 17.896 49.4619 12.3446 13.5674 5.34664 50.1654 27.0283 12.2502
internal_count=1004 587 209 417 180 237 143 128 111 85 115 71 378 83 81 34 213 117 51
is_linear=0
shrinkage=0.03


Tree=36
num_leaves=20
num_cat=0
split_feature=3 17 13 3 13 8 12 12 11 12 13 3 10 3 4 13 13 14 17
split_gain=73.1317 23.6502 11.6797 12.0579 9.52798 11.4222 5.06414 4.84421 3.89228 4.46113 3.78261 7.00494 2.87721 1.87558 1.45324 3.98584 1.10114 3.35 1.54994
threshold=86.866690621631349 3.2562540388445957 1.543066508053878e-06 93.22985957132299 4.7264783520826832e-07 779.48435277382657 0.00060985321386615009 0.0013530428562495002 -0.68255663345944495 0.00058154819602795015 2.6082711010539704e-07 105.66054453628344 -0.72930409489146053 108.10828717568178 36.23851575404526 2.3980125314595357e-06 1.7214633054709371e-06 232.13029420619554 1.9590200070427655
decision_type=2 2 2 2 2 2 2 2 2 2 2 2 2 2 2 2 2 2 2
left_child=12 4 3 -3 13 8 -7 -8 -6 -10 -5 -12 -1 -2 -4 -16 17 18 -14
right_child=1 2 14 10 5 6 7 -9 9 -11 11 -13 16 -15 15 -17 -18 -19 -20
leaf_value=-0.0049632331314997001 -0.041554757102582579 -0.033609763946014559 0.038130642584656815 0.035876790233620302 0.03273035721968795 0.011675644044788951 -0.037987230617585285 0.0034024575139006254 -0.0078931916216067495 0.022132220265738464 -0.0042118607486241154 0.027041691691529212 -0.018498940924742007 -0.0075053466275535642 -0.0024354353123832487 0.03068824475620362 -0.03713568426821609 0.0066000672102850709 -0.036934187424796532
leaf_weight=4.1180246993899337 6.2631272450089437 5.0604620575904837 19.678364425897598 6.6395089477300635 7.3317993283271816 3.8356419503688839 9.277369409799574 3.2957006990909568 9.0611569136381167 8.421778127551077 13.722482830286028 11.825941666960714 7.6441860720515313 2.2528655081987381 3.5544892102479961 24.914575263857841 23.950216062366962 2.2680706977844229 13.321347579360006
leaf_count=24 41 29 78 24 27 17 57 17 41 34 59 50 54 12 16 114 197 13 100
internal_value=0.000417608 0.0120109 0.0215864 0.0088258 -0.00437911 0.00154453 -0.017731 -0.02696 0.0144308 0.00644347 0.0156737 0.010187 -0.030026 -0.033087 0.0313574 0.0264535 -0.0321348 -0.0267141 -0.0304747
internal_weight=186.437 135.135 85.3958 37.2484 49.7394 41.2234 16.4087 12.5731 24.8147 17.4829 32.1879 25.5484 51.3018 8.51599 48.1474 28.4691 47.1838 23.2336 20.9655
internal_count=1004 616 370 162 246 193 91 74 102 75 133 109 388 53 208 130 364 167 154
is_linear=0
shrinkage=0.03


Tree=37
num_leaves=20
num_cat=0
split_feature=3 17 13 3 5 0 5 12 3 13 3 2 10 4 3 2 7 1 17
split_gain=69.9226 22.5697 11.3013 11.4496 9.189 13.9006 5.75804 4.7211 3.70832 3.6195 6.69937 2.64624 5.7697 2.23329 4.4547 1.9863 3.26423 1.65955 1.5572
threshold=86.866690621631349 3.2562540388445957 1.543066508053878e-06 93.22985957132299 27.827334175440814 76.995492956142201 46.986430262700623 0.0013530428562495002 109.23295454545456 2.6082711010539704e-07 105.66054453628344 59.616779497098655 -0.38395819402536174 31.595618642934824 112.75188099974058 66.403203551502813 30.429292929292938 5.5589837315853794 1.4148354062218773
decision_type=2 2 2 2 2 2 2 2 2 2 2 2 2 2 2 2 2 2 2
left_child=11 4 3 -3 8 6 -6 -8 -2 -5 -11 -1 -13 -7 -15 16 -4 18 -14
right_child=1 2 15 9 5 13 7 -9 -10 10 -12 12 17 14 -16 -17 -18 -19 -20
leaf_value=-0.03663759187056375 -0.038412293636693906 -0.032907214108901489 0.0054224342732452063 0.035196976944908392 0.015694777798584483 0.0282837256909419 -0.037440549365936313 0.0033039844765172331 -0.0035668550735866323 -0.0040844394243302936 0.026578080864572796 0.0086432073628617146 -0.0097039042363767179 -0.010096682821088256 0.032428591342715009 0.037836163894677248 0.030899666480108862 -0.0078206412017717362 -0.036601592893233038
leaf_weight=25.63129461556673 8.0823773443698865 5.0162530690431586 6.4015556499362019 6.5677379071712521 3.5386078804731396 11.738989025354387 9.4675461798906309 3.2950990796089163 4.4744969010353079 13.729079231619837 11.675299912691115 4.3190585076808956 2.7038962021470132 5.0907074958085996 3.7020894140005112 22.078872680664062 18.919322580099106 3.3005044236779204 14.480377718806265
leaf_count=219 53 29 28 24 15 43 59 17 20 59 50 24 18 23 16 95 85 20 107
internal_value=0.000407644 0.011773 0.0211972 0.00862274 -0.00427909 0.00321795 -0.017309 -0.0267439 -0.0263588 0.0153144 0.00993872 -0.0296429 -0.0221762 0.0196657 0.00763398 0.0309077 0.0246233 -0.0288304 -0.0326235
internal_weight=184.213 133.778 84.3881 36.9884 49.3899 36.833 16.3013 12.7626 12.5569 31.9721 25.4044 50.4351 24.8038 20.5318 8.7928 47.3998 25.3209 20.4848 17.1843
internal_count=1004 616 370 162 246 173 91 76 73 133 109 388 169 82 39 208 113 145 125
is_linear=0
shrinkage=0.03


Tree=38
num_leaves=18
num_cat=0
split_feature=3 13 8 12 3 9 11 4 7 10 13 13 6 0 9 13 9
split_gain=66.887 15.4462 13.9202 8.99161 8.50499 5.53734 5.65359 5.08433 3.20734 2.43917 2.12579 1.18112 2.44119 2.60425 3.7008 0.670288 0.234173
threshold=86.866690621631349 6.1510506374192811e-06 810.69444444444446 0.00030698487757660004 117.48274728885967 788.21428571428589 -0.67522393122177615 23.957212304308161 30.429292929292938 -0.68966985513793666 1.8408842787669802e-06 1.7214633054709371e-06 43.960308533357789 69.239722178780156 845.357142857143 8.3210133973079641e-06 882.14285714285722
decision_type=2 2 2 2 2 2 2 2 2 2 2 2 2 2 2 2 2
left_child=9 2 3 4 7 6 -5 -2 -7 -1 -4 12 -11 -14 -15 -3 -12
right_child=1 15 10 5 -6 8 -8 -9 -10 11 16 -13 13 14 -16 -17 -18
leaf_value=-0.0069406637171947816 -0.017266067977078466 0.021438539316772032 -0.004239134383795402 0.034174208709828673 0.034065327961571475 -0.019435861236547274 0.013305480967378469 0.0089247214187675606 0.017664749819494532 -0.037716584060769859 -0.0421725875657121 -0.036641023619153328 -0.034840375306103177 -0.019634540396822584 0.02256407749856042 0.035729710852625517 -0.023108736872455054
leaf_weight=4.4227948561310759 19.737892448902134 5.6340132430195835 2.7817207276821119 17.750120744109154 4.824542060494422 5.4607428610324842 37.021146774291992 9.8061818629503232 3.2115611284971237 9.3047851920127886 4.5553799346089363 22.814046792685986 4.5753994956612578 5.8577811047434789 2.5857133567333221 19.425461366772652 2.2078307941555977
leaf_count=27 107 26 16 68 22 26 157 42 13 74 31 196 41 34 16 94 14
internal_value=0.000399345 0.0115433 0.00654322 0.00994761 -0.00233129 0.0166397 0.0201732 -0.00847092 -0.00530989 -0.0292782 -0.0277738 -0.0313805 -0.0257311 -0.0167141 -0.00624775 0.0327339 -0.0368137
internal_weight=181.977 132.417 107.357 97.8122 34.3686 63.4436 54.7713 29.5441 8.6723 49.5605 9.54493 45.1377 22.3237 13.0189 8.44349 25.0595 6.76321
internal_count=1004 616 496 435 171 264 225 149 39 388 61 361 165 91 50 120 45
is_linear=0
shrinkage=0.03


Tree=39
num_leaves=20
num_cat=0
split_feature=3 17 13 3 5 9 5 12 13 3 3 2 10 14 6 2 7 1 17
split_gain=63.9544 21.1083 10.758 10.7601 8.60758 11.4086 5.77928 5.81843 3.59543 6.38203 3.46857 2.71397 5.50917 2.34756 4.84621 2.00125 3.15995 1.62185 1.93767
threshold=86.866690621631349 3.2562540388445957 1.543066508053878e-06 93.22985957132299 27.827334175440814 777.857142857143 47.092396509317332 0.0017412250213319003 2.6082711010539704e-07 105.66054453628344 109.23295454545456 59.616779497098655 -0.38395819402536174 243.17835524928077 67.168014771951292 66.403203551502813 30.429292929292938 5.5589837315853794 1.3874309854502351
decision_type=2 2 2 2 2 2 2 2 2 2 2 2 2 2 2 2 2 2 2
left_child=11 4 3 -3 10 13 -7 -8 -5 -10 -2 -1 -13 14 -6 16 -4 18 -14
right_child=1 2 15 8 5 6 7 -9 9 -11 -12 12 17 -15 -16 -17 -18 -19 -20
leaf_value=-0.036175788327767078 -0.037729889042416524 -0.03226085547328153 0.0049348605357724933 0.034704232681927218 0.020669765631455273 0.018722056130046141 -0.034860872798433598 0.013572306602845679 -0.0042450787270119795 0.025874640256227058 -0.0037999052408904718 0.0087242905302160872 -0.0048842441257033308 0.03183442257944083 -0.021557355311510422 0.037274865921543346 0.030168656557046029 -0.0071848072509200812 -0.036019432406902557
leaf_weight=24.50745777785778 7.8974789902567846 4.9541131183505049 6.3504410162568119 6.4823664426803616 9.5370387285947817 3.3574475646019009 10.302057921886442 2.6824074089527121 13.690335229039194 11.427292555570601 4.4555460512638092 4.3143480569124248 2.3570576682686868 7.3218299001455298 3.1278933882713309 21.324567824602127 18.336418464779854 3.268303081393241 14.268825978040693
leaf_count=219 53 29 28 24 37 14 65 13 59 50 20 24 16 29 15 95 85 20 109
internal_value=0.000388728 0.0113016 0.0205375 0.00824217 -0.00431115 0.00298527 -0.0154563 -0.0245987 0.0147684 0.00938722 -0.0258616 -0.0289135 -0.0213195 0.018215 0.00991862 0.0302014 0.0238447 -0.0279961 -0.0318403
internal_weight=179.963 131.247 82.5655 36.5541 48.6817 36.3287 16.3419 12.9845 31.6 25.1176 12.353 48.716 24.2085 19.9868 12.6649 46.0114 24.6869 19.8942 16.6259
internal_count=1004 616 370 162 246 173 92 78 133 109 73 388 169 81 52 208 113 145 125
is_linear=0
shrinkage=0.03


Tree=40
num_leaves=20
num_cat=0
split_feature=17 3 13 3 2 2 2 2 9 10 2 1 10 2 3 7 8 7 2
split_gain=51.6687 14.7079 12.132 16.3015 10.5642 9.40207 7.63738 5.70344 6.02902 5.26243 4.02642 3.54589 3.41853 3.42144 3.30757 2.55152 1.98355 2.59412 1.2033
threshold=3.1556723335469896 118.14369362240863 1.5266278513563591e-06 98.016469511796615 59.616779497098655 73.362501372972574 59.701522694943755 65.779210266825629 895.00000000000011 0.34010537886648678 71.733613371838644 5.455200471993769 0.33018891455818672 54.123801220575423 93.437268002969574 14.434523809523812 663.83658008658028 9.4494047619047645 86.688137412775106
decision_type=2 2 2 2 2 2 2 2 2 2 2 2 2 2 2 2 2 2 2
left_child=1 4 3 10 -1 7 12 8 -6 -9 14 -5 13 -4 -2 -8 18 -18 -13
right_child=2 -3 6 11 5 -7 15 9 -10 -11 -12 16 -14 -15 -16 -17 17 -19 -20
leaf_value=-0.035913992893007812 -0.039093315323943743 0.035558804272492583 -0.040956755787068519 -0.0026930214395665271 -0.022724959033039577 -0.037667153961439222 0.010736363589195847 -0.0053788049983247259 0.020061975829631401 0.024564903774600917 0.0024083757742694363 0.038691767239069273 0.024276015720040192 0.0049791542248788252 -0.0061528628122165764 0.033819877843388461 -0.0044045847017381247 0.02623085710122874 0.015321002793481307
leaf_weight=24.204549454152584 7.906983286142351 4.5526262521743766 2.3283369764685613 5.3278415799140957 22.311144210398201 10.931348383426664 5.487156316637992 19.199861429631714 3.2625069022178641 7.1396185755729666 5.7673093080520621 8.5618268102407473 3.287671372294426 3.3730720356106758 4.5993607342243195 35.761730626225471 4.0556079447269422 5.7012697905302048 3.4635355919599524
leaf_count=213 51 19 16 23 152 69 25 99 18 28 27 35 13 17 21 165 17 21 18
internal_value=-0.000147701 -0.0162566 0.0152535 0.00391758 -0.0190386 -0.0124447 0.0254063 -0.00701368 -0.0170928 0.00268653 -0.0178409 0.0187059 8.2869e-06 -0.0136456 -0.0273619 0.0308551 0.0240655 0.0132769 0.0323898
internal_weight=187.223 91.6017 95.6217 45.3837 87.049 62.8445 50.238 51.9131 25.5737 26.3395 18.2737 27.1101 8.98908 5.70141 12.5063 41.2489 21.7822 9.75688 12.0254
internal_count=1047 598 449 213 579 366 236 297 170 127 99 114 46 33 72 190 91 38 53
is_linear=0
shrinkage=0.03


Tree=41
num_leaves=20
num_cat=0
split_feature=17 3 13 3 2 2 2 2 5 5 11 2 3 8 1 7 3 2 3
split_gain=49.1953 14.0356 11.6661 15.4823 10.3996 9.0094 7.37066 5.41382 8.94994 7.26545 5.33942 3.85223 3.20938 3.1577 2.79775 2.51118 0.79021 0.642554 0.622408
threshold=3.1556723335469896 118.14369362240863 1.5266278513563591e-06 98.016469511796615 59.616779497098655 73.362501372972574 59.701522694943755 65.779210266825629 76.397207017538165 43.517204838553319 1.9301860155089103 71.733613371838644 93.437268002969574 886.93610986714441 5.455200471993769 14.434523809523812 84.762952101661782 86.688137412775106 98.016469511796615
decision_type=2 2 2 2 2 2 2 2 2 2 2 2 2 2 2 2 2 2 2
left_child=1 4 3 11 -1 7 13 8 -6 -9 14 12 16 -4 -5 -8 -2 -16 -17
right_child=2 -3 6 10 5 -7 15 9 -10 -11 -12 -13 -14 -15 17 18 -18 -19 -20
leaf_value=-0.03563228686437276 -0.020723024512193679 0.035097979218879423 0.011454727752780459 0.00098217940185112672 -0.022679917364259353 -0.037001990467316094 0.010462823100557569 0.012895808710341392 0.035897289222803018 -0.021453312241149304 -0.015670358823558481 0.0023368723151137305 -0.0059713671269005222 -0.027648939643590924 0.03111950157337531 0.040431294311617988 -0.045673322202069606 0.013800512369394943 0.029813005606285518
leaf_weight=23.672869108617306 2.4677395746111888 4.4764972925186148 6.4311501160263997 4.3352882862091127 22.897159248590473 10.797847665846346 5.464654713869094 18.548163115978245 2.4882275909185401 7.759496569633483 3.4474479109048835 5.7685055285692206 4.6000095456838608 2.4965593889355659 15.846118763089182 11.326480716466902 5.3211927190423012 3.2377942502498618 23.778881557285786
leaf_count=213 18 19 29 18 160 69 25 85 10 42 17 27 21 17 62 45 33 17 120
internal_value=-0.00014283 -0.015941 0.0149757 0.00383162 -0.018665 -0.0121429 0.025024 -0.00683089 -0.0167023 0.00260799 0.0183213 -0.0174267 -0.0268142 2.26333e-06 0.023498 0.0304428 -0.0385116 0.0284248 0.0334292
internal_weight=185.162 90.6403 94.5218 45.0241 86.1638 62.4909 49.4977 51.693 25.3854 26.3077 26.8666 18.1574 12.3889 8.92771 23.4192 40.57 7.78893 19.0839 35.1054
internal_count=1047 598 449 213 579 366 236 297 170 127 114 99 72 46 97 190 51 79 165
is_linear=0
shrinkage=0.03


Tree=42
num_leaves=20
num_cat=0
split_feature=17 2 13 2 12 6 7 2 12 6 4 2 8 10 10 10 2 13 2
split_gain=46.8303 13.4913 11.2171 12.9564 7.74804 7.52309 7.77434 7.12562 5.67893 4.83952 8.98638 7.32547 4.02059 3.5769 3.41275 3.17799 3.21751 2.46868 4.21746
threshold=3.1556723335469896 59.616779497098655 1.5266278513563591e-06 71.733613371838644 0.0028632656594611504 40.908977921082531 2.2991543340380556 59.701522694943755 0.00053644357951115006 43.614717960610513 18.538897469421467 65.779210266825629 585.54285714285732 -0.13161680341601878 0.48639956295074371 0.33018891455818672 54.123801220575423 8.0622340257558904e-07 67.906269115548113
decision_type=2 2 2 2 2 2 2 2 2 2 2 2 2 2 2 2 2 2 2
left_child=1 -1 3 8 9 6 14 15 17 12 13 -12 -3 -11 -5 16 -4 -2 -19
right_child=2 4 7 5 -6 -7 -8 -9 -10 10 11 -13 -14 -15 -16 -17 -18 18 -20
leaf_value=-0.035358587359380342 -0.041730113274882817 0.0051003682046197457 -0.040236590721259208 -0.0014201378070320535 0.037423326031995795 0.02981455204472053 -0.03057208799233424 0.030026477997756599 0.016332553879610648 0.040022105764362992 -0.02736620160763046 0.00030115164509134871 -0.028854697244448963 0 0.038602196847443634 0.023481943161941011 0.0046724815753363125 -0.036581202274211078 0.0065276015802579555
leaf_weight=23.149131029844284 5.4226040244102496 3.6230929940938976 2.2648551911115629 3.7282537966966647 3.0029541403055182 15.844007194042204 4.8559475243091583 39.921417526900768 3.4613920599222174 4.6163507029414177 15.174591161310671 19.259680196642876 17.236605562269688 3.5908169671893102 3.5566974580287933 3.25823575258255 3.3604536801576614 3.8242458924651146 4.0083919763565063
leaf_count=213 37 17 16 17 13 65 26 190 14 22 100 85 124 24 15 13 17 23 16
internal_value=-0.000139002 -0.0156383 0.0146904 0.00373964 -0.00868617 0.0162568 -0.00129024 0.0246309 -0.0170086 -0.0109693 -0.00506309 -0.0118484 -0.0228178 0.0228446 0.0179717 0 -0.0132717 -0.0259969 -0.0143377
internal_weight=183.16 89.6532 93.5065 44.7015 66.5041 27.9849 12.1409 48.805 16.7166 63.5011 42.6414 34.4343 20.8597 8.20717 7.28495 8.88354 5.62531 13.2552 7.83264
internal_count=1047 598 449 213 385 123 58 236 90 372 231 185 141 46 32 46 33 76 39
is_linear=0
shrinkage=0.03


Tree=43
num_leaves=20
num_cat=0
split_feature=17 13 2 2 9 2 6 13 17 1 2 13 9 5 11 9 11 14 9
split_gain=44.6465 10.7646 14.8548 11.9761 9.13241 6.9807 7.97458 8.14563 9.72662 6.6356 5.59926 7.4453 5.45572 8.50865 4.07577 3.88978 3.50769 3.43088 1.94758
threshold=2.8806199897623208 1.4959757770535594e-06 67.906269115548113 59.701522694943755 549.28571428571433 61.179930487478842 43.614717960610513 1.7089430143052559e-06 1.8652272578531852 5.7226325401016593 54.123801220575423 5.7162776198724939e-06 736.07142857142878 16.153543342399448 0.65783922255942751 671.78571428571433 -0.3093629468715004 215.90634784317083 843.57142857142878
decision_type=2 2 2 2 2 2 2 2 2 2 2 2 2 2 2 2 2 2 2
left_child=4 2 17 10 -1 -6 -7 8 -8 12 -3 -12 13 -4 -9 -11 -17 -2 -5
right_child=1 3 9 18 5 6 7 14 -10 15 11 -13 -14 -15 -16 16 -18 -19 -20
leaf_value=0.0389584963397792 -0.041405684714011917 -0.040305819911972886 0.017103153192305584 0.025034922697324047 -0.032723838803500688 -0.030482084183910289 0.03799450402227865 -0.041423229073352143 -0.0060608688842066936 0.031454962702880888 -0.017542627000187928 0.041835783281443106 0.027574995037409639 -0.033097933305924671 0 0.019098760287568555 -0.017485406884040853 -0.00064640074427199808 0.042422260229214179
leaf_weight=2.3558824062347403 7.1043133065104467 3.0908311679959279 4.795151427388193 37.314881794154644 24.490304462611675 15.71805953979492 5.8961615562438991 6.3702398091554624 17.87677988409996 13.176203042268755 4.4550409913063049 3.1304897367954254 3.6173929348587981 7.7390534207224846 3.1919980645179749 6.6716298758983612 3.4596460163593274 2.7129645720124245 7.9426497370004645
leaf_count=9 51 23 20 180 226 114 27 46 89 59 24 13 16 42 16 27 15 14 36
internal_value=-0.000135074 0.0124949 0.00219428 0.0214959 -0.0176754 -0.0195808 -0.0129048 -0.00446066 0.00485346 0.0104771 -0.00680808 0.00679754 -0.00413663 -0.0136719 -0.0277378 0.0207066 0.00626392 -0.0305646 0.0282393
internal_weight=181.11 105.21 49.2764 55.9339 75.8994 73.5435 49.0532 33.3352 23.7729 39.4591 10.6764 7.58553 16.1516 12.5342 9.56224 23.3075 10.1313 9.81728 45.2575
internal_count=1047 520 244 276 527 518 292 178 116 179 60 37 78 62 62 101 42 65 216
is_linear=0
shrinkage=0.03


Tree=44
num_leaves=20
num_cat=0
split_feature=3 1 2 13 2 6 11 4 10 4 7 9 15 9 7 9 13 12 15
split_gain=29.8695 17.5505 13.2498 8.15248 11.459 7.667 6.73321 6.66914 5.66806 8.48555 5.53373 5.45115 5.28615 4.60095 4.59649 3.72063 3.0665 1.82433 1.74458
threshold=94.488308533252379 5.455200471993769 60.475193332365812 7.2139460242311008e-06 69.135849302002967 35.982217880584336 -0.68255663345944495 18.538897469421467 -0.1367395479093951 16.911353709608111 8.1356867071152816 671.78571428571433 12.52796421696317 851.78571428571433 13.100686498855836 573.21428571428589 2.1700105551531472e-06 0.00048085381712195007 12.399256055443905
decision_type=2 2 2 2 2 2 2 2 2 2 2 2 2 2 2 2 2 2 2
left_child=2 15 13 4 6 -4 -3 8 17 -10 11 -6 -8 -1 18 -2 -16 -7 -9
right_child=1 3 5 -5 10 7 12 14 9 -11 -12 -13 -14 -15 16 -17 -18 -19 -20
leaf_value=-0.0027444892528704122 0.0087498621569147301 0.021907658491556715 -0.032427595493171875 0.03480626807109978 0.020125794773721648 0.016401197275530865 -0.023812024160467033 -0.0064638696111604648 -0.029061191643712975 0.029011462841982395 0.034363534449787139 -0.017317632410806669 0.019354519456042059 -0.03441983888040847 0.0030173520988537603 -0.026136893830179194 -0.025589060053552055 0.048146057370735067 -0.036694817488103409
leaf_weight=5.2396583706140545 3.4154072850942603 5.8771555423736599 7.4644797295331946 18.959778442978859 13.27264913916588 3.5057843178510693 12.84842900931835 2.9370024874806386 4.5498907864093763 4.3101511597633362 17.695558115839958 4.5723729878664008 3.0233881473541251 24.348165385425091 22.221167206764225 11.345527447760103 3.860477849841117 4.1260493472218513 5.4853154048323631
leaf_count=29 16 26 57 102 61 18 67 16 37 21 78 20 13 233 110 66 26 17 34
internal_value=-0.000132813 0.0118957 -0.0125994 0.0177108 0.01195 -0.00424271 -0.00507718 -3.06559e-06 0.0155751 -0.000467233 0.022439 0.0103216 -0.0153318 -0.0289397 -0.00755916 -0.0178583 -0.00118381 0.0343524 -0.0267043
internal_weight=179.058 91.0103 88.0481 76.2493 57.2896 58.4603 21.749 50.9958 16.4919 8.86004 35.5406 17.845 15.8718 29.5878 34.504 14.7609 26.0816 7.63183 8.42232
internal_count=1047 449 598 367 265 336 106 279 93 58 159 81 80 262 186 82 136 35 50
is_linear=0
shrinkage=0.03


Tree=45
num_leaves=20
num_cat=0
split_feature=0 13 13 17 8 14 0 6 2 2 9 13 14 13 17 0 2 7 7
split_gain=39.3193 15.6817 14.073 8.82551 7.17239 8.47422 6.93343 5.79282 6.09313 4.82129 5.37598 4.32685 7.49185 4.02763 2.65294 2.18533 1.09908 3.69545 1.05446
threshold=74.762110204117604 1.0251799133475282e-05 1.2110112806685599e-06 6.1233309231938344 758.86446886446913 255.75204731928844 106.72893694292434 28.165873437525448 83.416169648774044 59.616779497098655 901.78571428571445 1.9834068663283388e-06 241.19076436976943 1.7602457818890473e-06 4.7147963422612973 77.594379801304044 68.126565492853999 25.320512820512821 8.8562091503267997
decision_type=2 2 2 2 2 2 2 2 2 2 2 2 2 2 2 2 2 2 2
left_child=1 9 3 6 16 13 7 -2 -9 14 11 12 -11 -6 -1 -7 17 -4 -18
right_child=2 -3 4 -5 5 15 -8 8 -10 10 -12 -13 -14 -15 -16 -17 18 -19 -20
leaf_value=-0.035697848446538914 -0.037044182885231397 0.032042197482500229 -0.004721847015823441 0.030600525772713175 0.0020818084425468209 0.034011838519442603 0.036870256391920965 -0.0076131183438188201 0.030117045466416803 -0.019036865068123285 0.018839907404870369 -0.038105413703780976 0.036247335874060579 -0.037225561060657282 0 0.0023751041864205438 0.016203716132675777 0.030981083613857902 0.036135601288025676
leaf_weight=24.699720382690433 5.226625755429267 4.8176995888352385 3.42856241762638 7.319184035062789 5.4423781633377093 7.259255111217497 3.2803182303905478 36.90265978872776 4.1817291527986518 16.083085037767898 3.5243551433086386 8.1327506899833661 2.4298804029822341 3.8433521389961243 1.9909558743238438 2.9904881566762924 3.6541723012924221 9.0293901339173299 20.101529002189636
leaf_count=238 38 26 16 31 23 30 15 184 17 115 18 63 11 20 10 15 17 47 97
internal_value=2.31905e-05 -0.0191966 0.0105799 2.79078e-05 0.0212786 0.00638572 -0.00447643 -0.00754289 -0.00363615 -0.0236392 -0.015157 -0.0198195 -0.0114637 -0.0140911 -0.0330229 0.0251834 0.0291902 0.020957 0.0332762
internal_weight=174.338 61.6784 112.66 56.9105 55.7491 19.5355 49.5913 46.311 41.0844 56.8607 30.1701 26.6457 18.513 9.28573 26.6907 10.2497 36.2137 12.458 23.7557
internal_count=1031 481 550 285 265 88 254 239 201 455 207 189 126 43 248 45 177 63 114
is_linear=0
shrinkage=0.03


Tree=46
num_leaves=20
num_cat=0
split_feature=3 13 17 9 11 13 4 1 0 13 17 4 16 13 9 3 10 16 0
split_gain=43.3206 11.4258 9.67234 8.70144 10.3942 6.15396 5.77595 7.69535 4.46419 4.53047 5.33604 2.9051 2.42434 1.73062 1.47247 0.822175 1.09189 0.481154 0.244911
threshold=92.004491535183703 5.7162776198724939e-06 2.8629862790204679 638.92857142857144 1.9301860155089103 9.762288679027428e-07 30.849452172649467 5.455200471993769 63.627035526771685 3.7666263600827297e-06 1.3715453404262175 26.084989233843562 0.049327466851644908 9.1122090893599501e-07 609.28571428571433 102.81533151157775 -0.17040265638026791 0.06649840106544791 104.02426433801409
decision_type=2 2 2 2 2 2 2 2 2 2 2 2 2 2 2 2 2 2 2
left_child=8 2 6 18 5 -5 7 14 -1 10 -10 12 -12 -9 -2 16 -3 -8 -4
right_child=1 15 3 4 -6 -7 17 13 9 -11 11 -13 -14 -15 -16 -17 -18 -19 -20
leaf_value=-0.034653465771789453 -0.0072262901561627327 0.032048521466759149 0.034428646289983794 -0.0059129853191449448 -0.039395824478145214 0.018427784203987805 -0.047123459862472718 0.0012711298812106216 0.018558419593789895 0.013714729952472042 -0.024955174144905272 -0.040579541543269905 -0.010002194875708133 0.030546892091004405 -0.037471664841582569 0.035525014193083564 0.0046390036813547262 -0.024167632524494796 0.022806881263702349
leaf_weight=12.923287995159624 2.939841680228712 3.1707763969898224 11.704419061541559 13.649678245186804 4.0228474736213675 28.266033187508583 2.7157569229602805 3.3190776109695435 3.3143033385276786 4.4292233884334555 19.155271202325821 5.5905534625053397 22.246585071086884 4.6482944190502167 3.6169023066759109 15.67265449464321 2.7311457470059421 2.9759125113487244 5.3228396624326697
leaf_count=136 20 16 53 63 20 123 18 14 19 26 142 46 142 18 27 88 15 17 28
internal_value=2.73248e-05 0.012126 0.00701484 0.0128292 0.00592978 0.0104347 -0.0109215 -0.000605409 -0.018651 -0.0147617 -0.0173507 -0.019981 -0.0170362 0.0188899 -0.0246735 0.0315707 0.0201531 -0.0362634 0.0311251
internal_weight=172.415 104.756 83.1816 62.9658 45.9386 41.9157 20.2158 14.5241 67.6592 54.7359 50.3067 46.9924 41.4019 7.96737 6.55674 21.5746 5.90192 5.69167 17.0273
internal_count=1031 520 401 287 206 186 114 79 511 375 349 330 284 32 47 119 31 35 81
is_linear=0
shrinkage=0.03


Tree=47
num_leaves=20
num_cat=0
split_feature=3 3 17 2 7 2 2 9 17 2 17 1 11 17 2 11 9 11 4
split_gain=41.2316 11.1417 9.00552 7.07275 6.02928 10.2259 5.02613 4.63723 5.51661 4.56538 4.17318 4.0028 4.77475 4.0687 2.65622 3.7816 2.1096 1.89556 1.46642
threshold=92.004491535183703 115.86228939317841 2.8629862790204679 60.475193332365812 14.434523809523812 74.933155080213922 59.448012789947555 901.78571428571445 1.3715453404262175 67.796654333211748 5.5241315797618311 4.5114567216115962 -0.65119102110848448 2.1651655021981244 64.466653473184266 -0.90406854736602027 837.50000000000011 0.071389396628216861 44.3735336652257
decision_type=2 2 2 2 2 2 2 2 2 2 2 2 2 2 2 2 2 2 2
left_child=3 2 11 16 5 9 -6 8 -5 -4 -7 -2 -13 -14 17 -16 -1 -10 -8
right_child=1 -3 4 7 6 10 18 -9 14 -11 -12 12 13 -15 15 -17 -18 -19 -20
leaf_value=-0.0049721337977348531 -0.036615897714517613 0.0332675058320724 -0.04231981059258761 0.026129461423077052 -0.0053347447755838044 0.0061576055185606658 0.028447034523008369 0.029401976358559664 -0.032500456495922252 -0.0043985239312150613 0.037940957939549873 0.021786584133246363 0.010365365036040452 -0.027002420065907185 0.011983486444327141 -0.016541581014012968 -0.033469687895291554 0 0.0044415409974989982
leaf_weight=2.9194586202502277 4.035819441080096 18.093104407191277 3.7677815929055241 2.8674871996045104 5.1704359427094451 8.8390219509601575 26.277333617210392 2.352836847305297 10.446746028959749 11.947364181280134 6.7476924210786811 4.6660473719239262 3.837197624146933 7.3532143756747246 5.2521439194679251 17.826969549059871 23.375328987836838 1.9270823895931233 2.8834082335233679
leaf_count=17 33 99 21 14 24 38 127 10 82 55 27 19 21 40 27 106 242 13 16
internal_value=2.54442e-05 0.0118963 0.00730652 -0.0182877 0.0126826 0.00303092 0.0213612 -0.0102958 -0.0128815 -0.0138901 0.0202624 -0.0102562 -0.00317166 -0.013945 -0.0161858 -0.00989697 -0.0304501 -0.0275014 0.0261992
internal_weight=170.586 103.618 85.5253 66.9681 65.633 31.3019 34.3312 40.6733 38.3204 15.7151 15.5867 19.8923 15.8565 11.1904 35.4529 23.0791 26.2948 12.3738 29.1607
internal_count=1031 520 421 511 308 141 167 252 242 76 65 113 80 61 228 133 259 95 143
is_linear=0
shrinkage=0.03


Tree=48
num_leaves=20
num_cat=0
split_feature=0 13 13 17 0 14 0 11 4 2 9 13 14 13 17 0 2 7 7
split_gain=34.9422 14.118 12.8003 7.92434 6.45643 7.89056 6.31376 5.93807 7.13977 4.68739 4.97533 4.28719 6.90909 3.81641 2.57049 2.24883 1.16129 3.53478 1.02343
threshold=74.762110204117604 1.0251799133475282e-05 1.2110112806685599e-06 6.1233309231938344 79.10006754666874 255.75204731928844 106.72893694292434 1.1139857990578539 16.911353709608111 59.616779497098655 901.78571428571445 1.9834068663283388e-06 241.19076436976943 1.7602457818890473e-06 4.7147963422612973 77.63967716321234 68.126565492853999 25.320512820512821 8.8562091503267997
decision_type=2 2 2 2 2 2 2 2 2 2 2 2 2 2 2 2 2 2 2
left_child=1 9 3 6 5 13 7 8 -2 14 11 12 -11 -4 -1 -7 17 -6 -18
right_child=2 -3 4 -5 16 15 -8 -9 -10 10 -12 -13 -14 -15 -16 -17 18 -19 -20
leaf_value=-0.035160588951991957 -0.031088552721614968 0.031431772553514051 0.0023353368805516025 0.029554428332035764 -0.0053325002996117456 0.033440890614219107 0.036174550587521975 -0.039365089322296265 0.0020898857255718562 -0.018038748891478957 0.018306647326543593 -0.037538555617691059 0.035377730476236109 -0.036103042657397284 0 0.0010951920873173539 0.01555930220084879 0.030107444355228812 0.035511850032055085
leaf_weight=23.217958912253383 6.9085573852062216 4.5622501745820037 5.4037332385778445 7.0300738960504523 3.3845267891883841 7.2744114547967893 3.1186085343360892 4.5599216595292082 34.195575326681137 15.679512798786172 3.5113456025719634 7.8465079367160788 2.4036831185221663 3.798906221985817 1.9706540703773487 2.8968186154961586 3.5526242256164577 8.3791327998042089 19.040956050157547
leaf_count=238 50 26 23 31 16 31 15 26 163 115 18 63 11 20 10 15 17 46 97
internal_value=2.48786e-05 -0.018511 0.0100758 0 0.0205132 0.00641781 -0.00430047 -0.00720326 -0.00347567 -0.0227865 -0.0143955 -0.0189925 -0.0106179 -0.0134273 -0.0323797 0.0246211 0.0283327 0.0196991 0.0325891
internal_weight=168.736 59.1919 109.544 55.8127 53.7311 19.3739 48.7827 45.6641 41.1041 54.6297 29.441 25.9297 18.0832 9.20264 25.1886 10.1712 34.3572 11.7637 22.5936
internal_count=1031 481 550 285 265 89 254 239 213 455 207 189 126 43 248 46 176 62 114
is_linear=0
shrinkage=0.03


Tree=49
num_leaves=20
num_cat=0
split_feature=3 13 17 9 11 2 13 9 17 11 2 17 10 13 14 9 2 2 2
split_gain=37.4972 10.7402 8.47625 8.28568 9.33472 6.85951 5.57443 4.2062 5.2095 3.15889 4.16222 4.52131 4.12984 2.59029 4.80928 2.21321 1.08274 0.902499 0.359255
threshold=92.004491535183703 5.7162776198724939e-06 2.8629862790204679 638.92857142857144 1.9301860155089103 60.475193332365812 9.762288679027428e-07 901.78571428571445 1.3715453404262175 -0.6069064580273803 86.688137412775106 2.1651655021981244 0.24796584314272821 1.957869825016723e-06 235.26307619485837 833.21428571428589 59.871733908823792 89.07751268487533 59.616779497098655
decision_type=2 2 2 2 2 2 2 2 2 2 2 2 2 2 2 2 2 2 2
left_child=5 2 9 17 6 15 -5 8 -7 12 11 -11 -2 14 -10 -1 -3 -4 -17
right_child=1 16 3 4 -6 7 -8 -9 13 10 -12 -13 -14 -15 -16 18 -18 -19 -20
leaf_value=-0.0033804523428316176 -0.014767518978396284 0.014628885490163326 0.034805836502929642 -0.0058844010555386085 -0.037743861564130107 0.025607013216550338 0.017412403495436764 0.027837812473307147 -0.015641433341746915 0 0.0069067387542350129 -0.04387249781148668 0.033225869645811409 -0.034928052572637411 0.026620620270894492 -0.034675137631586792 0.034415346364287842 0.016349387312356758 -0.017904871657150854
leaf_weight=2.7888536378741291 3.4076968431472805 3.8652458488941219 12.057378813624384 13.602022729814051 4.0019011646509162 2.8621636778116217 27.480680875480175 2.3692589402198783 27.064273133873943 3.3027878403663617 3.8587693870067588 6.3235988989472389 2.8342663124203682 5.3447400555014601 2.522192955017089 20.020132385194305 16.533419147133827 4.2112793773412696 2.4188158661127082
leaf_count=16 22 21 59 63 20 14 123 10 173 20 22 39 11 43 12 221 98 22 22
internal_value=2.80077e-05 0.0114578 0.00649695 0.0120161 0.0052849 -0.0176545 0.00963069 -0.00980232 -0.0123084 -0.010491 -0.0186748 -0.0292032 0.00673192 -0.0155649 -0.0118601 -0.0299486 0.0309021 0.0303406 -0.0330879
internal_weight=166.869 101.479 81.0804 61.3533 45.0846 65.3904 41.0827 40.1626 37.7934 19.7271 13.4852 9.62639 6.24196 34.9312 29.5865 25.2278 20.3987 16.2687 22.4389
internal_count=1031 520 401 287 206 511 186 252 242 114 81 59 33 228 185 259 119 81 243
is_linear=0
shrinkage=0.03


Tree=50
num_leaves=20
num_cat=0
split_feature=17 2 3 14 17 7 2 7 2 14 3 10 11 4 0 17 9 9 14
split_gain=34.5109 9.58746 9.51768 6.74673 5.78357 9.64586 5.17602 9.46884 14.9326 7.00238 4.68461 3.52326 3.36218 2.97853 2.8439 1.12521 1.04173 2.84482 0.541162
threshold=2.8806199897623208 63.39626252546104 116.82915506035285 241.77396812755393 1.8989994014163509 23.166368515205729 59.448012789947555 23.606811145510843 67.906269115548113 168.09143875133501 91.007690790771065 -1.0000000180025095e-35 -0.22641366312299685 26.99385333634152 74.141274112809228 2.3964569750037366 851.07142857142878 811.78571428571433 211.92438860467271
decision_type=2 2 2 2 2 2 2 2 2 2 2 2 2 2 2 2 2 2 2
left_child=1 14 6 4 5 -3 10 8 11 -10 -2 -8 15 -14 18 -6 17 -9 -1
right_child=2 3 -4 -5 12 -7 7 16 9 -11 -12 -13 13 -15 -16 -17 -18 -19 -20
leaf_value=-0.022580104844171524 -0.035096867863398266 0.031089325185304856 0.034422722810435687 0.021971807296922607 -0.020062744993105699 -0.036117725275085916 -0.0066093148999270372 0.027958526230276993 -0.0014216947349867664 0.024226467966182615 0.0048307640082454854 -0.039964456003211482 0.0043338581691981714 -0.032000339511141028 0.0048381840212286132 -0.040780384636839369 0.03856003327225422 -0.0040973136741567434 -0.034916674457046569
leaf_weight=6.8015154376626077 4.3521576002240163 5.686101898550989 14.313768431544302 6.2364544272422782 5.8561107963323611 2.7557840794324875 5.4331697523593903 13.732541978359228 17.089608691632748 21.080906182527542 6.2044777646660805 6.6608881056308729 6.5212443843483907 2.7739292979240417 1.856621779501437 5.9876066371798515 5.9557655751705161 2.8180891275405875 19.774323254823685
leaf_count=69 41 26 88 28 40 22 29 67 82 94 29 40 36 16 9 39 32 15 213
internal_value=0.000593941 -0.0164472 0.0118434 -0.00598757 -0.0120374 0.00863294 0.00789217 0.0107618 0.00343365 0.0126912 -0.0115235 -0.025403 -0.0204353 -0.00641512 -0.0294512 -0.0310415 0.0269079 0.0223284 -0.0319683
internal_weight=161.891 64.2497 97.6414 35.8172 29.5808 8.44189 83.3276 72.771 50.2646 38.1705 10.5566 12.0941 21.1389 9.29517 28.4325 11.8437 22.5064 16.5506 26.5758
internal_count=1015 498 517 207 179 48 429 359 245 176 70 69 131 52 291 79 114 82 282
is_linear=0
shrinkage=0.03


Tree=51
num_leaves=20
num_cat=0
split_feature=17 2 3 14 17 7 13 0 7 2 11 13 5 15 8 3 5 14 5
split_gain=32.8916 9.35408 9.30592 6.39203 5.47792 9.15463 5.16975 6.12343 5.12704 14.063 4.91449 3.28113 5.77328 2.96027 2.7841 2.73332 1.42139 0.548246 3.35004
threshold=2.8806199897623208 63.39626252546104 116.82915506035285 241.77396812755393 1.8989994014163509 23.166368515205729 8.5806203385474208e-06 74.65411239365784 23.166368515205729 67.906269115548113 -0.13322915062453353 9.762288679027428e-07 43.122637848276128 12.412447922890051 809.52380952380975 91.007690790771065 62.942930153678198 211.92438860467271 41.169511991443379
decision_type=2 2 2 2 2 2 2 2 2 2 2 2 2 2 2 2 2 2 2
left_child=1 14 6 4 5 -3 7 10 9 -9 15 13 -13 -6 -1 -2 -10 18 -16
right_child=2 3 -4 -5 11 -7 -8 8 16 -11 -12 12 -14 -15 17 -17 -18 -19 -20
leaf_value=0.0047013097246790085 -0.037005365213792538 0.03008837324605651 0.034248916408937242 0.021419726091907544 -0.007332849144091479 -0.035791525557940601 0.030240405264148493 -0.029287990355042013 0.030181459915224976 0.012328457442568009 0.014664938274003647 0.0098185802212366925 -0.040742177281419878 -0.040645742090594503 -0.033687233583147361 -0.0024084214967475749 0.0075785745179980379 -0.034735130760915472 0.015194496368265415
leaf_weight=1.8562718182802225 5.9847229421138746 5.7020794972777384 13.960659012198446 6.208288922905921 3.8123013451695469 2.6992404162883759 8.2120545729994756 8.9515334218740445 10.904644154012201 37.471857994794846 3.8409606143832198 6.2799044623970968 2.8553549647331238 8.0673500373959524 5.1992523968219784 3.4181571826338768 3.850422576069831 19.289197534322739 1.4960755184292791
leaf_count=9 54 26 88 28 26 22 52 48 48 173 19 29 21 55 57 15 20 213 12
internal_value=0.000579313 -0.016164 0.0116164 -0.00584793 -0.0117575 0.00839705 0.00771977 0.00515725 0.00919045 0.00419363 -0.0131781 -0.0199585 -0.0059301 -0.0303562 -0.0291887 -0.024902 0.0245758 -0.0317334 -0.0222602
internal_weight=160.06 63.4653 96.595 35.6245 29.4162 8.40132 82.6344 74.4223 61.1785 46.4234 13.2438 21.0149 9.13526 11.8797 27.8408 9.40288 14.7551 25.9845 6.69533
internal_count=1015 498 517 207 179 48 429 377 289 221 88 131 50 81 291 69 68 282 69
is_linear=0
shrinkage=0.03


Tree=52
num_leaves=20
num_cat=0
split_feature=17 0 12 13 0 10 0 7 6 12 13 0 14 14 5 15 17 17 8
split_gain=31.3596 7.94965 7.85087 7.32815 7.65975 6.96685 4.76123 6.05581 4.96584 3.37417 4.72442 3.44356 2.62886 7.43443 2.3236 2.22615 2.17141 3.55156 2.04563
threshold=2.8806199897623208 73.641156708834203 0.00032632022102510003 8.5806203385474208e-06 74.65411239365784 -0.49453008093906942 94.209044680320389 22.653958944281531 68.953324116793851 0.00055444982254205003 1.4959757770535594e-06 70.350025906665223 243.17835524928077 206.79323788140445 62.942930153678198 12.41685145209434 3.8436818028904884 3.6683862248245402 837.30612244897964
decision_type=2 2 2 2 2 2 2 2 2 2 2 2 2 2 2 2 2 2 2
left_child=1 9 15 4 5 -2 7 8 -6 10 11 -1 13 -4 -9 -3 17 -7 -13
right_child=3 2 12 -5 6 16 -8 14 -10 -11 -12 18 -14 -15 -16 -17 -18 -19 -20
leaf_value=-0.034140471819898689 0.019451428209089641 -0.0011626884875585528 0.018066570766204264 0.031643758527516552 0.0066310994572900154 -0.031792021137483667 0.027171976203591575 0.030260962027240022 -0.020395221431017057 -0.033510714616189541 0.032610074406710647 -0.018135642977584583 0.023386423196378705 -0.026876940222928067 0.0027668973323839489 -0.033896621967967305 -0.049947960622859312 0.014863061700927322 0.02237804032254229
leaf_weight=6.4729766324162465 3.9776185378432265 2.7420339807868022 7.8708594292402285 13.758935451507567 31.107214093208313 4.3836172595620138 14.606274917721747 11.57975249737501 7.4948023855686179 20.670640058815479 1.6228826940059651 2.3609362244606018 5.8287881165742865 5.563723161816597 3.9794041141867629 7.5341560170054436 2.7402749210596085 2.0108436569571495 1.9601285234093664
leaf_count=71 19 19 31 92 145 39 80 52 39 227 11 19 25 30 21 51 20 10 14
internal_value=0.000566824 -0.0159011 -0.00444139 0.0113872 0.00791228 -0.0129212 0.0119413 0.00773607 0.00126713 -0.0259974 -0.0130823 -0.0204638 0.00673621 -0.00038549 0.0234832 -0.0255466 -0.0274004 -0.0166557 0
internal_weight=158.266 62.6271 29.5396 95.6387 81.8798 13.1124 68.7674 54.1612 38.602 33.0876 12.4169 10.794 19.2634 13.4346 15.5592 10.2762 9.13474 6.39446 4.32106
internal_count=1015 498 156 517 425 88 337 257 184 342 115 104 86 61 73 70 69 49 33
is_linear=0
shrinkage=0.03


Tree=53
num_leaves=16
num_cat=0
split_feature=3 3 13 2 11 0 14 2 13 10 0 16 1 10 10
split_gain=26.3668 12.3007 8.28706 7.24407 8.11314 5.85732 8.3272 9.00813 4.4097 4.19708 3.45798 4.07542 2.97935 1.73647 0.114692
threshold=86.866690621631349 118.47696347576991 8.5806203385474208e-06 60.301538613763427 -0.19992521536406557 73.641156708834203 169.07526551374539 69.594082567295985 2.6082711010539704e-07 0.40556148212077875 71.595558322960429 0.068669563667295361 9.5044670621973015 -0.064889780905865377 0.29759525383550628
decision_type=2 2 2 2 2 2 2 2 2 2 2 2 2 2 2
left_child=3 2 5 -1 10 12 8 -8 -7 -6 11 13 -2 -5 -12
right_child=1 -3 -4 4 9 6 7 -9 -10 -11 14 -13 -14 -15 -16
leaf_value=-0.033870283427040099 -0.034472302391822494 0.033506892337063103 0.031709380270408316 0.030749111633172409 0.031567509023933474 0.0093134685792590263 0.0015294135049931411 0.026652999131988351 -0.018010492316674259 -0.011078914927590586 -0.036878864801284029 -0.032906028325279141 0.0032856138009324637 -0.0081999387532990242 -0.020033827472755415
leaf_weight=18.386394038796425 5.6763693615794164 14.76990322768688 8.8756610527634603 2.3124239519238476 5.1568271070718747 7.2130386605858829 37.371695049107075 19.708857297897339 18.477714516222477 3.2335454076528549 6.8645164817571622 2.6444057449698448 2.5606827363371849 1.568771786987784 1.7718565016984937
leaf_count=225 48 93 57 16 24 37 175 91 103 20 59 27 13 14 13
internal_value=0.000555121 0.00801947 0.00419088 -0.0197504 -0.00850412 0.00144233 0.00388302 0.010288 -0.0102162 0.0148419 -0.0216325 -0.00449943 -0.0224759 0.0144419 -0.0340352
internal_weight=156.593 114.654 99.884 41.9387 23.5523 91.0084 82.7713 57.0806 25.6908 8.39037 15.162 6.5256 8.23705 3.8812 8.63637
internal_count=1015 617 524 398 173 467 406 266 140 44 129 57 61 30 72
is_linear=0
shrinkage=0.03


Tree=54
num_leaves=20
num_cat=0
split_feature=17 3 2 14 17 7 13 2 2 3 3 17 6 13 5 15 0 1 13
split_gain=28.8376 8.73868 8.71184 5.70836 5.24608 8.51916 4.85031 9.92964 7.43599 6.31721 3.85584 3.18564 6.56212 3.04406 5.34498 2.72696 2.62606 2.54349 1.83351
threshold=2.8806199897623208 116.82915506035285 63.39626252546104 241.77396812755393 1.8989994014163509 23.166368515205729 1.2110112806685599e-06 67.906269115548113 59.448012789947555 108.10828717568178 91.007690790771065 6.1233309231938344 35.482181971140946 9.762288679027428e-07 43.122637848276128 12.412447922890051 74.141274112809228 9.0719343414854681 3.6639749881098965e-06
decision_type=2 2 2 2 2 2 2 2 2 2 2 2 2 2 2 2 2 2 2
left_child=2 6 16 4 5 -4 7 -2 10 18 -8 12 -9 15 -15 -6 -1 -11 -10
right_child=1 -3 3 -5 13 -7 8 11 9 17 -12 -13 -14 14 -16 -17 -18 -19 -20
leaf_value=-0.031145607706297929 -0.039063271920813346 0.033794801032241403 0.029409665460395969 0.02049256537379902 -0.0072626228124881764 -0.035123825662969455 -0.034547444224764808 -0.034643537894240302 0.019365999005366022 -0.031586742983678834 0.0041268026356388651 0.027633360335590402 0.0080745566902902417 0.0093136496736892938 -0.040008834591818997 -0.039576418129710772 0.0044802918723627202 0.0089729483707120441 0.036039416425607748
leaf_weight=24.364873804152015 5.2389718741178504 13.00492115318775 5.6780641153454798 6.0875431746244422 3.7732786908745783 2.5786712840199471 3.5273501947522146 3.7877098247408929 23.982896707952023 2.5950247645378104 6.0859807729721069 4.7720774263143531 19.123511113226414 6.250631131231783 2.7443254068493843 7.8083696961402893 1.8329523429274548 2.6406777203083038 9.1120971888303739
leaf_count=282 41 88 26 28 26 22 35 20 112 15 29 19 87 29 21 55 9 16 55
internal_value=0.000542399 0.0109986 -0.0154599 -0.00551446 -0.0111608 0.00871701 0.00725829 -0.0015259 0.0133433 0.0192776 -0.00996438 0.00558498 0.00076212 -0.0192858 -0.00567904 -0.0294578 -0.0285314 -0.010783 0.0241418
internal_weight=154.99 93.8712 61.1187 34.9209 28.8333 8.25674 80.8663 32.9223 47.944 38.3307 9.61333 27.6833 22.9112 20.5766 8.99496 11.5816 26.1978 5.2357 33.095
internal_count=1015 517 498 207 179 48 429 167 262 198 64 126 107 131 50 81 291 31 167
is_linear=0
shrinkage=0.03


Tree=55
num_leaves=20
num_cat=0
split_feature=8 7 12 1 2 7 4 2 10 15 8 5 10 9 14 16 0 0 14
split_gain=22.4077 11.8689 9.71336 7.82885 9.17948 9.90479 6.43198 6.22557 5.34916 5.77796 4.78819 4.48858 3.70213 3.33291 3.15615 1.63623 0.877008 0.997209 0.803991
threshold=803.78378378378386 25.760368663594473 0.0041282874743341505 3.3840154458862992 68.796114941911952 7.7935222672064786 31.595618642934824 71.733613371838644 -0.14604883212705333 12.795450712666181 941.26728110599083 81.892689659865326 -0.53914251524976076 750.357142857143 218.71827276498723 0.071878579523690325 70.572686888531365 69.610998856394176 284.08892759453431
decision_type=2 2 2 2 2 2 2 2 2 2 2 2 2 2 2 2 2 2 2
left_child=1 3 8 -1 6 7 14 -6 10 16 11 12 -2 -8 -5 -7 17 -10 -3
right_child=2 18 -4 4 5 15 13 -9 9 -11 -12 -13 -14 -15 -16 -17 -18 -19 -20
leaf_value=-0.03766026169581816 -0.025278762918434498 0.022601824887702005 0.029446130893465566 -0.0077787425771642894 -0.035606477997486702 0.033070199070341186 -0.01664828191649606 0.0059927055043102577 -0.029882734203931473 0.017949694272981195 -0.033788024346389264 0.034219130857428337 0.0037396736657156139 -0.058316550786096037 0.021604648711375983 0.014254195171141777 -0.041024995722648852 0 0.036474336170339731
leaf_weight=3.9400777444243422 6.4821770936250713 12.798986218869688 3.7927911505103102 10.649058446288111 3.5735240131616619 15.144123911857607 5.444124832749365 26.964261807501316 10.479514874517923 1.9702451452612866 5.4574375972151747 2.5416033267974845 9.5160358622670191 2.771581158041954 4.6255575567483893 6.9712402299046508 10.65214981138706 1.1637566164135922 8.2008731663227064
leaf_count=31 50 73 26 55 21 71 27 138 135 14 67 14 68 15 19 37 91 12 43
internal_value=2.08411e-05 0.00827395 -0.0159329 0.00295418 0.00514178 0.0121189 -0.0103551 0.000926532 -0.0196146 -0.029583 -0.00932928 -0.00182593 -0.00791569 -0.0315981 0.00100684 0.0273649 -0.0339788 -0.0269826 0.0283087
internal_weight=153.139 101.083 52.0557 80.0835 76.1435 52.6531 23.4903 30.5378 48.2629 24.2657 23.9973 18.5398 15.9982 8.21571 15.2746 22.1154 22.2954 11.6433 20.9999
internal_count=1007 530 477 414 383 267 116 159 451 252 199 132 118 42 74 108 238 147 116
is_linear=0
shrinkage=0.03


Tree=56
num_leaves=20
num_cat=0
split_feature=17 3 2 7 2 7 7 17 10 12 17 0 7 9 2 1 10 10 2
split_gain=28.9891 8.78512 6.65034 6.21366 13.446 6.09791 5.78235 10.8711 5.54189 5.49821 4.27063 4.08047 3.86325 5.57874 4.48698 2.45261 2.36514 2.36488 2.28967
threshold=2.752727462075931 92.206477732793545 62.686706809326829 22.967032967032974 66.508355232803083 7.0598006644518287 20.991432068543457 2.4312192143704459 -0.30718345230324184 0.00054393916552815012 2.3845546160782591 75.692262775953111 7.7935222672064786 638.92857142857144 68.796114941911952 4.1955815993799295 0.93682927292658691 0.33715594620406381 58.782394076511729
decision_type=2 2 2 2 2 2 2 2 2 2 2 2 2 2 2 2 2 2 2
left_child=2 8 16 4 -3 -4 7 -7 -2 15 17 -11 13 -6 -14 -10 -1 -8 -5
right_child=1 3 5 18 12 6 10 -9 9 11 -12 -13 14 -15 -16 -17 -18 -19 -20
leaf_value=-0.032648403673117665 0.022029801034135751 -0.031237340959138805 -0.030804361474760893 0.0045082821040520662 0.022844798904092165 0.03131279945919984 -0.036276395372487745 -0.028532759940737968 -0.0045407533301810785 -0.012766072951292515 0.0099913750734233388 0.032720829735746741 -0.00051048012178029885 -0.0058190105916751415 0.031985456012565951 -0.041586939756064027 0.0078423548491498227 0 0.031039867534125389
leaf_weight=20.600942879915241 4.3769586235284832 6.5060472339391699 8.303946450352667 3.7662273645401028 10.477912187576296 8.8199164718389529 6.4971069023013097 3.8024276793003073 2.4465385451912898 4.922818034887313 3.7637372687458983 2.624827653169632 4.8170392662286785 14.140718236565588 15.561036407947539 6.2391039729118347 1.2229086160659779 1.9748295843601225 20.739509075880051
leaf_count=251 24 35 65 18 54 38 51 23 19 36 20 10 22 64 80 47 10 12 128
internal_value=1.84778e-05 0.00993195 -0.017333 0.0146518 0.00862054 -0.00869835 -0.00109969 0.0129662 -0.00731636 -0.015499 -0.0158408 0.00288154 0.0145066 0.00630227 0.0241925 -0.0316638 -0.0302172 -0.0276496 0.0271191
internal_weight=151.605 96.6187 54.9858 76.0085 51.5028 33.162 24.858 12.6223 20.6102 16.2333 12.2357 7.54765 44.9967 24.6186 20.3781 8.68564 21.8239 8.47194 24.5057
internal_count=1007 537 470 401 255 209 144 61 136 112 83 46 220 118 102 66 261 63 146
is_linear=0
shrinkage=0.03


Tree=57
num_leaves=20
num_cat=0
split_feature=17 9 7 9 11 10 9 0 10 17 5 7 17 17 5 10 10 1 14
split_gain=27.6464 6.54372 6.07222 10.3837 5.95678 6.10983 5.84554 5.34056 10.4232 4.90524 4.7596 3.18702 3.10682 5.19136 6.42618 4.28884 2.18524 2.15599 5.66011
threshold=2.752727462075931 873.21428571428589 22.967032967032974 671.78571428571433 -0.47091538107446163 -0.40833989887275124 790.357142857143 74.762110204117604 -0.14018094067560857 1.3298036539118665 28.607308868921226 2.899159663865547 2.1969014606566168 2.4312192143704459 31.085272902729379 0.81898637469589708 -0.80068530725340203 5.1567425255559209 213.62542376264523
decision_type=2 2 2 2 2 2 2 2 2 2 2 2 2 2 2 2 2 2 2
left_child=1 9 3 -2 6 -6 10 8 16 -1 -5 -7 17 14 -14 -15 -4 -11 -19
right_child=2 -3 7 4 5 11 -8 -9 -10 12 -12 -13 13 15 -16 -17 -18 18 -20
leaf_value=0.026779303286716141 0.01938080253740844 -0.033589648887323305 0.037509729606428482 -0.012365665579991768 0.0066608894946965291 0 -0.028389435628445061 0.029445496950084651 -0.029696415239731676 -0.036050879327622493 0.023408024613869611 -0.038880885991592555 -0.038374058044310273 -0.032601692554197426 0.022856959976812787 0.0061024440820190489 0.0066672675338334611 0.014437910997570512 -0.034194869141063094
leaf_weight=2.8253985345363608 23.912608057260513 15.457571811974047 4.9819234460592261 4.4988900497555795 5.5938727781176594 2.5215505659580222 3.622524105012416 20.690376453101635 4.8592667430639258 6.9921978935599318 11.569561555981634 9.3033214882016164 1.8042612299323098 7.3759831711649877 7.6473653018474579 3.7105112597346306 4.0323367193341246 3.7040482908487302 4.7321965992450714
leaf_count=14 126 204 30 26 26 13 27 118 37 66 50 57 15 55 40 18 27 19 39
internal_value=1.64348e-05 -0.0170507 0.00974185 0.00397689 -0.0058938 -0.0186611 0.00528588 0.0197924 0.00507392 -0.0103138 0.0131919 -0.0308469 -0.013377 -0.00549804 0.0105748 -0.019441 0.0242667 -0.0235693 -0.0125715
internal_weight=149.836 54.2495 95.5862 61.0223 37.1097 17.4187 19.691 34.5639 13.8735 38.792 16.0685 11.8249 35.9666 20.5381 9.45163 11.0865 9.01426 15.4284 8.43624
internal_count=1007 470 537 325 199 96 103 212 94 266 76 70 252 128 55 73 57 124 58
is_linear=0
shrinkage=0.03


Tree=58
num_leaves=20
num_cat=0
split_feature=17 3 2 7 2 7 13 17 15 7 0 2 12 6 2 2 17 1 16
split_gain=26.367 8.04756 6.43599 5.8768 12.4892 5.78451 6.34367 10.8703 4.1309 3.73121 5.04463 4.3118 3.65677 5.43093 4.27475 2.94041 2.74102 2.70908 2.25319
threshold=2.752727462075931 92.206477732793545 62.686706809326829 22.967032967032974 66.508355232803083 7.0598006644518287 1.5600616820348554e-06 2.4631673764588413 12.383170692133804 7.7935222672064786 94.209044680320389 68.796114941911952 0.00054393916552815012 46.586987495224612 60.301538613763427 58.292880258899693 2.2794214326056088 8.4834181120742809 0.38296965814818834
decision_type=2 2 2 2 2 2 2 2 2 2 2 2 2 2 2 2 2 2 2
left_child=2 8 18 4 -3 -4 7 -7 -2 10 -6 -11 13 -10 17 -5 -8 -14 -1
right_child=1 3 5 15 9 6 16 -9 12 11 -12 -13 14 -15 -16 -17 -18 -19 -20
leaf_value=-0.032266417211479895 -0.039831531126912005 -0.030188228906048869 -0.030180556193539258 0 -0.0047425838919311009 0.027684024174633295 -0.030893731736987409 -0.028666071460572502 0.008343984294403084 -0.00051117301566300406 0.023097012895453174 0.031481463394154537 -0.034932656511719236 -0.039151207925639191 0.029021472658180739 0.030845082666623485 0.0016109937758535494 0.014297598679173117 0.0073673420160052568
leaf_weight=19.681694470345978 2.8687419295311001 6.4810621887445441 8.0578934699296934 3.3923582285642651 14.940265215933325 10.571815937757494 6.458747632801531 4.197078362107276 4.0916712060570735 4.8005130589008358 9.383882209658621 15.127378724515436 2.0555526316165911 4.254916749894619 5.2767271101474762 20.213793948292732 3.3477885276079178 1.7031103149056432 1.2157138437032688
leaf_count=252 25 35 65 17 68 49 50 25 23 22 50 80 21 36 21 129 20 10 9
internal_value=1.27696e-05 0.00955228 -0.0167742 0.0141291 0.00826084 -0.00827967 -0.000883931 0.0113834 -0.00708835 0.014015 0.00592527 0.0236608 -0.00131584 -0.0156898 0.0116603 0.0265262 -0.0195901 -0.0120557 -0.0297937
internal_weight=148.121 94.59 53.5307 74.3393 50.7331 32.6333 24.5754 14.7689 20.2507 44.252 24.3241 19.9279 17.382 8.34659 9.03539 23.6062 9.80654 3.75866 20.8974
internal_count=1007 537 470 401 255 209 144 74 136 220 118 102 111 59 52 146 70 31 261
is_linear=0
shrinkage=0.03


Tree=59
num_leaves=20
num_cat=0
split_feature=17 3 9 7 9 11 17 4 11 13 6 13 17 17 3 3 12 6 0
split_gain=25.1393 7.67202 6.39701 5.71061 5.61565 6.06076 4.48402 3.94017 5.30804 4.92367 3.48232 3.40688 2.98965 4.72532 5.11465 4.65089 2.40112 6.70472 1.19271
threshold=2.752727462075931 92.206477732793545 873.21428571428589 22.967032967032974 625.00000000000011 1.1139857990578539 1.3298036539118665 17.834622288349717 -0.95359092033710469 7.8979539476442157e-07 72.509381335698393 2.1238035373238287e-06 2.1969014606566168 2.4312192143704459 96.662958843159089 93.645601336302917 0.00051735377730640004 53.212076692340133 74.846379982924915
decision_type=2 2 2 2 2 2 2 2 2 2 2 2 2 2 2 2 2 2 2
left_child=2 7 6 4 -3 10 -1 9 -9 -2 -6 -7 16 15 -15 -14 17 -8 -10
right_child=1 3 -4 -5 5 11 12 8 18 -11 -12 -13 13 14 -16 -17 -18 -19 -20
leaf_value=0.025540209650479897 -0.017817283791992496 0.025277651679773586 -0.033329606284159076 0.026219178330736972 0.012840583392562771 -0.045051654041654322 -0.035717324283976976 0.014781442023939294 -0.037748648912914601 0.03703021343035872 -0.011141277483474762 0 0.025898307090792862 -0.037248104801267841 0.0032422809629432739 -0.017530244162058718 -0.034584316922722277 0.021433704637886596 -0.015753805690347816
leaf_weight=2.830266945064067 2.414197281003001 12.686758287250994 14.706397239118813 23.177901528775692 24.703807905316356 3.2931876033544532 3.9697854742407781 3.6799836084246644 4.8136235326528514 3.3365360721945763 6.7702982723712912 2.8782711774110794 6.0732471942901629 5.9051517322659475 5.0100594013929367 3.2990313023328781 7.8175645172595978 3.2329080998897552 5.8015575632452965
leaf_count=14 22 75 204 146 114 18 36 23 44 14 34 14 34 47 26 21 72 16 33
internal_value=9.2698e-06 0.00937024 -0.0164932 0.0138663 0.00807764 0.00215005 -0.00985226 -0.00695534 -0.0154622 0.0135811 0.00756796 -0.0246827 -0.0128382 -0.00509241 -0.01853 0.0102711 -0.0229989 -0.00971221 -0.0262669
internal_weight=146.401 93.5561 52.8444 73.5102 50.3323 37.6456 38.138 20.0459 14.2952 5.75073 31.4741 6.17146 35.3077 20.2875 10.9152 9.37228 15.0203 7.20269 10.6152
internal_count=1007 537 470 401 255 180 266 136 100 36 148 32 252 128 73 55 124 52 77
is_linear=0
shrinkage=0.03


Tree=60
num_leaves=20
num_cat=0
split_feature=17 2 3 7 2 2 17 6 13 1 15 16 16 16 17 4 0 12 13
split_gain=20.6012 10.3375 8.55554 6.23862 14.6998 10.5192 5.45209 5.39891 7.57386 2.71827 3.05077 2.69988 2.67836 2.44286 1.8309 1.81565 1.98604 1.76078 2.81746
threshold=2.752727462075931 63.015789402596006 116.82915506035285 20.638945233265726 67.361711322385489 57.573707649811162 1.4770963457182194 62.813666075292524 2.6082711010539704e-07 5.4772305909261556 12.72855847272055 0.056581376359004058 0.067304954841184469 0.059205614062826907 1.8989994014163509 42.710582447410239 77.880253462304708 0.00070504007864665016 1.0886170533628882e-06
decision_type=2 2 2 2 2 2 2 2 2 2 2 2 2 2 2 2 2 2 2
left_child=1 -1 3 4 17 11 -3 8 -6 10 14 -5 13 -11 -8 -7 -17 18 -2
right_child=2 6 -4 5 7 15 9 -9 -10 12 -12 -13 -14 -15 -16 16 -18 -19 -20
leaf_value=-0.031056100915815999 -0.037944848169050478 0.023830006154085454 0.032042511249423873 -0.04412603956298472 0.037154753107221147 0.025064922790281045 -0.0022165757793288967 0.030451438137060555 -0.0049966807324967975 -0.0022604185005379138 0.015288858325259029 -0.0033825586674054594 -0.018907155730223821 0.029693277017991203 -0.030138051860980754 0.023386578801397499 -0.016020266865376512 -0.050206493005595057 -0.0013378175904134415
leaf_weight=20.858827322721481 4.5483552366495115 5.2010810747742644 12.203812576830385 2.4608668759465209 4.4376637637615231 25.560596160590652 3.037742696702483 7.2119478806853285 24.521068796515465 5.1341650411486608 1.9416153356432904 3.8811788037419319 4.0646433904767028 3.4140729829668999 9.5022280514240247 2.1892292201519004 2.164116308093071 3.409075900912284 3.5008470267057419
leaf_count=269 40 26 90 21 17 143 25 33 128 27 12 28 23 13 79 15 15 19 18
internal_value=0.000322357 -0.0146267 0.00862968 0.0051537 -0.0019306 0.0145225 -0.00385971 0.00739527 0.00146504 -0.00935345 -0.0181828 -0.0200973 0.000611299 0.0103504 -0.0236826 0.0220047 0.00320332 -0.0314387 -0.0226032
internal_weight=149.243 53.1544 96.0888 83.8849 47.629 36.256 32.2955 36.1707 28.9587 27.0945 14.4816 6.34205 12.6129 8.54824 12.54 29.9139 4.35335 11.4583 8.0492
internal_count=1041 474 567 477 255 222 205 178 145 179 116 49 63 40 104 173 30 77 58
is_linear=0
shrinkage=0.03


Tree=61
num_leaves=20
num_cat=0
split_feature=17 9 7 8 17 10 0 10 15 5 13 15 7 17 10 7 17 0 15
split_gain=19.6072 8.79866 10.9342 8.06157 7.64102 5.51328 5.03479 8.86376 4.37492 3.89435 5.11101 3.19878 2.63429 4.00742 1.78169 1.50116 2.39419 3.04238 1.31206
threshold=2.752727462075931 674.28571428571433 23.166368515205729 850.59543817527015 1.3715453404262175 0.66724417872156472 74.762110204117604 -0.14018094067560857 12.836185852375712 51.019887780444314 9.762288679027428e-07 12.488477903462233 31.339285714285719 1.9590200070427655 -0.95420002508748991 10.582306830907056 5.5241315797618311 105.40874547473337 12.497396386820272
decision_type=2 2 2 2 2 2 2 2 2 2 2 2 2 2 2 2 2 2 2
left_child=3 15 5 4 -1 9 7 14 12 10 -3 -9 13 -6 -4 16 17 18 -2
right_child=1 2 6 -5 8 -7 -8 11 -10 -11 -12 -13 -14 -15 -16 -17 -18 -19 -20
leaf_value=0.038571791150680636 -0.009493666332918484 -0.014179031881953436 0.036104193387866947 -0.031110844635128188 0.01013169850447187 -0.049801343369111829 0.026453733866250367 -0.049555567876383134 0.027971976936267594 -0.031449217406269332 0.010610659628502847 -0.0021283161248209998 -0.033380001072344956 -0.016681240046326085 0.0078322228772834176 0.033625492910884125 0.03326262085743871 0.033112304764794105 0.013248782473228724
leaf_weight=3.0329807996749869 5.147230260074144 14.122431501746179 3.8229771330952653 17.311636082828045 6.7011679187417093 2.6048978120088568 17.279234625399113 2.7850381620228282 2.3348787650465956 4.2917645871639243 15.654670961201189 2.5667490847408772 5.0410255789756766 18.097886078059673 4.971264675259591 8.6373602002859098 5.9589798748493186 3.464869797229766 3.9332860261201859
leaf_count=12 28 87 24 241 43 17 100 23 11 26 73 20 46 121 35 62 32 22 18
internal_value=0.000312009 0.00844481 0.00262669 -0.0143673 -0.00598478 -0.00843857 0.015621 0.00208548 -0.0103844 -0.00505169 -0.00105408 -0.0278157 -0.0135692 -0.0093038 0.0207275 0.0228692 0.0175335 0.00962104 6.7608e-05
internal_weight=147.76 95.2408 68.099 52.5196 35.2079 36.6738 31.4253 14.146 32.175 34.0689 29.7771 5.35179 29.8401 24.7991 8.79424 27.1417 18.5044 12.5454 9.08052
internal_count=1041 567 405 474 233 203 202 102 221 186 160 43 210 164 59 162 100 68 46
is_linear=0
shrinkage=0.03


Tree=62
num_leaves=20
num_cat=0
split_feature=8 13 3 4 2 11 13 9 0 7 13 3 3 9 3 12 0 1 2
split_gain=17.5172 12.3222 8.98029 6.92791 6.92513 6.14127 4.98934 4.35802 6.74702 4.42126 3.86097 4.38796 3.85559 3.55162 2.43923 1.34167 0.806041 2.34571 0.324801
threshold=803.78378378378386 9.2995045586228507e-06 116.82915506035285 15.553697510219246 60.737558870030036 -0.68843238904368531 6.1125326437242192e-07 674.28571428571433 76.461871035650873 12.158167036215817 1.7214633054709371e-06 78.285249729008612 80.847043130280142 874.64285714285722 92.206477732793545 7.2518438884881724e-05 72.049993916571864 8.9616609325933236 66.08973406626059
decision_type=2 2 2 2 2 2 2 2 2 2 2 2 2 2 2 2 2 2 2
left_child=2 4 3 15 16 6 -5 9 -9 -7 11 -6 -13 18 -8 -1 17 -2 -12
right_child=1 -3 -4 5 10 7 14 8 -10 -11 13 12 -14 -15 -16 -17 -18 -19 -20
leaf_value=-0.0060909426456246816 -0.032319778616443487 0.030475282277221637 0.030791431370568865 -0.008642243235926458 -0.032268038505454059 0.0022759943492729391 0.0053797129362124965 0.016917260708507374 -0.014432247773178241 0.034982973331477568 -0.038277459514094204 0.038444277667079522 0 0.012981083691804387 0.029364082443071673 -0.038528410348609925 -0.049811683150688776 0 -0.016985844354596279
leaf_weight=2.0740082412958136 17.25944925099612 4.8522247597575179 13.062507219612597 5.0375430509448078 2.5693436115980175 13.243473827838899 5.3807037174701717 8.1263255104422552 24.163654655218124 5.2093681916594496 4.8506614640355092 3.0834200829267493 8.3761415630578977 1.7345749065279958 17.184960417449474 3.613662026822567 2.4141008257865897 2.3101024851202956 1.7061050310730932
leaf_count=16 246 37 96 29 29 70 26 36 131 31 48 20 54 11 85 29 18 16 13
internal_value=0.000307476 -0.0142461 0.00771332 0.00405799 -0.0192692 0.00642144 0.0177828 0.000159216 -0.00642212 0.0118099 -0.00727097 0.00214775 0.010336 -0.0234006 0.0238264 -0.027528 -0.0312272 -0.0285405 -0.0335263
internal_weight=146.252 49.1561 97.0962 84.0337 44.3039 78.346 27.6032 50.7428 32.29 18.4528 22.3202 14.0289 11.4596 8.29134 22.5657 5.68767 21.9837 19.5696 6.55677
internal_count=1041 492 549 453 455 408 140 268 167 101 175 103 74 72 111 45 280 262 61
is_linear=0
shrinkage=0.03


Tree=63
num_leaves=20
num_cat=0
split_feature=17 2 9 7 2 2 11 5 17 3 11 16 12 6 17 16 9 17 7
split_gain=18.0735 9.65154 8.23125 10.3226 10.3466 9.63784 10.2668 5.75499 4.8934 3.4227 3.31199 4.52779 2.69327 2.91861 2.43529 2.43241 1.59164 0.981224 2.72877
threshold=2.752727462075931 63.015789402596006 674.28571428571433 23.166368515205729 57.573707649811162 64.965236074092886 -0.13322915062453353 28.607308868921226 1.4770963457182194 100.84048146098506 -0.57065530276794962 0.075089058956064811 0.00032399662146710006 46.196365539345159 1.9590200070427655 0.056581376359004058 708.92857142857144 4.0848843543097955 6.3164893617021285
decision_type=2 2 2 2 2 2 2 2 2 2 2 2 2 2 2 2 2 2 2
left_child=1 -1 9 5 15 -4 7 -7 -3 -2 11 14 -12 -14 -10 -5 -8 18 -11
right_child=2 8 3 4 -6 6 16 -9 10 17 12 -13 13 -15 -16 -17 -18 -19 -20
leaf_value=-0.030505098996746402 -0.0078623683847943628 0.022626715470382766 -0.041988904646119353 -0.042740912323607758 0.024109893519895495 -0.015382287711751277 -0.050057418455352803 0.018049138088689763 0.033990857290303406 0.0033713858409833999 -0.033211849609016804 -0.027699426536926825 0.015181428006162245 -0.019616086916287429 0.00060201511533301128 -0.0031831408136965057 -0.019044228823178268 0.032383294256795647 0.033537890953046573
leaf_weight=19.556578911840916 2.8168584033846882 5.1777103170752552 6.1956456340849391 2.3076063990592983 24.540366776287556 6.2339308336377171 2.7913618683815029 16.621604159474373 3.381393060088163 5.6773039847612399 6.2014167010784105 2.9730155542492858 3.2074896022677404 5.9462486729025841 4.9616647660732269 3.8263643085956573 4.5749998241662979 12.335498593747614 5.5576147958636284
leaf_count=269 14 26 49 20 154 37 16 75 19 31 51 22 18 37 32 28 26 78 39
internal_value=0.000298745 -0.0139523 0.00817418 0.00252921 0.0153594 -0.00820792 -0.00106806 0.00877262 -0.0036306 0.02235 -0.0089055 0.0031764 -0.0179664 -0.00706648 0.014732 -0.0189929 -0.031711 0.0261053 0.0187229
internal_weight=144.885 51.4055 93.4792 67.0919 30.6743 36.4175 30.2219 22.8555 31.8489 26.3873 26.6712 11.3161 15.3552 9.15374 8.34306 6.13397 7.36636 23.5704 11.2349
internal_count=1041 474 567 405 202 203 154 112 205 162 179 73 106 55 51 48 42 148 70
is_linear=0
shrinkage=0.03


Tree=64
num_leaves=20
num_cat=0
split_feature=8 13 1 2 0 7 2 4 7 13 1 13 9 15 11 7 0 1 2
split_gain=16.069 11.5464 6.91909 6.62331 5.37047 6.62956 6.73935 7.53539 7.04067 3.73938 4.01091 4.35543 3.39718 2.55935 3.22039 1.98586 0.698481 2.3276 0.348969
threshold=803.78378378378386 9.2995045586228507e-06 3.4784143308301076 60.737558870030036 105.40874547473337 25.320512820512821 67.039148845101451 32.829336004210639 7.7935222672064786 1.7214633054709371e-06 4.0887036240839487 1.5109939169536454e-06 874.64285714285722 12.448501744834308 -0.80007286343095496 8.9898989898989914 72.049993916571864 8.9616609325933236 66.08973406626059
decision_type=2 2 2 2 2 2 2 2 2 2 2 2 2 2 2 2 2 2 2
left_child=2 3 -1 16 5 6 7 -4 -8 10 15 -12 18 -7 -15 -5 17 -2 -11
right_child=1 -3 4 9 -6 13 8 -9 -10 12 11 -13 -14 14 -16 -17 -18 -19 -20
leaf_value=-0.029456526213428855 -0.032042782358495052 0.030193448855796549 -0.0012852660521500375 0.0034023426087226717 0.034505052559852249 0.034545391918596971 -0.0033839111980833105 -0.048299431844601538 0.019040592004191767 -0.038062572775603432 0.0014647065746775348 0.049266741588593913 0.012660868465347367 0.033760420696564174 -4.001138929669899e-05 -0.033804636157606746 -0.048533665566684689 0 -0.016394959407599604
leaf_weight=4.2379060983657828 16.484337147325284 4.6867423802614203 10.744003124535082 1.9388335794210458 6.9346537068486205 8.7569161206483859 25.068935222923756 4.2782434672117224 24.814936220645905 4.7258668914437276 6.6947899237275106 2.2773675322532654 1.711606293916702 3.7743156999349594 6.8418892845511419 3.030736431479454 2.3601425588130942 2.2885499559342852 1.7038820832967756
leaf_count=36 246 37 55 17 49 54 137 24 127 48 46 9 11 24 43 31 18 16 13
internal_value=0.000288392 -0.013851 0.00742277 -0.0187555 0.00919947 0.0070433 0.00238165 -0.0151038 0.00772701 -0.00703879 0.00222059 0.0143381 -0.0230937 0.0224148 0.0118998 -0.0189161 -0.0307669 -0.028129 -0.0331191
internal_weight=143.355 47.9029 95.4518 43.2161 91.2139 84.2792 64.9061 15.0222 49.8839 22.0831 13.9417 8.97216 8.14136 19.3731 10.6162 4.96957 21.133 18.7729 6.42975
internal_count=1041 492 549 455 513 464 343 79 264 175 103 55 72 121 67 48 280 262 61
is_linear=0
shrinkage=0.03


Tree=65
num_leaves=20
num_cat=0
split_feature=3 0 10 14 11 12 2 13 5 1 10 13 1 9 9 16 10 11 2
split_gain=15.9288 10.299 8.69341 7.84104 8.6006 7.02527 6.92412 8.84253 5.29727 6.22613 4.13561 4.05183 3.99028 3.65234 1.6398 1.55623 1.32364 0.849092 0.638324
threshold=116.82915506035285 73.137108276773446 -0.82939162614670758 150.50208088574104 1.9301860155089103 0.00075652625185140007 70.175487574050408 9.4361042108115386e-07 21.951092851415229 5.4394107051894549 0.35778539367699963 2.6890627847283072e-06 10.494271486396142 768.21428571428589 824.64285714285722 0.065427323086859265 0.058720985005579353 1.600072034346627 60.825520669477136
decision_type=2 2 2 2 2 2 2 2 2 2 2 2 2 2 2 2 2 2 2
left_child=1 2 11 8 6 -6 7 -5 9 10 -3 -1 14 -10 -4 -8 -2 -13 -16
right_child=16 3 12 4 5 -7 15 -9 13 -11 -12 17 -14 -15 18 -17 -18 -19 -20
leaf_value=-0.014707543131155359 0.0075738766483821633 -0.037565285014974928 -0.0021551493865163015 -0.029843739284584583 -0.052201211012162692 0.0053254419542581484 0.035278844315492795 0.0095767087653102316 -0.04230825602795877 0.021456285413123784 0.0021118933977872911 0.040899208507615262 0.013825502913750553 0.004641250894315962 -0.033724386662411419 0.014296431397985023 0.034317037349686587 0.012202603232838604 -0.021711231606823533
leaf_weight=3.1290421187877646 2.3746804669499388 4.6094621270895022 2.3870300799608293 5.7398136705160132 3.6955475136637679 3.6433511599898338 9.7710492387413961 40.464213013648987 6.6292831823229772 5.8420313298702231 4.4581550508737564 2.4703660309314728 2.1271014288067809 1.7492989003658292 16.192530039697889 5.8923210427165023 11.528301179409025 2.2390831336379051 8.9417924694716913
leaf_count=25 18 34 21 37 22 19 47 213 45 27 26 15 11 13 251 30 85 17 95
internal_value=-0.000329038 -0.0036221 -0.0168717 0.00172783 0.00682334 -0.0235515 0.0105071 0.00456094 -0.0132508 -0.00225135 -0.0179202 0.0108557 -0.024315 -0.0322131 -0.0274108 0.0277167 0.0300502 0.0284167 -0.0296724
internal_weight=143.884 129.981 37.4869 92.4945 69.2063 7.3389 61.8674 46.204 23.2882 14.9096 9.06762 7.83849 29.6485 8.37858 27.5214 15.6634 13.903 4.70945 25.1343
internal_count=1051 948 435 513 368 41 327 250 145 87 60 57 378 58 367 77 103 32 346
is_linear=0
shrinkage=0.03


Tree=66
num_leaves=20
num_cat=0
split_feature=3 0 17 7 9 11 2 17 10 10 17 3 0 3 17 3 10 10 10
split_gain=15.3165 9.87172 9.01904 8.66149 5.08499 5.55105 4.56334 4.23839 3.45984 2.58543 4.34954 1.97472 1.75963 2.02541 1.36719 3.30355 1.31872 0.702024 0.342952
threshold=116.82915506035285 73.137108276773446 3.3390638447363421 13.921188630490958 796.42857142857144 1.9301860155089103 69.135849302002967 6.8697821159044574 -0.49453008093906942 -0.85313823316802317 2.4801615628267126 84.93436388173231 84.366286048498495 96.662958843159089 1.3298036539118665 77.705894434175406 0.058720985005579353 1.3376622765987853 -0.53914251524976076
decision_type=2 2 2 2 2 2 2 2 2 2 2 2 2 2 2 2 2 2 2
left_child=1 2 9 4 5 7 12 -3 -4 10 -1 -10 13 -5 15 -11 -2 -7 -16
right_child=16 3 8 6 -6 17 -8 -9 11 14 -12 -13 -14 -15 18 -17 -18 -19 -20
leaf_value=-0.033659543880157801 0.0073825210238698744 -0.0087476108637943428 0.031690782514984146 0.0095997830952309487 0.032661979367707282 -0.051181046436381973 0.030915347870341409 0.028646187112341334 -0.031102161427431399 -0.030478775592314863 0.023465438509761929 0.0075014396079516208 0.028470005708825886 -0.0055315780918072724 -0.017853790017304291 0.030796245184714723 0.034156734107468896 -0.023869018133978428 -0.033565508979569787
leaf_weight=2.189931936562064 2.365873046219348 35.550643816590309 3.685286708176136 22.565029338002205 2.5530420318245879 2.6043631732463828 8.380433537065981 2.8273809105157843 1.7409976236522178 2.1993439309299023 2.3920082300901413 3.108387254178524 2.9200555533170691 11.924843750894068 2.7019789405167165 1.0785776004195211 11.23976271599531 2.5941411182284355 17.767725650221106
leaf_count=21 18 205 24 113 13 15 48 13 21 36 15 16 18 73 33 9 85 15 260
internal_value=-0.000320703 -0.00354761 -0.0166481 0.0016861 -0.00744252 -0.00993024 0.0109439 -0.00584748 0.0100487 -0.0248035 -0.00333238 -0.00610005 0.0063195 0.00428053 -0.0287891 -0.00911372 0.0298077 -0.0388258 -0.0317343
internal_weight=142.39 128.784 36.8642 91.9199 46.1296 43.5765 45.7904 38.378 8.53467 28.3296 4.58194 4.84938 37.4099 34.4899 23.7476 3.27792 13.6056 5.1985 20.4697
internal_count=1051 948 435 513 261 248 252 218 61 374 36 37 204 186 338 45 103 30 293
is_linear=0
shrinkage=0.03


Tree=67
num_leaves=18
num_cat=0
split_feature=3 0 17 7 16 17 9 9 13 8 12 14 15 9 12 6 8
split_gain=14.7244 9.48847 8.68897 8.1855 7.68497 3.85194 4.43152 3.32808 3.11942 3.78245 2.76662 1.95214 1.7556 1.31512 0.528761 0.615726 0.2945
threshold=116.82915506035285 73.137108276773446 3.3390638447363421 13.921188630490958 0.013241861680725752 6.1233309231938344 792.14285714285722 685.357142857143 2.0196716786093808e-06 803.78378378378386 0.0021698659734532004 251.24920947828238 12.836185852375712 810.357142857143 0.0029062896564440504 61.439104488107652 725.51785714285722
decision_type=2 2 2 2 2 2 2 2 2 2 2 2 2 2 2 2 2
left_child=1 2 12 4 -3 6 -6 -5 13 -10 11 -4 14 -9 15 -1 -2
right_child=16 3 10 7 5 -7 -8 8 9 -11 -12 -13 -14 -15 -16 -17 -18
leaf_value=-0.021788938839530751 0.031639035041631507 0.031457674833454206 0.011942225350152772 0.033779536133663954 -0.016725621687612449 0.01636865949133472 0.025450108102271843 0.011063370460530702 0.0058758005425547238 -0.027056719378863302 0.028857471775725736 -0.025746766581296179 0 0.030469061480472355 -0.0015426471364004418 -0.033176572419435738 0.013596375643393853
leaf_weight=12.071332316845664 11.532942421734331 4.0714726001024237 2.5339774042367917 4.9730777740478507 35.801756747066975 3.9697735905647269 2.2501600980758658 20.216514930129055 12.298610612750055 4.0804676935076705 3.7453101277351379 2.1614191867411137 2.4151617586612693 4.0241279900073996 0.97478588670492072 12.300661772489546 1.781622789800166
leaf_count=148 89 23 16 33 207 19 12 103 72 27 26 19 25 17 9 192 14
internal_value=-0.00031159 -0.00346646 -0.0164555 0.00164197 -0.00722674 -0.0111119 -0.0140928 0.0106699 0.00769085 -0.00226093 0.00985835 -0.00495656 -0.0245702 0.0145201 -0.0268902 -0.027771 0.0295677
internal_weight=141.203 127.889 36.2026 91.686 46.0932 42.0217 38.0519 45.5928 40.6197 16.3791 8.44071 4.6954 27.7619 24.2406 25.3468 24.372 13.3146
internal_count=1051 948 435 513 261 238 219 252 219 99 61 35 374 120 349 340 103
is_linear=0
shrinkage=0.03


Tree=68
num_leaves=20
num_cat=0
split_feature=3 0 17 14 11 12 17 6 13 13 10 1 9 3 3 10 17 10 17
split_gain=14.1421 9.09944 8.36107 6.96385 7.75885 6.36742 3.93362 3.61561 4.53433 3.53085 3.31139 2.98636 2.90441 2.70407 2.63936 2.58642 4.1686 1.56751 1.38344
threshold=116.82915506035285 73.137108276773446 3.3390638447363421 150.50208088574104 1.9301860155089103 0.00075652625185140007 4.2204367101364282 58.622595493541503 9.5323283620818009e-07 3.1230925621731257e-07 -0.80068530725340203 5.8349098810571229 766.07142857142856 84.93436388173231 94.701360502714905 -0.85313823316802317 2.4801615628267126 0.024086834703555403 1.3298036539118665
decision_type=2 2 2 2 2 2 2 2 2 2 2 2 2 2 2 2 2 2 2
left_child=1 2 15 6 7 -6 11 14 -9 -8 -4 12 -3 -12 -5 16 -1 -2 -17
right_child=17 3 10 4 5 -7 9 8 -10 -11 13 -13 -14 -15 -16 18 -18 -19 -20
leaf_value=-0.033203048433585361 0.0035942299977458508 -0.035128063648611742 0.035226414532878114 0.010654851508741233 -0.050171194517126171 0.0049670672824619613 0.023408224283803757 -0.020989320453325955 0.0084259844372547039 -0.01526076086153094 -0.031385154161514106 0.0030537118708609044 0.0056194965596826976 0.011400890916060421 0.031993632502224666 -0.0083904941109548565 0.023347930113071406 0.03385248029656665 -0.031436204168818656
leaf_weight=2.1043255478143719 2.0842042267322531 9.8764302507042903 2.8773820102214813 13.842187501490118 3.6319010481238356 3.5967028886079788 4.0989009290933591 5.3669796213507643 32.862742371857166 4.1447612345218658 1.9629087559878806 3.1614821031689635 1.6934949234127987 3.5474093407392502 9.1259148344397527 3.1835676021873978 2.3838658332824707 10.955069430172442 19.586446568369865
leaf_count=21 16 76 19 69 22 19 17 31 182 23 24 17 12 18 45 45 15 87 293
internal_value=-0.000298601 -0.00338152 -0.0162227 0.00160589 0.00643322 -0.0226335 -0.0126069 0.00994681 0.00417419 0.00365673 0.00962823 -0.0218735 -0.0289097 -0.00359356 0.0193654 -0.0242931 -0.00265839 0.0293085 -0.028396
internal_weight=140.087 127.047 35.6459 91.4015 68.4264 7.2286 22.9751 61.1978 38.2297 8.24366 8.3877 14.7314 11.5699 5.51032 22.9681 27.2582 4.48819 13.0393 22.77
internal_count=1051 948 435 513 368 41 145 327 213 40 61 105 88 42 114 374 36 103 338
is_linear=0
shrinkage=0.03


Tree=69
num_leaves=20
num_cat=0
split_feature=3 0 7 16 13 2 6 11 11 2 15 2 16 13 7 5 15 3 9
split_gain=13.6013 8.74793 8.66018 8.10373 6.09394 3.8893 3.69253 4.52226 3.68408 2.83253 5.67588 7.18076 2.65541 6.2223 1.80122 5.65779 3.12771 0.34492 0.286486
threshold=116.82915506035285 73.641156708834203 13.921188630490958 0.013241861680725752 9.2995045586228507e-06 69.135849302002967 35.482181971140946 -0.68255663345944495 -0.089144937231806429 60.737558870030036 12.829325175386026 61.269179204528534 0.016994541994323906 4.2402520569336942e-06 25.677655677655682 41.469667949678239 12.448501744834308 94.701360502714905 731.78571428571433
decision_type=2 2 2 2 2 2 2 2 2 2 2 2 2 2 2 2 2 2 2
left_child=1 4 3 -3 9 14 8 -8 -5 12 11 -11 13 -1 15 -4 -16 -14 -2
right_child=18 2 5 6 -6 -7 7 -9 -10 10 -12 -13 17 -15 16 -17 -18 -19 -20
leaf_value=-0.033869994647553581 0.031208929624598553 0.033568021390705187 0.018996562192252677 -0.04619637474088218 0.026434605584817462 0.030291095737969578 0.0079831530730174998 -0.014959417699229424 -0.0037383907783728873 0.027994944694164723 0.042293540025039135 -0.025419818667612191 -0.033443893380962056 0.045335278255519605 0.028367001938012025 -0.015261770561693068 0.0025508337908504734 -0.0085276655468712829 0.01328582233099943
leaf_weight=2.1917060241103203 10.987561985850332 3.852817401289939 7.7706461772322681 4.7486502677202225 2.7601766288280478 8.0286577045917493 11.816566243767733 21.377746932208542 3.2572367414832097 2.6558205708861378 1.6003464236855496 11.897476900368927 14.394697070121762 1.35552142560482 7.4698251411318806 9.5673375278711301 10.257550247013567 0.94375405460596162 1.7705886214971531
leaf_count=34 89 21 32 38 23 48 58 119 20 18 8 126 232 11 43 49 62 6 14
internal_value=-0.000290874 -0.00331035 0.0018396 -0.00730882 -0.0153722 0.0114681 -0.0112761 -0.00670273 -0.0295515 -0.0188167 -0.00922322 -0.0153429 -0.0267725 -0.00236717 0.00699917 0 0.0136954 -0.0321703 0.0290775
internal_weight=138.705 125.947 88.147 45.053 37.7995 43.094 41.2002 33.1943 8.00589 35.0393 16.1536 14.5533 18.8857 3.54723 35.0654 17.338 17.7274 15.3385 12.7582
internal_count=1051 948 490 256 458 234 235 177 58 435 152 144 283 45 186 81 105 238 103
is_linear=0
shrinkage=0.03


Tree=70
num_leaves=18
num_cat=0
split_feature=3 12 0 3 11 5 4 4 10 3 8 5 5 16 15 11 11
split_gain=16.2913 9.38507 6.62285 5.15313 4.6616 7.15399 5.86388 4.08734 4.43194 4.18415 2.68454 2.6642 3.81369 1.24425 0.898382 0.819685 2.44857
threshold=87.046725599855691 0.0017902930012949501 73.96558101553201 118.47696347576991 -0.68255663345944495 27.133149612816762 39.926435508735075 17.810267648605365 -0.48039375252507771 78.285249729008612 803.78378378378386 45.159645431501737 32.747568039096372 0.07625680080088626 12.371498434840914 -0.23407230547205407 -0.85270352005114447
decision_type=2 2 2 2 2 2 2 2 2 2 2 2 2 2 2 2 2
left_child=7 2 13 4 5 -4 -6 8 -1 -10 -9 12 -11 -2 -12 16 -3
right_child=1 15 3 -5 6 -7 -8 10 9 11 14 -13 -14 -15 -16 -17 -18
leaf_value=0.024131640825403297 -0.037326860171560124 0.03406710341628854 -0.0083970205404850923 0.033039203148440055 0.0020917463637639302 0.024918627109987681 -0.035763234643710805 0.0015294950551083531 -0.031920832113162941 -0.01463851798601948 -0.0069939978389207498 -0.030584074867255721 0.036244204538554085 -0.0062182264614019725 -0.033468112016668827 0.036286815836377759 0
leaf_weight=3.6121571250259867 3.5295155495405188 4.9152708500623703 8.2086505927145499 6.1488302648067465 43.889964140951633 18.479178927838802 3.9142134338617316 2.5402394160628345 5.6367132626473886 2.2240111976861954 1.6570114009082306 1.5010361783206461 2.8566300123929977 2.1454342752695084 12.899492993950842 8.5427656844258291 3.2390964105725306
leaf_count=28 35 38 52 49 237 91 22 13 96 23 24 19 14 17 193 68 25
internal_value=0.00269324 0.00858354 0.00454396 0.00678852 0.00454009 0.0145663 -0.00101339 -0.0156139 -0.00435426 -0.0131467 -0.0257792 0.00272004 0.013539 -0.0263969 -0.0307275 0.0291362 0.0209326
internal_weight=135.94 103.013 86.3158 80.6408 74.492 26.6878 47.8042 32.9273 15.8305 12.2184 17.0967 6.58168 5.08064 5.67495 14.5565 16.6971 8.15437
internal_count=1044 634 503 451 402 143 259 410 180 152 230 56 37 52 217 131 63
is_linear=0
shrinkage=0.03


Tree=71
num_leaves=20
num_cat=0
split_feature=3 12 2 2 3 6 3 17 3 7 0 3 17 17 15 6 11 11 11
split_gain=15.5299 9.0925 8.87579 6.15279 4.73678 7.90381 4.3974 4.5529 6.57327 3.65901 2.98212 2.87361 4.46049 2.66233 2.12693 1.19473 0.831409 2.38294 0.811326
threshold=87.046725599855691 0.0017902930012949501 65.36968939404953 59.616779497098655 80.847043130280142 43.960308533357789 115.54354736172921 6.1233309231938344 112.30026809651478 16.472868217054266 74.141274112809228 89.266838324976305 3.1556723335469896 2.5536060325769374 12.476606374079337 51.428401035939139 -0.23407230547205407 -0.85270352005114447 -0.28592292887996978
decision_type=2 2 2 2 2 2 2 2 2 2 2 2 2 2 2 2 2 2 2
left_child=3 2 9 -1 5 18 7 8 -4 -2 -6 -11 -13 -12 -7 -9 17 -3 -5
right_child=1 16 6 4 10 14 -8 15 -10 11 13 12 -14 -15 -16 -17 -18 -19 -20
leaf_value=-0.032108086637629436 -0.041127255428492937 0.033746988242392993 0.0060491458885194877 -0.031682019807667446 -0.03405381546343221 0.047353922854184091 0.030424981338153391 0.038681826243152077 -0.038129279470093855 0.021480672994585108 0.013007707152041447 -0.034459519367334171 0.0035259315947059771 -0.027458921636707229 0.0051560233783056256 0.010844292165631939 0.036131560978487021 0 0
leaf_weight=12.258384298533199 3.686278615146878 4.8155024126172066 51.020535741001368 2.4914615079760556 5.3426359407603723 3.5587391704320908 7.7869187965989104 4.4214163273572913 3.1109926477074614 2.3998791687190524 3.5680123269557953 4.9977971203625184 5.8129830732941628 2.3073264509439468 1.8008041903376577 2.6593092381954193 8.3257971853017789 3.2390964105725306 1.1150509230792538
leaf_count=228 26 38 275 32 61 26 59 20 19 13 19 43 32 17 16 16 68 25 11
internal_value=0.00263492 0.00839053 0.00442744 -0.0153878 -0.00497693 0.011006 0.00922705 0.00643627 0.00338922 -0.0149344 -0.0180008 -0.00714614 -0.0139146 -0.00257561 0.0340791 0.0289413 0.0288373 0.020579 -0.0224674
internal_weight=134.719 102.277 85.8961 32.4424 20.184 8.96606 68.9992 61.2123 54.1315 16.8969 11.218 13.2107 10.8108 5.87534 5.35954 7.08073 16.3804 8.0546 3.60651
internal_count=1044 634 503 410 182 85 389 330 294 114 97 88 75 36 42 36 131 63 43
is_linear=0
shrinkage=0.03


Tree=72
num_leaves=20
num_cat=0
split_feature=17 2 1 0 5 5 17 0 13 9 13 2 11 11 14 5 2 0 14
split_gain=13.7253 8.88904 6.69519 5.48184 4.51095 5.92451 9.9877 6.29076 4.4041 5.70244 2.92358 6.29813 3.79696 2.58678 3.89002 1.8281 3.2644 1.68064 1.27411
threshold=3.353300687040921 59.616779497098655 3.5192028853389545 74.996173859810241 75.811544288971291 48.852707835102137 1.8989994014163509 76.995492956142201 4.3779554865927714e-06 803.21428571428578 1.2396689070171034e-06 71.733613371838644 -0.40591683360101988 -0.61413159346917545 275.37631621920713 109.22900458886461 59.701522694943755 80.819045712206275 268.12794528637954
decision_type=2 2 2 2 2 2 2 2 2 2 2 2 2 2 2 2 2 2 2
left_child=1 3 -3 -1 5 6 -4 -7 9 10 11 17 -13 -12 -15 -10 -17 -2 -6
right_child=8 2 4 -5 18 7 -8 -9 15 -11 13 12 -14 14 -16 16 -18 -19 -20
leaf_value=-0.033144565066789707 -0.0027997579859991885 -0.029332082943309142 0.036789983114881068 0.039112793559388334 0.041920727602939439 -0.036132523504132943 -0.002638157163868437 0.013043434636622451 0.039201211239853574 -0.025307093986057256 0.035123574363055347 -0.00081204356109677747 0.024669511571175709 0.022016992605706824 -0.016905400114182328 -0.014285725892422118 0.030914866575249816 -0.033664454627966522 0.008158602346668032
leaf_weight=12.915706023573872 3.2800355777144459 6.6087130419909945 7.179204359650611 0.89899078011512834 2.9683265835046759 7.0733155198395234 27.563684724271297 3.3026693612337112 6.901862654834984 3.9562678486108771 7.1509049087762859 9.0320203229784983 11.794625520706175 8.3923946842551214 3.0058120265603057 2.0414458960294724 3.9821299090981483 3.5132391080260277 1.9580859690904615
leaf_count=234 19 73 39 3 19 74 171 18 50 33 42 46 62 49 17 16 42 22 15
internal_value=0.00258066 -0.00648554 -0.00115146 -0.0279795 0.00256117 -0.000375658 0.0055053 -0.0202184 0.0127552 0.00860951 0.0116291 0.00526401 0.0135243 0.0208669 0.0114341 0.0284127 0.0151229 -0.0194539 0.0295275
internal_weight=133.519 70.4687 56.654 13.8147 50.0453 45.1189 34.7429 10.376 63.0507 50.1253 46.169 27.6199 20.8266 18.5491 11.3982 12.9254 6.02358 6.79327 4.92641
internal_count=1044 646 409 237 336 302 210 92 398 290 257 149 108 108 66 108 58 41 34
is_linear=0
shrinkage=0.03


Tree=73
num_leaves=20
num_cat=0
split_feature=3 13 3 11 5 6 6 10 7 13 10 5 11 5 7 11 11 6 15
split_gain=14.1594 7.7401 5.63681 5.53517 6.05421 6.04963 4.72217 4.11734 3.26955 3.2567 3.39146 5.62833 2.89996 2.71715 2.10382 1.57266 3.81949 1.43262 1.98063
threshold=87.046725599855691 5.3895552464390431e-06 118.47696347576991 -0.68255663345944495 27.133149612816762 67.168014771951292 63.714278842664683 0.22472252275902888 25.677655677655682 1.0052888293651137e-06 -0.17840089924270167 43.122637848276128 -0.83825491465011581 18.317607526452786 27.951388888888893 -0.23407230547205407 -0.61787148622366284 43.960308533357789 12.469198122797634
decision_type=2 2 2 2 2 2 2 2 2 2 2 2 2 2 2 2 2 2 2
left_child=6 2 3 4 7 13 9 -2 -7 17 14 -12 -6 -5 -11 16 -3 -1 -19
right_child=1 15 -4 5 12 8 -8 -9 -10 10 11 -13 -14 -15 -16 -17 -18 18 -20
leaf_value=-0.03289339267364564 -0.023815974452105183 0.026730913860468448 0.032721037745729639 0.016378811006726422 0.013350819822447268 -0.034108827946805691 -0.030620332402331425 0.020115217467634151 -0.0035995461576810257 0 0.018252505403707445 -0.029260599932054918 0.038575619562123076 -0.0020967237525925217 0.040380049258044746 0.035982981577667238 -0.024847869292585548 -0.029233622397640387 0.020412940570268309
leaf_weight=4.3999410010874334 5.366450849920513 6.0241574570536613 5.7768272310495368 9.3994618132710439 12.865575760602953 7.4228284247219545 11.159520264714955 2.8063696995377541 5.911120168864727 1.8391948826611066 3.879076391458506 4.9476135484874249 6.5273187272250643 28.359350107610226 2.6257601715624332 8.6924190446734411 1.4954153820872331 1.3324226699769499 1.3238975554704664
leaf_count=61 37 50 49 51 73 47 195 15 39 14 22 66 29 160 20 72 12 20 12
internal_value=0.0025307 0.00804437 0.0043415 0.00218026 0.0130135 -0.00361992 -0.014957 -0.00830752 -0.0209344 -0.00611219 0.00245271 -0.00807333 0.0221493 0.00245434 0.0236396 0.0270009 0.0158882 -0.0224736 -0.00355872
internal_weight=132.155 100.647 84.4353 78.6585 27.5657 51.0928 31.5074 8.17282 13.3339 20.3479 13.2916 8.82669 19.3929 37.7588 4.46496 16.212 7.51957 7.05626 2.65632
internal_count=1044 634 500 451 154 297 410 52 86 215 122 88 102 211 34 134 62 93 32
is_linear=0
shrinkage=0.03


Tree=74
num_leaves=20
num_cat=0
split_feature=17 2 5 10 0 4 2 13 9 13 2 10 4 9 10 5 2 14 15
split_gain=12.8367 8.38926 5.3827 5.37663 5.22094 4.56854 4.34602 4.16694 5.25033 2.85437 5.90294 5.0918 4.23811 5.93404 2.92948 1.76794 3.14152 1.24174 0.927291
threshold=3.353300687040921 59.616779497098655 75.811544288971291 -0.78811702614460255 74.996173859810241 15.398392632822942 87.227508389334119 4.3779554865927714e-06 803.21428571428578 1.2396689070171034e-06 71.733613371838644 0.50940801664902036 36.23851575404526 685.357142857143 0.50307023160535336 109.22900458886461 59.701522694943755 268.12794528637954 12.469198122797634
decision_type=2 2 2 2 2 2 2 2 2 2 2 2 2 2 2 2 2 2 2
left_child=1 4 3 -3 -1 18 -7 8 9 10 14 -12 -11 -14 -2 -9 -17 -4 -5
right_child=7 2 17 5 -6 6 -8 15 -10 12 11 -13 13 -15 -16 16 -18 -19 -20
leaf_value=-0.033009538238442326 -0.002053259207055869 -0.038687950087712586 0.041321263940248806 -0.033212227216335551 0.03823602398285162 0 0.039533119662356002 0.038803033166590867 -0.024403030193769843 0.030425866464698224 0.00067832348612890817 0.031309555145781057 0.031983130745936894 -0.027656079268955254 -0.042959254511656587 -0.014195527107704069 0.030708322860314836 0.0075922359274074565 -0.010048960020741005
leaf_weight=12.332173477858301 4.0906525552272823 3.6625929474830619 2.8585842400789252 3.8784522898495188 0.87963025271892625 37.522134330123663 2.578673541545867 6.6303270347416383 3.8943192027509204 12.353184930980207 12.452418632805349 8.1681556776165944 2.6547527611255637 3.1983198374509811 2.6578173935413361 2.0125490799546242 3.7901404798030853 1.9220495522022245 3.5412928946316242
leaf_count=234 22 30 19 49 3 246 15 50 33 70 62 46 20 18 19 16 42 15 35
internal_value=0.00247588 -0.00637262 -0.00122261 -0.0041368 -0.0277891 -0.00133516 0.00261545 0.0124067 0.00838459 0.0112992 0.00499867 0.0130492 0.0205277 -1.8978e-05 -0.0189938 0.0279763 0.0146494 0.0288086 -0.0228365
internal_weight=131.078 69.1756 55.9638 51.1831 13.2118 47.5206 40.1008 61.9026 49.4696 45.5753 27.369 20.6206 18.2063 5.85307 6.74847 12.433 5.80269 4.78063 7.41975
internal_count=1044 646 409 375 237 345 261 398 290 257 149 108 108 38 41 108 58 34 84
is_linear=0
shrinkage=0.03


Tree=75
num_leaves=20
num_cat=0
split_feature=1 8 13 17 7 9 6 4 1 7 9 0 4 14 17 13 17 15 0
split_gain=9.88635 8.41088 7.35983 4.63651 4.48389 5.96228 4.50678 4.18938 4.95938 4.61239 5.27359 3.21254 2.67349 2.4001 3.32977 2.09256 1.9279 1.51241 1.29672
threshold=5.455200471993769 793.78378378378386 9.9108937937506813e-06 6.0226958549779992 23.166368515205729 786.07142857142856 76.277271777849663 19.545097759383477 3.3840154458862992 33.809523809523817 794.64285714285722 85.650506203123868 25.776117478398255 185.12624386522316 3.4392550268835396 2.5504062366595917e-06 3.8436818028904884 12.716033816597159 74.846379982924915
decision_type=2 2 2 2 2 2 2 2 2 2 2 2 2 2 2 2 2 2 2
left_child=3 4 13 7 5 6 15 8 17 10 -10 -8 -9 -3 18 -2 -16 -1 -15
right_child=1 2 -4 -5 -6 -7 11 12 9 -11 -12 -13 -14 14 16 -17 -18 -19 -20
leaf_value=-0.034177651889849968 0.011289328321433338 0.018914476093939481 0.029546956380714636 0.031930681889838511 0.026068873545488983 -0.03661770382571377 -0.035576478911877714 -0.033838448121800181 -0.0092351268236492545 -0.030876179873206438 0.021857902376344857 0.011574434792946979 0.0061071083123608412 -0.031959953620501538 0.01750217405803705 0.033969077856493606 -0.014458028831948971 0 -0.0025670090965207188
leaf_weight=6.0625575929880169 33.618156544864178 1.5390394702553809 3.7987678200006476 2.0642142295837393 16.723155416548252 2.4502124413847914 2.962276577949523 10.049355205148457 9.7778621315956169 3.5243371650576583 9.5276256874203664 2.0668730214238167 1.5940830446779717 10.177534546703102 2.7480129301547995 4.2613463774323455 4.0645391643047333 1.2634205296635626 1.8369896113872517
leaf_count=85 182 10 34 8 120 14 18 99 62 69 76 16 13 140 16 34 22 13 9
internal_value=0.000980197 0.00689673 -0.00802015 -0.0105742 0.0127548 0.00773356 0.0104151 -0.0128161 -0.00673893 5.71617e-05 0.00598884 -0.0157657 -0.0281087 -0.015284 -0.0183233 0.0140025 -0.0010654 -0.028037 -0.0277718
internal_weight=130.11 86.2469 24.1649 43.8635 62.082 45.3589 42.9087 41.7992 30.1558 22.8298 19.3055 5.02915 11.6434 20.3661 18.8271 37.8795 6.81255 7.32598 12.0145
internal_count=1040 615 231 425 384 264 250 417 305 207 138 34 112 197 187 216 38 98 149
is_linear=0
shrinkage=0.03


Tree=76
num_leaves=20
num_cat=0
split_feature=3 13 2 13 5 9 3 11 14 2 13 7 17 9 14 9 15 15 16
split_gain=9.35923 6.47031 6.28844 4.66354 4.62294 4.82141 3.74582 4.8282 5.04373 6.7945 4.62239 3.62075 3.1083 2.44455 1.75104 1.62434 0.929808 0.563273 0.420821
threshold=92.817792885190201 5.8773077676994844e-06 59.616779497098655 7.8979539476442157e-07 34.84250094173958 870.357142857143 118.47696347576991 1.9301860155089103 163.34082991824422 72.853480647024853 6.1447797460912092e-07 27.951388888888893 1.3298036539118665 823.92857142857167 102.11199379183616 641.07142857142878 12.409513971536631 12.397060136542452 0.021860410586729703
decision_type=2 2 2 2 2 2 2 2 2 2 2 2 2 2 2 2 2 2 2
left_child=2 6 13 14 -5 12 7 8 10 -10 -2 -7 -6 -1 -4 -9 -17 -16 -3
right_child=1 18 3 4 5 11 -8 15 9 -11 -12 -13 -14 -15 17 16 -18 -19 -20
leaf_value=0 -0.0015957312331247731 0.013241809715315803 0.00057619163636088075 0.035223882472070707 0.031278135626102634 -0.0003807369643650962 0.028582407660857491 0 0.0039872648871093876 0.035028655702520901 -0.044716142344970927 0.054664037613771324 -0.010529413435717335 -0.032204697032852579 -0.010162523901604674 -0.04557514918456302 -0.015965841329496216 -0.035215506085816799 0.030843671984304273
leaf_weight=2.4201180562376967 15.66905013844371 2.415780395269393 2.0536905154585821 3.4559487700462368 1.6166959255933822 1.8941695690155023 4.9603266566991797 2.2095985040068618 27.720733948051929 8.2614337950944883 2.5465815588831893 2.0993471145629883 19.578792747110128 11.260705485939978 1.5372685529291628 2.2547077462077141 2.6378033757209778 4.7820870690047741 9.5909615457057935
leaf_count=14 91 23 17 17 8 16 45 13 154 43 15 14 153 228 15 14 17 49 94
internal_value=0.000958598 0.00748058 -0.00904565 -0.00250859 0.00317305 -0.00122761 0.00373737 0.00163479 0.00473887 0.0112748 -0.00799907 0.0284513 -0.00706775 -0.0263696 -0.0221081 -0.0213735 -0.0308517 -0.0298416 0.0276886
internal_weight=128.966 78.267 50.6988 37.018 28.645 25.189 66.2602 61.2999 54.1978 35.9822 18.2156 3.99352 21.1955 13.6808 8.37305 7.10211 4.89251 6.31936 12.0067
internal_count=1040 509 531 289 208 191 392 347 303 197 106 30 161 242 81 44 31 64 117
is_linear=0
shrinkage=0.03


Tree=77
num_leaves=20
num_cat=0
split_feature=1 9 13 0 16 15 13 4 4 1 1 5 1 7 13 2 7 7 11
split_gain=9.11788 7.98575 6.23577 4.6087 4.31784 3.97215 3.65484 3.724 3.29562 2.39122 2.9121 4.07192 3.52835 2.18764 7.05534 3.00937 5.61129 1.94307 1.8267
threshold=5.4394107051894549 736.07142857142878 8.5806203385474208e-06 74.141274112809228 0.012767876920794353 12.836185852375712 9.4361042108115386e-07 24.688208921091721 17.938244081017864 3.3840154458862992 4.2839999465023828 25.424184232931001 4.2164043966938953 7.7935222672064786 7.8979539476442157e-07 66.719660837307913 26.568627450980397 4.8199767711962842 0.263075079561435
decision_type=2 2 2 2 2 2 2 2 2 2 2 2 2 2 2 2 2 2 2
left_child=4 13 3 -3 8 9 -5 -8 -1 -6 12 -12 -11 14 17 16 -15 18 -2
right_child=1 2 -4 6 5 -7 7 -9 -10 10 11 -13 -14 15 -16 -17 -18 -19 -20
leaf_value=0.043305518016493481 0.032323654562562094 -0.020275892084073509 0.026156026533830534 -0.02404291408042479 -0.032902114034879082 0.024137728596464375 0.028496257280253581 -0.00057005461653671314 -0.0086543337978373866 -0.0081761893653563063 -0.046932324007858899 -0.011849599370615952 0.03426394784870361 -0.021787899056088567 -0.035850681315362801 0.028764984829078862 0.032451126744371547 -0.0045236964570779838 0.0052358815197998928
leaf_weight=2.1486805938184252 6.4950355663895589 13.775966640561817 6.0293137766420832 4.2044234275817898 6.3512343950569621 2.2189295478165141 5.043645121157172 16.508232720196247 1.942155562341213 9.7679149024188536 3.8693415969610241 14.149163011461495 2.0442011058330527 3.3908213824033764 2.6716942265629759 17.329598054289818 3.2444997802376747 2.8141938969492903 3.9036399945616722
leaf_count=16 34 166 59 27 89 16 23 86 16 97 26 148 12 20 17 122 27 16 23
internal_value=0.000938131 0.00660748 -0.00191437 -0.00632645 -0.010376 -0.0135487 0.00106806 0.00619378 0.0183035 -0.0160028 -0.0122066 -0.0197664 -0.000353686 0.0164064 0.00741892 0.0221832 0.0043762 0.0165971 0.0225874
internal_weight=127.903 85.4111 45.5616 39.5323 42.4916 38.4008 25.7563 21.5519 4.09084 36.1819 29.8306 18.0185 11.8121 39.8495 15.8846 23.9649 6.63532 13.2129 10.3987
internal_count=1040 620 361 302 420 388 136 109 32 372 283 174 109 259 90 169 47 73 57
is_linear=0
shrinkage=0.03


Tree=78
num_leaves=20
num_cat=0
split_feature=1 0 13 13 10 10 1 4 14 4 13 3 4 3 0 14 14 9 2
split_gain=8.65373 7.46023 6.59818 4.46878 4.46831 4.85544 4.77127 5.91156 5.92643 3.82923 3.83082 3.53233 3.13869 2.82449 2.51897 3.04112 2.40385 6.35224 3.00646
threshold=5.455200471993769 74.65411239365784 9.2995045586228507e-06 1.9834068663283388e-06 -0.086253256555805083 0.22472252275902888 3.4784143308301076 15.553697510219246 212.70728870575962 19.381654381654382 1.2567113518822595e-06 118.47696347576991 15.553697510219246 90.225668004984101 73.641156708834203 241.19076436976943 251.24920947828238 788.92857142857144 65.779210266825629
decision_type=2 2 2 2 2 2 2 2 2 2 2 2 2 2 2 2 2 2 2
left_child=4 2 3 14 6 -6 -1 -8 13 10 12 16 -7 -9 15 -2 17 18 -3
right_child=1 11 -4 -5 5 9 7 8 -10 -11 -12 -13 -14 -15 -16 -17 -18 -19 -20
leaf_value=-0.033894775180167362 -0.032822408511816947 -0.01452202056226796 0.02726110540186551 -0.030543373618279714 -0.035619828919037456 -0.011827397020291421 0.050981647198899187 0.029023656997544754 -0.032052216349547032 -0.02881473406679632 -0.032251552885586357 0.031633634329520745 0.023846654545571284 -0.0047025171366194482 0.028911752764711449 0.019888097293753869 0.018374176971895577 -0.030143237734765752 0.01194853305782596
leaf_weight=2.7122264578938511 2.3481884934008153 4.1951209083199492 3.3779850192368022 9.7728197500109655 9.0117190219461936 3.3478538878262061 2.3749650530517092 4.7095813788473588 3.5368033498525611 5.3162868954241267 2.2594469487667075 6.9576323106884947 5.8171753287315369 3.8847048133611679 2.0082657188177109 1.491749085485935 17.031774513423443 4.0711475312709799 32.642631217837334
leaf_count=39 29 25 34 126 109 36 13 28 58 51 36 78 33 22 9 11 103 24 176
internal_value=0.000916987 0.00654403 -0.0098686 -0.0182109 -0.00998944 -0.017886 0.00168284 0.00872677 0 -0.0080067 0.00158184 0.0114028 0.0105046 0.0135553 0.0020603 -0.0115988 0.00887142 0.00480678 0.00882167
internal_weight=126.868 83.8973 18.999 15.621 42.9708 25.7525 17.2183 14.5061 12.1311 16.7408 11.4245 64.8983 9.16503 8.59429 5.8482 3.83994 57.9407 40.9089 36.8378
internal_count=1040 615 209 175 425 265 160 121 108 156 105 406 69 50 49 40 328 225 201
is_linear=0
shrinkage=0.03


Tree=79
num_leaves=20
num_cat=0
split_feature=1 9 13 0 16 15 14 6 13 4 1 1 14 1 3 3 11 7 11
split_gain=8.24995 7.27766 5.75114 4.15095 3.99325 3.74673 3.60804 7.00256 3.79248 2.94657 2.31962 2.6557 5.10866 3.31201 2.24647 3.14795 1.98899 3.46632 1.84207
threshold=5.4394107051894549 736.07142857142878 8.5806203385474208e-06 74.141274112809228 0.012767876920794353 12.836185852375712 251.81209140002161 68.491582118089624 3.307214887296477e-06 17.938244081017864 3.3840154458862992 4.2839999465023828 150.50208088574104 4.2164043966938953 116.50507848568795 110.96452653180887 -0.42110665701189193 17.192118226600989 -0.3093629468715004
decision_type=2 2 2 2 2 2 2 2 2 2 2 2 2 2 2 2 2 2 2
left_child=4 14 3 18 9 10 7 -5 -8 -1 -6 13 -13 -12 15 16 -2 -18 -3
right_child=1 2 -4 6 5 -7 8 -9 -10 -11 11 12 -14 -15 -16 -17 17 -19 -20
leaf_value=0.040965445378301893 0.024513418550529673 -0.010534637554580823 0.025625972691116293 0.004278941418410326 -0.032507337675470774 0.02355255120696053 0.025886242463463889 -0.040291383476048936 -0.014604413469715433 -0.008149318320729685 -0.0080281030088188415 -0.044366153684093787 -0.0084414908953173006 0.03314890744407209 0.03164429021296148 -0.007604436464765954 -0.0029814363210401628 0.030113160918467212 -0.03457185462963891
leaf_weight=2.174942083656787 13.918131679296494 8.628176830708977 5.8165748715400687 11.123199582099916 6.082366779446601 2.2161471024155608 7.4659104496240598 4.2814627587795249 2.694814458489418 1.9139366187155245 9.673170458525421 5.0597482398152378 12.708450362086294 2.0409957617521277 6.8258276358246794 5.6475434601306906 8.578201547265051 4.0594847500324258 4.7923376448452482
leaf_count=16 74 100 59 56 89 16 38 28 14 16 97 37 137 12 77 33 47 28 66
internal_value=0.000893146 0.00634477 -0.00184718 -0.00607791 -0.00993973 -0.0130396 0.000916588 -0.0080951 0.0148173 0.0176137 -0.0154635 -0.0117478 -0.0190305 -0.000379912 0.0158059 0.0122683 0.0166198 0.00756666 -0.0195322
internal_weight=125.701 83.8317 44.8025 38.9859 41.8698 37.7809 25.5654 15.4047 10.1607 4.08888 35.5647 29.4824 17.7682 11.7142 39.0292 32.2034 26.5558 12.6377 13.4205
internal_count=1040 620 361 302 420 388 136 84 52 32 372 283 174 109 259 182 149 75 166
is_linear=0
shrinkage=0.03


Tree=80
num_leaves=16
num_cat=0
split_feature=2 13 3 11 4 2 3 17 1 17 1 11 15 4 4
split_gain=11.329 8.7743 4.55686 4.22423 4.39998 4.26114 3.05882 1.75907 1.66029 1.61534 0.874541 0.358675 0.289966 0.0493818 0.126349
threshold=58.05116801540543 3.457173443159008e-06 116.82915506035285 1.9301860155089103 15.398392632822942 62.921383619567472 79.320184042515265 2.7632201865066608 4.5375253015761396 3.7117665998028868 6.6560897701445123 2.1607049412680155 12.538436289050223 46.464348909423521 49.589221274156024
decision_type=2 2 2 2 2 2 2 2 2 2 2 2 2 2 2
left_child=9 2 3 4 6 -6 -2 -3 -5 11 -10 -1 13 -9 -15
right_child=1 7 -4 8 5 -7 -8 12 10 -11 -12 -13 -14 14 -16
leaf_value=-0.033457156357893092 0 0.0028756621164387594 0.030227501606381105 0 -0.013355461565090088 0.0067753024802039343 -0.035768716775191722 0.034878014820975897 -0.043474475733391818 -0.0045414974334444993 -0.014823915304773862 -0.0057363266062616415 0.011843780257674583 0.0096896666517970655 0.029348884550835855
leaf_weight=8.7491927519440615 4.3161013424396497 2.8442546203732482 4.492524839937686 1.9748998880386341 10.903160862624643 64.897191245108843 4.4198843613266945 8.2798992469906789 2.7507436759769917 2.8889011703431597 2.296935960650444 0.76966362074017602 1.3515005260705937 1.2380343079566949 1.6008405461907385
leaf_count=181 57 22 38 13 104 368 48 76 20 20 14 11 16 17 18
internal_value=0.00140416 0.00446387 0.00105828 -0.000371655 0.00146277 0.00382638 -0.0185174 0.0254834 -0.0225858 -0.0256346 -0.0315611 -0.0316106 0.0303373 0.0321922 0.0224177
internal_weight=123.774 111.366 96.0514 91.5589 84.5363 75.8004 8.73599 15.3145 7.02258 12.4078 5.04768 9.51886 12.4703 11.1188 2.83887
internal_count=1023 811 662 624 577 472 105 149 47 212 34 192 127 111 35
is_linear=0
shrinkage=0.03


Tree=81
num_leaves=14
num_cat=0
split_feature=2 3 5 17 14 14 2 17 7 17 5 11 15
split_gain=10.86 7.37649 4.98134 3.39649 3.68068 4.31935 3.12396 5.48318 3.73856 1.60387 0.689611 0.359262 0.28671
threshold=58.05116801540543 116.82915506035285 85.020669398340672 3.7667902633975356 92.743283406877012 102.11199379183616 68.796114941911952 4.5806840025871152 9.4494047619047645 3.7117665998028868 14.003957901701146 2.1607049412680155 12.511543399347948
decision_type=2 2 2 2 2 2 2 2 2 2 2 2 2
left_child=9 2 3 4 10 -6 7 -5 -8 11 -2 -1 -4
right_child=1 -3 12 6 5 -7 8 -9 -10 -11 -12 -13 -14
leaf_value=-0.03334117806938635 -0.01426233291335658 0.030966080739146327 0.033295752991834078 0.016708712665007043 0.037645567441972547 -0.0033276260522371818 0.0038881829465913175 -0.023998055853041645 0.028925497549306067 -0.0044102771996742405 -0.041072270211718442 -0.0055957765264820006 0.011345524408732576
leaf_weight=8.5200476385652983 2.2876121886074534 8.5603767409920675 4.395649127662181 5.5679428502917272 2.3105646632611743 55.294803537428379 13.154209822416307 6.10934117436409 9.4158970564603788 2.8885897547006598 2.3717178925871849 0.76786494627595026 1.2900650054216383
leaf_count=181 24 92 42 31 13 409 65 39 58 20 24 11 14
internal_value=0.00136966 0.00435652 0.00207021 0.000417346 -0.00372259 -0.0015698 0.00802037 -0.00435653 0.0145472 -0.0253687 -0.0291159 -0.031451 0.029116
internal_weight=122.935 110.758 102.198 96.5121 62.2647 57.6054 34.2474 11.6773 22.5701 12.1765 4.65933 9.28791 5.68571
internal_count=1023 811 719 663 470 422 193 70 123 212 48 192 56
is_linear=0
shrinkage=0.03


Tree=82
num_leaves=15
num_cat=0
split_feature=2 13 3 11 1 17 1 17 1 17 8 11 10 10
split_gain=10.4119 8.25116 4.22889 3.9882 4.12794 3.77444 2.73267 1.73263 1.59571 1.59189 1.31979 0.359768 0.23329 0.976004
threshold=58.05116801540543 3.457173443159008e-06 116.82915506035285 1.9301860155089103 3.4784143308301076 1.3298036539118665 2.4850886540087491 2.7632201865066608 4.5375253015761396 3.7117665998028868 673.35283902144363 2.1607049412680155 0.4508141590731129 0.97797622262963102
decision_type=2 2 2 2 2 2 2 2 2 2 2 2 2 2
left_child=9 2 3 4 6 -6 -2 -3 -5 11 -10 -1 -9 -14
right_child=1 7 -4 8 5 -7 -8 12 10 -11 -12 -13 13 -15
leaf_value=-0.033226908471252495 0.0093903775171611942 0.0025837319052246124 0.029706033782411722 0 0.045894163328628459 0.0022849276073004326 -0.033210150579495092 0.034803528778700146 -0.0079540992797202167 -0.0042828412718728167 -0.042623713698421259 -0.0054583938671126757 0 0.030675019665658474
leaf_weight=8.2965877354145015 1.6994333043694485 2.823963586241006 4.3014440461993209 1.9689212813973416 1.74085397645831 75.947622641921043 4.709987461566925 7.00201568007469 1.8363372683525083 2.8882837779819956 3.1680616401135921 0.76611950993537981 1.5040650144219396 3.4665490910410881
leaf_count=181 20 22 38 13 8 484 65 68 10 20 24 11 15 44
internal_value=0.00133819 0.00425388 0.000976813 -0.000378305 0.00140627 0.00335844 -0.0214832 0.0250268 -0.0220399 -0.0251032 -0.0308947 -0.0312921 0.0300066 0.0221046
internal_weight=122.12 110.169 95.3727 91.0712 84.0979 77.6885 6.40942 14.7966 6.97332 11.951 5.0044 9.06271 11.9726 4.97061
internal_count=1023 811 662 624 577 492 85 149 47 212 34 192 127 59
is_linear=0
shrinkage=0.03


Tree=83
num_leaves=16
num_cat=0
split_feature=8 13 8 7 0 9 13 17 4 17 6 13 15 15 13
split_gain=8.27379 6.25745 4.5587 4.7809 4.12845 4.01461 3.95954 6.25326 3.75345 3.74557 1.84582 1.8678 0.732216 0.342521 0.10728
threshold=934.49980798771105 8.3210133973079641e-06 760.75091575091585 14.434523809523812 77.63967716321234 563.57142857142878 1.7602457818890473e-06 2.8806199897623208 15.638554338230895 1.7785479240365607 73.403646602733787 2.9171364568745116e-06 12.38755346896802 12.533946115194341 1.405624010440718e-06
decision_type=2 2 2 2 2 2 2 2 2 2 2 2 2 2 2
left_child=1 2 3 5 6 14 9 -8 -7 -4 12 -12 -5 -3 -1
right_child=-2 13 4 10 -6 8 7 -9 -10 -11 11 -13 -14 -15 -16
leaf_value=0.033042010446817163 -0.031723019537652455 0.031824468622916498 0.026540846308337567 0.012456844266676611 -0.034765356711260006 -0.03527152886382183 -0.031609298262642263 0.0023606369966235729 0.0011438725971610619 -0.0010026848017950531 0.023191459118814754 -0.013910407888966324 0.033063512973833781 0.0090108029307526729 0.014506695478225582
leaf_weight=3.0656046271324149 6.3473271429538718 6.6477927677333346 5.4909450970590141 2.7963036075234395 3.8827800005674353 2.6367219723761073 8.8004685230553168 10.431060507893561 35.461352702230215 20.749396309256554 2.3560855314135543 2.2542685493826866 7.9294644556939602 1.1828779913485048 1.3476655930280683
leaf_count=26 152 80 38 17 27 30 126 62 193 159 13 18 54 15 13
internal_value=0.00130753 0.00318213 0.0012494 0.00698082 -0.00540813 0.00170725 -0.00276474 -0.0131121 -0.0013836 0.00472595 0.0212989 0.00450314 0.028133 0.0289137 0.0284935
internal_weight=121.38 115.033 107.202 57.8475 49.3547 42.5113 45.4719 19.2315 38.0981 26.2403 15.3361 4.61035 10.7258 7.83067 4.41327
internal_count=1023 871 776 364 412 262 385 188 223 197 102 31 71 95 39
is_linear=0
shrinkage=0.03


Tree=84
num_leaves=15
num_cat=0
split_feature=2 13 3 2 6 16 2 6 6 2 16 3 0 5
split_gain=9.69048 7.85871 3.98029 3.43876 3.7852 4.16376 4.02349 2.42439 5.02719 1.7487 1.52446 1.49992 0.156764 2.32091
threshold=58.05116801540543 3.457173443159008e-06 116.82915506035285 62.686706809326829 40.908977921082531 0.013525477730634151 71.611305242716199 63.60923156600829 61.220783174589783 59.280198895555934 0.12706859959933489 91.007690790771065 84.366286048498495 85.020669398340672
decision_type=2 2 2 2 2 2 2 2 2 2 2 2 2 2
left_child=11 2 3 7 5 -5 -6 8 -2 -9 12 -1 13 -3
right_child=1 10 -4 4 6 -7 -8 9 -10 -11 -12 -13 -14 -15
leaf_value=-0.03188958274480138 -0.016310712279855876 -0.0048359181950698611 0.029329365534868378 0.027522125543965385 0.00078109832547761516 -0.014832543044479852 0.018398073828752123 -0.00015763572843663275 0.05457517877263153 -0.03512762272993826 -0.0017250880245613983 -0.0068699887646975818 0.033703096318092332 0.032816082444883848
leaf_weight=8.0475447718054038 3.4561575874686223 1.8232393339276294 4.1378546282649031 2.2438382878899601 43.451533865183592 17.032737966626883 16.058042943477631 1.9255775548517702 1.1029857844114301 5.2443917356431484 1.5259376615285862 3.4796281009912482 5.7258729934692383 5.234513983130455
leaf_count=192 51 14 38 13 258 135 89 18 8 52 18 20 61 56
internal_value=0.00128085 0.00407904 0.000903067 -0.000394251 0.00183404 -0.00963094 0.00560807 -0.0155046 0.000997973 -0.02628 0.0247268 -0.0247191 0.028106 0.0227386
internal_weight=120.49 108.963 94.6531 90.5153 78.7862 19.2766 59.5096 11.7291 4.55914 7.16997 14.3096 11.5272 12.7836 7.05775
internal_count=1023 811 662 624 495 148 347 129 59 70 149 212 131 70
is_linear=0
shrinkage=0.03


Tree=85
num_leaves=20
num_cat=0
split_feature=17 13 17 2 7 7 17 13 8 6 17 8 8 1 17 15 10 13 15
split_gain=9.22552 7.41958 5.72836 6.05072 8.27774 6.5756 5.59656 10.2098 5.51515 4.61245 4.58175 3.97734 3.97681 1.40045 2.97229 0.746282 0.393445 0.262046 0.181428
threshold=2.3845546160782591 5.2788798465075442e-06 2.4312192143704459 71.611305242716199 19.478319783197836 8.1356867071152816 1.8426568235530525 1.6346707602210216e-06 758.86446886446913 48.973818094220057 3.9201932619854585 887.57575757575762 722.982142857143 3.4784143308301076 2.1969014606566168 12.650602919735283 0.58176301027995381 7.1068035753250508e-06 12.397060136542452
decision_type=2 2 2 2 2 2 2 2 2 2 2 2 2 2 2 2 2 2 2
left_child=6 2 -2 4 8 10 7 9 -4 -1 -5 15 -6 14 -8 17 -9 -3 -15
right_child=1 11 3 5 12 -7 13 16 -10 -11 -12 -13 -14 18 -16 -17 -18 -19 -20
leaf_value=-0.0070290258150668937 0.039392349830579924 0.045547673202015283 -0.0078152227952274656 -0.01430977466633856 0.035333026725892926 0.033174449440647645 -0.030846783681157973 -0.032582172699807156 -0.038104427222835427 0.043791325040947057 0.012474224746825274 -0.017389756765753377 -0.0010584232432954332 -0.021075670401191317 0.029267137680983244 0.0055270186962377765 -0.0025431692291640801 0.028651911072270643 -0.035229360819626028
leaf_weight=2.4293888006359357 3.0524580441415301 2.4473119080066663 12.251668654382231 10.236898690462118 2.9946845024824169 7.2482403814792624 1.8493164964020246 5.1651777923107147 10.155632073059676 4.0644484981894493 12.826867826282976 1.6440785285085429 20.29275007173419 2.8788987547159186 1.0637957230210302 1.2742445841431607 0.68207299336791027 7.5299070067703724 9.9845043327659351
leaf_count=24 18 15 67 70 19 51 35 96 92 21 65 23 156 36 11 12 12 96 128
internal_value=-0.00135171 0.0032224 -0.00019284 -0.00187168 -0.00879043 0.00845415 -0.0163754 -0.000960712 -0.0217848 0.0245058 0.000446126 0.0242315 0.00362419 -0.0281625 -0.00765626 0.0306772 -0.0296843 0.0335048 -0.0324801
internal_weight=120.072 91.9547 79.0592 76.0067 45.6947 30.312 28.1176 12.3411 22.4073 6.49384 23.0638 12.8955 23.2874 15.7765 2.91311 11.2515 5.84725 9.97722 12.8634
internal_count=1047 684 538 520 334 186 363 153 159 45 135 146 175 210 46 123 108 111 164
is_linear=0
shrinkage=0.03


Tree=86
num_leaves=20
num_cat=0
split_feature=17 12 17 14 17 0 7 1 2 9 3 7 0 1 17 7 15 15 1
split_gain=8.83012 6.80924 5.37214 8.31504 5.34932 5.93598 10.9735 3.97195 3.45593 3.45334 3.40829 3.83486 1.73747 1.3604 2.84056 0.867317 0.443543 0.188295 0.309591
threshold=2.3845546160782591 0.0017902930012949501 1.8426568235530525 212.70728870575962 2.4312192143704459 79.10006754666874 22.653958944281531 4.8961863636171898 59.616779497098655 933.92857142857144 116.50507848568795 8.4219858156028398 74.210410473641858 3.4784143308301076 2.1969014606566168 19.756097560975615 12.577486852210635 12.397060136542452 6.4817091214693887
decision_type=2 2 2 2 2 2 2 2 2 2 2 2 2 2 2 2 2 2 2
left_child=2 4 3 7 -2 6 15 -1 -8 16 11 -7 -5 14 -4 -6 -3 18 -15
right_child=1 9 13 12 5 10 8 -9 -10 -11 -12 -13 -14 17 -16 -17 -18 -19 -20
leaf_value=-0.00025332646132736125 0.038061484136660946 0.03189909506885602 -0.030671526580966096 -0.031757723655147986 -0.037671582851030005 -0.0056618186939656028 -0.015742501713791403 0.047255198841184252 0.015531295380360362 -0.020271293393203486 0.031650049961724991 0.011840176396735241 0.010791175688605947 -0.029956032650969949 0.028110580145018976 -0.015181078954394868 0.011734213959350284 -0.034908438347581713 -0.0059433492461558723
leaf_weight=2.9375863485038298 3.0676729790866366 9.4365250281989557 1.8053240720182651 5.3479444347321987 9.9681434966623801 25.197300791740417 4.6207922808825961 3.046747162938118 9.3829244114458543 1.2972051128745068 3.7300574891269198 20.08843844383955 0.85867168754339207 1.558574836701154 1.0782256163656709 2.638104395940899 1.8360058106482018 9.7780556939542276 1.294164180755615
leaf_count=27 18 109 35 109 92 136 58 13 54 19 37 126 4 27 11 19 16 128 9
internal_value=-0.00132315 0.00315564 -0.0161428 -0.000955049 -9.25391e-05 -0.00172805 -0.0131369 0.0238203 0.00496075 0.023568 0.00441869 0.00204483 -0.0253177 -0.0278024 -0.00748055 -0.0333576 0.0290106 -0.0321109 -0.0206487
internal_weight=118.968 91.2632 27.7053 12.1909 78.6934 75.6258 26.61 5.98433 14.0037 12.5697 49.0158 45.2857 6.20662 15.5143 2.88355 12.6062 11.2725 12.6308 2.85274
internal_count=1047 684 363 153 540 522 223 40 112 144 299 262 113 210 46 111 125 164 36
is_linear=0
shrinkage=0.03


Tree=87
num_leaves=20
num_cat=0
split_feature=3 12 9 7 7 10 7 4 11 3 1 1 16 10 16 7 7 9 10
split_gain=7.43791 6.6284 3.79082 3.68349 7.18903 5.21227 3.46428 3.39426 4.80151 5.13687 2.68067 2.65367 2.48173 2.36686 2.22472 3.846 1.88749 1.6299 1.73606
threshold=91.007690790771065 0.0017902930012949501 786.07142857142856 8.1356867071152816 3.8838612368024132 0.15596513700674752 32.392686804451522 18.428057040232247 0.56904228661012535 78.285249729008612 3.7413284500828605 7.531377357341726 0.068669563667295361 0.4508141590731129 0.019198199958352351 30.116279069767447 31.339285714285719 804.64285714285722 0.22472252275902888
decision_type=2 2 2 2 2 2 2 2 2 2 2 2 2 2 2 2 2 2 2
left_child=7 2 3 4 5 -2 13 8 9 -1 -11 -6 -12 -5 15 -9 -4 18 -16
right_child=1 -3 16 6 11 -7 -8 14 -10 10 12 -13 -14 -15 17 -17 -18 -19 -20
leaf_value=-0.031162752171019152 -0.012757011351140306 0.025285229478943589 -0.028226558568775727 0.021229242130100426 -0.033075359539539308 0.019086436930334957 -0.022627960120654964 -0.030571370673669569 0.037348430253032312 -0.019389783229295542 0.03247395601453 0 -0.0038087101906094309 0.0030922552206905413 0.0011453971588933926 0.022661892488321018 0.0003937073874468195 -0.033570926828475949 -0.026932009482907446
leaf_weight=5.4752049986273077 7.406935513019568 11.122897434979675 5.6106867752969247 15.79271905124188 7.7388204112648946 11.720839362591503 2.4439163058996192 2.1433347687125233 2.2942401207983485 2.6241763830184919 3.5271544381976128 2.9725062176585197 2.904677577316761 11.721971299499272 3.4680997431278255 2.5680397003889084 2.9329397268593311 9.4312258586287481 3.970759779214859
leaf_count=126 46 124 44 92 50 69 16 22 13 29 23 15 24 76 18 32 20 176 32
internal_value=-0.00129742 0.0039135 0.000359451 0.00308193 -0.0043015 0.00659731 0.0105255 -0.0121389 -0.00181943 -0.00842144 0.00519035 -0.0239226 0.0158216 0.0136502 -0.0200004 -0.00106394 -0.0181636 -0.0250746 -0.0136024
internal_weight=117.871 79.4642 68.3413 59.7977 29.8391 19.1278 29.9586 38.4069 16.8255 14.5312 9.05601 10.7113 6.43183 27.5147 21.5815 4.71137 8.54363 16.8701 7.43886
internal_count=1047 552 428 364 180 115 184 495 215 202 76 65 47 168 280 54 64 226 50
is_linear=0
shrinkage=0.03


Tree=88
num_leaves=19
num_cat=0
split_feature=3 13 2 13 4 13 13 10 3 2 13 10 5 4 13 4 3 12
split_gain=7.08489 6.51277 4.12061 4.54591 4.56525 3.90731 7.86693 3.51125 3.04628 4.07825 3.38189 2.8629 4.90565 2.19404 0.975955 0.788039 3.17345 0.712103
threshold=91.007690790771065 5.3895552464390431e-06 59.616779497098655 9.1122090893599501e-07 18.058876087386118 1.4769372258710349e-06 1.7602457818890473e-06 -1.1395933578087496 118.47696347576991 89.07751268487533 2.4513113135983495e-07 -0.19242966344261267 39.892884566668435 35.169272691495067 3.8406855132934193e-07 42.264616154229344 112.30026809651478 0.00039182186595315005
decision_type=2 2 2 2 2 2 2 2 2 2 2 2 2 2 2 2 2 2
left_child=2 7 13 14 11 17 -7 -2 9 10 -9 -5 -13 -1 -4 -3 -17 -6
right_child=1 15 3 4 5 6 -8 8 -10 -11 -12 12 -14 -15 -16 16 -18 -19
leaf_value=-0.031861256867225449 -0.030655731170984458 0.033162125015875406 -0.0020889104677073327 0.036390905181437457 -0.010573404536222328 0.035635893714423515 -0.025745406186107343 0.029049108493467972 0.031021193398811923 -0.030844308243090004 0.00023462744388786193 0.031981181397263567 -0.026756764467364316 0.022015841897512545 -0.033779393284544781 -0.016671734811161906 0.030450237294451416 -0.037790301532991843
leaf_weight=9.5861200466752017 3.0468271598219863 5.7028811126947385 1.3194152377545858 3.8673925809562206 1.7160891853272895 3.4973437748849392 3.8117639236152172 3.8493712320923796 2.9584773927927008 3.4565263278782359 54.386496774852276 2.3991825692355651 2.5105140805244446 0.59603128023445684 5.0499270409345627 1.7348163425922392 3.8741351254284382 3.6162445060908794
leaf_count=241 26 55 14 19 13 17 41 16 31 29 321 12 35 6 64 17 57 33
internal_value=-0.00127123 0.0038185 -0.0119232 -0.00575975 0.000757453 -0.0106076 0.00330466 0.000239248 0.00178668 0.000288242 0.00223721 0.0173993 0.00141284 -0.0282322 -0.0278122 0.0247865 0.0153135 -0.0299393
internal_weight=116.98 79.0095 37.97 27.7879 21.4185 12.6414 7.30911 67.6977 64.6509 61.6924 58.2359 8.77709 4.9097 10.1822 6.36934 11.3118 5.60895 5.33233
internal_count=1047 552 495 248 170 104 58 423 397 366 337 66 47 247 78 129 74 46
is_linear=0
shrinkage=0.03


Tree=89
num_leaves=16
num_cat=0
split_feature=17 3 8 17 14 1 17 3 1 0 1 17 9 15 17
split_gain=7.91687 5.66472 5.26035 5.17172 7.77216 4.26389 5.72147 3.70459 3.6922 1.63376 1.32912 2.667 0.50842 0.171945 0.540349
threshold=2.3845546160782591 115.86228939317841 580.86918767507018 1.8426568235530525 212.70728870575962 3.5192028853389545 2.4211725651372489 92.206477732793545 4.8961863636171898 74.210410473641858 3.4784143308301076 2.1969014606566168 701.78571428571445 12.397060136542452 2.1361903369577431
decision_type=2 2 2 2 2 2 2 2 2 2 2 2 2 2 2
left_child=3 2 -2 4 8 -4 -7 -8 -1 -6 11 -5 -3 14 -12
right_child=1 12 5 10 9 6 7 -9 -10 -11 13 -13 -14 -15 -16
leaf_value=-6.243210794879879e-06 -0.064077076801259944 0.031754859665068025 -0.032827315636486318 -0.030359227630820846 -0.031538725724736996 0.049181662649151713 -0.010048152821866106 0.0053393116955191191 0.045976964926124096 0.010086582831402102 -0.03632228950466275 0.027229230162566797 0.007679461099675015 -0.034442692447237654 -0.0063597148465123496
leaf_weight=2.9038484357297438 1.0116709023714054 6.0890659540891638 3.000170934945344 1.7047079484909766 5.0207234043627977 2.2465044148266307 18.502875745296478 57.195312734693289 3.0227127745747566 0.84548527747392643 1.1021752823144191 1.0765646845102308 1.3940978571772573 9.3338007535785419 1.65327269770205
leaf_count=27 6 75 41 35 109 9 177 361 13 4 15 11 15 128 21
internal_value=-0.00124354 0.00300874 0.000675084 -0.0155775 -0.000454921 0.00159946 0.00300338 0.00153029 0.0233224 -0.024968 -0.0272866 -0.00685551 0.0278257 -0.031646 -0.0202476
internal_weight=116.103 89.4397 81.9565 26.6633 11.7928 80.9449 77.9447 75.6982 5.92656 5.86621 14.8705 2.78127 7.48316 12.0892 2.75545
internal_count=1047 684 594 363 153 588 547 538 40 113 210 46 90 164 36
is_linear=0
shrinkage=0.03


Tree=90
num_leaves=20
num_cat=0
split_feature=0 13 7 2 2 9 9 16 11 6 6 11 11 2 8 9 14 13 2
split_gain=10.7645 5.85289 4.62098 3.68494 5.06167 3.49064 3.40447 3.59522 2.48649 6.4687 2.25191 1.82626 2.62021 4.00255 2.0523 4.2021 0.92427 4.1437 0.642739
threshold=73.641156708834203 9.9108937937506813e-06 13.840996168582377 67.361711322385489 68.459703173903122 691.78571428571433 549.28571428571433 0.013241861680725752 0.19320072441022942 53.016833204497679 66.713535820891295 -0.37502583176416515 1.0000000180025095e-35 66.08973406626059 758.86446886446913 780.357142857143 233.07217641958167 1.7337256832900773e-06 66.932313412367066
decision_type=2 2 2 2 2 2 2 2 2 2 2 2 2 2 2 2 2 2 2
left_child=1 8 3 10 -5 -4 -6 -8 16 -10 -2 14 18 -14 -7 -16 -1 -18 -13
right_child=2 -3 5 4 6 11 7 -9 9 -11 -12 12 13 -15 15 -17 17 -19 -20
leaf_value=-0.032967137537248732 -0.0016908891898630418 0.027751596221194007 0.030636191315186308 0.040685813980609171 0.031617329313155286 0.027907965617950579 0.024201251380397779 -0.0069087626665442579 0.031217810651045657 -0.031995857560070902 -0.044219332983965881 -0.026383087129832845 0.025802264549611445 -0.014609061664242284 -0.016892989356813957 0.017561384828115392 0.023299956977911932 -0.027390852837250471 -0.0036542156701890433
leaf_weight=9.4700423553586095 2.1886980533599845 2.3392995782196513 7.7757718041539183 2.6924032345414153 2.545582514256238 6.4868841916322735 3.6056105569005004 31.98825915157795 2.5847334451973429 3.0668863840401173 2.6051810905337334 2.8306296840310088 5.4613796249032003 3.4733155146241188 4.3625981360673896 10.645478934049605 1.6350403167307357 7.7743398938328028 2.4369667544960976
leaf_count=166 15 28 81 12 27 50 21 204 18 59 19 19 26 23 25 58 13 167 15
internal_value=0.00035593 -0.0162244 0.00540242 -0.00120815 0.00166735 0.012396 -0.00110785 -0.00361434 -0.0206354 -0.00252377 -0.0258468 0.00826458 0 0.0097727 0.0137599 0.00730198 -0.0258572 -0.0181146 -0.0166908
internal_weight=115.969 26.8703 89.0988 45.6257 40.8319 43.473 38.1395 35.5939 24.531 5.65162 4.79388 35.6973 14.2023 8.9347 21.495 15.0081 18.8794 9.40938 5.2676
internal_count=1046 451 595 298 264 297 252 225 423 77 34 216 83 49 133 83 346 180 34
is_linear=0
shrinkage=0.03


Tree=91
num_leaves=17
num_cat=0
split_feature=3 3 7 1 3 16 10 14 2 13 11 11 1 10 10 10
split_gain=12.7248 4.53103 4.54315 4.83981 4.99524 3.99819 3.73618 3.50503 3.21857 3.03686 2.3653 1.97799 1.10856 0.88319 0.797007 0.646444
threshold=83.748836987379818 116.82915506035285 13.840996168582377 4.3901394075918132 92.004491535183703 0.016541844779461603 -0.7703666602876883 208.45374681185345 87.683054393305454 2.4513113135983495e-07 -0.37502583176416515 0.021584781647104402 2.4850886540087491 0.058720985005579353 -0.49453008093906942 -0.54994731304984057
decision_type=2 2 2 2 2 2 2 2 2 2 2 2 2 2 2 2
left_child=6 2 7 -4 5 -5 -1 8 9 -2 -6 -10 -8 -3 15 -14
right_child=1 13 3 4 10 -7 12 -9 11 -11 -12 -13 14 -15 -16 -17
leaf_value=0.019155461967269336 0.028080118744742425 0.0033085425764395964 0.042770547709430499 0.036159911972750272 0.020790352438305622 -0.013691209565554897 0 -0.028100777187817241 -0.04224066825082487 -0.0012103272185387153 0.0038315473856134715 -0.00055654688777761758 -0.025448377708790493 0.031648394323927187 -0.032862218872085916 0.0097409731736060844
leaf_weight=1.5292623788118387 3.4670916125178328 1.4962198734283436 3.4379662945866576 1.5039797537028778 16.375594187527895 13.152289871126412 1.2274375744163979 4.9500636123120776 2.4880537614226332 28.565614733844995 14.458523020148279 1.9476134106516836 0.79300264269113541 6.150057677179575 12.721136255189773 0.7591986786574132
leaf_count=10 17 17 13 8 111 117 23 29 26 169 116 11 20 84 264 11
internal_value=0.000348858 0.00454038 0.00261252 0.00881522 0.00609503 -0.00816196 -0.0234803 -0.00464617 -0.00131237 0.00194411 0.0129732 -0.0250152 -0.0279747 0.0266044 -0.0303122 -0.00687328
internal_weight=115.023 97.9931 90.3468 48.9284 45.4904 14.6563 17.03 41.4184 36.4684 32.0327 30.8341 4.43567 15.5008 7.64628 14.2733 1.5522
internal_count=1046 718 617 365 352 125 328 252 223 186 227 37 318 101 295 31
is_linear=0
shrinkage=0.03


Tree=92
num_leaves=19
num_cat=0
split_feature=0 17 10 13 9 7 1 7 7 2 7 2 17 2 1 11 11 17
split_gain=10.012 5.95595 7.6693 4.3633 3.13001 4.77354 3.30459 2.51615 2.39624 5.39008 4.26876 1.71023 1.30236 2.1866 0.819747 0.270126 0.914388 0.0475948
threshold=73.641156708834203 2.312722006374393 -0.42290719307622948 5.4492960496235323e-06 794.64285714285722 17.108013937282234 3.5192028853389545 27.386363636363644 19.478319783197836 67.361711322385489 34.330357142857146 59.701522694943755 3.3918156667393649 58.292880258899693 4.8503094628382444 -0.35979845878549294 -0.89560169920445498 2.5787956917153747
decision_type=2 2 2 2 2 2 2 2 2 2 2 2 2 2 2 2 2 2
left_child=1 -1 11 4 6 -6 17 -7 9 -8 -10 -3 -4 -14 -13 16 -5 -2
right_child=3 2 12 15 5 7 8 -9 10 -11 -12 14 13 -15 -16 -17 -18 -19
leaf_value=-0.032371450592177504 -0.035549946324031634 -0.0023173807229830133 -0.031929052637395358 0.029122563437165232 0.050143649611041508 -0.011910313932319406 -0.023426939475977758 0.019679701819033894 0.019506991615509766 0.0031699593094557743 -0.020924922274006413 0.043573382797843063 -0.02862538691349888 0.015874924108908086 0.014271234135372951 0.032128759949689285 -0.0022703491507988696 -0.016338805121230895
leaf_weight=11.208088636398317 1.7968468144536012 1.7039845939725626 4.8667839318513852 1.8343630619347098 2.9018512517213813 3.8297902271151525 8.0864831432700139 5.0934647247195244 12.98749842867255 41.787618461996317 2.7113961949944487 2.4251592643558979 1.955641243606806 1.7528327926993368 2.1182747296988964 4.7134786620736113 1.1575496904551981 1.2714300975203512
leaf_count=249 22 25 102 25 12 22 52 26 77 258 18 12 23 12 28 56 13 14
internal_value=0.000342197 -0.0159416 -0.00318361 0.00519624 0.00307264 0.0172682 0.000561918 0.00580731 0.00204753 -0.00112062 0.0122458 0.0216634 -0.0216725 -0.00693977 0.0311595 0.0266649 0.016326 -0.0293031
internal_weight=114.203 26.0308 14.8227 88.1718 80.4664 11.8251 68.6413 8.92325 65.573 49.8741 15.6989 6.24742 8.57526 3.70847 4.54343 7.70539 2.99191 3.06828
internal_count=1046 451 202 595 501 60 441 48 405 310 95 65 137 35 40 94 38 36
is_linear=0
shrinkage=0.03


Tree=93
num_leaves=16
num_cat=0
split_feature=3 3 7 1 3 17 16 10 14 11 17 1 10 10 10
split_gain=11.9044 4.34901 4.22209 4.37104 4.62238 5.43284 3.74284 3.69807 3.28494 3.12322 3.70133 1.23162 0.941321 0.72794 0.664053
threshold=83.748836987379818 116.82915506035285 13.840996168582377 4.3901394075918132 92.004491535183703 2.3964569750037366 0.016541844779461603 -0.80068530725340203 208.45374681185345 -1.0063260033946506 5.2611881257545727 2.4204459945620425 0.055302969498299707 -0.49453008093906942 -0.54994731304984057
decision_type=2 2 2 2 2 2 2 2 2 2 2 2 2 2 2
left_child=7 2 8 -4 6 -6 -5 -1 9 -2 -11 -9 -3 14 -13
right_child=1 12 3 4 5 -7 -8 11 -10 10 -12 13 -14 -15 -16
leaf_value=0.020652076623180748 -0.026900691262963371 0.0018035556409231935 0.04069076232600681 0.035086283316918106 -0.026342713515397621 0.016669511394303626 -0.013289481641350515 0.00035699678178108984 -0.027260343674708545 -0.0036585849068504523 0.020512274716783074 -0.025833227622712576 0.031528343182604529 -0.032700138533019341 0.0092956492094654307
leaf_weight=1.4270287267863775 3.7435919642448416 1.4128918759524811 3.4554270058870307 1.4947317130863655 2.782289274036887 27.603446412831545 13.003947434946893 1.0904441196471442 4.9320188090205184 25.377497348934412 7.2178630083799353 0.8405295480042696 5.9846622683107853 12.261282879859207 0.75908159650862106
leaf_count=9 25 16 13 8 26 201 117 20 29 161 37 21 85 267 11
internal_value=0.000332057 0.00435853 0.00248222 0.00851277 0.00588391 0.0125592 -0.00789054 -0.0232162 -0.00451223 -0.00127613 0.00164838 -0.0277119 0.026351 -0.0301218 -0.0078319
internal_weight=113.387 97.0084 89.6108 48.3398 44.8844 30.3857 14.4987 16.3784 41.271 36.339 32.5954 14.9513 7.39755 13.8609 1.59961
internal_count=1046 718 617 365 352 227 125 328 252 223 198 319 101 299 32
is_linear=0
shrinkage=0.03


Tree=94
num_leaves=17
num_cat=0
split_feature=3 13 10 0 13 7 3 10 11 0 1 10 10 1 7 11
split_gain=11.4155 4.26486 3.57502 3.42165 3.90269 3.79145 3.55477 2.73173 2.61907 2.53016 1.21743 0.726096 0.738226 0.232985 0.203552 0.020093
threshold=83.748836987379818 8.3210133973079641e-06 -0.80068530725340203 73.137108276773446 1.7602457818890473e-06 13.840996168582377 117.48274728885967 -0.53027273139216191 0.12536716402384743 80.684836230494483 2.4204459945620425 -0.49453008093906942 -0.53914251524976076 10.494271486396142 53.708791208791219 2.9156621944001206
decision_type=2 2 2 2 2 2 2 2 2 2 2 2 2 2 2 2
left_child=2 3 -1 4 -2 6 9 -7 -9 -5 -4 12 -12 -3 -6 -8
right_child=1 13 10 5 14 7 15 8 -10 -11 11 -13 -14 -15 -16 -17
leaf_value=0.020134755416723316 0.011988785725824335 0.010139198389445079 0.00034710010481542395 0.0098969277696129027 -0.034427664894033642 -0.012028039288851926 0.030745398259342135 0.0088844001960762461 0.028120380834845221 -0.0080696128729519645 -0.025933438562651685 -0.032595115107061035 0.011539465879220837 0.0308824438225992 -0.012099997076995406 0.013767388888444637
leaf_weight=1.4224225096404577 2.7647234443575126 1.1923504322767247 1.0907353647053231 8.8281625285744649 4.2734997738152742 3.8082715198397628 2.4343490153551097 24.765765845775604 8.9825270958244783 31.952100098133087 0.87351579591631889 11.936985429376362 0.71177497506141552 5.2395385541021824 1.0590821765363214 1.1442584767937658
leaf_count=9 25 15 20 51 69 24 31 151 55 195 23 267 9 79 10 13
internal_value=0.000325709 0.00425531 -0.0230027 0.00251714 -0.0158893 0.00439034 -0.00148985 0.0114007 0.0141609 -0.00409211 -0.0275139 -0.0299675 -0.0076421 0.0277104 -0.0308498 0.026654
internal_weight=112.48 96.4446 16.0354 90.0127 8.09731 81.9154 44.3589 37.5566 33.7483 40.7803 14.613 13.5223 1.58529 6.43189 5.33258 3.57861
internal_count=1046 718 328 624 104 520 290 230 206 246 319 299 32 94 79 44
is_linear=0
shrinkage=0.03


Tree=95
num_leaves=10
num_cat=0
split_feature=1 3 8 12 2 3 11 2 14
split_gain=9.05342 5.3993 4.05535 3.01661 3.93983 6.10312 4.54751 1.03506 0.144214
threshold=3.4784143308301076 118.47696347576991 936.58986175115228 0.0020749490223803007 65.779210266825629 93.645601336302917 0.93369144346683719 59.448012789947555 298.60280577491284
decision_type=2 2 2 2 2 2 2 2 2
left_child=-1 2 3 4 5 -2 -6 -5 -9
right_child=1 -3 -4 7 6 -7 -8 8 -10
leaf_value=-0.032861799575948064 0.0012864306593843575 0.030901495361219205 -0.030741957236521764 0.0037759197513871521 0.0088092679196057865 -0.026632291413201815 -0.013976455353630369 0.031611305327151749 0.01234324230551598
leaf_weight=6.7846280690282574 20.69207198172808 5.6576675809919825 3.3891576360911122 2.825842121616005 49.271687056869268 10.437379840761421 9.2034884989261609 3.8599919825792313 1.2242789156734941
leaf_count=123 228 87 106 24 280 73 55 47 15
internal_value=0.000449566 0.0026274 0.000983351 0.00214707 0.000535219 -0.00803367 0.00515404 0.0197967 0.0278779
internal_weight=113.346 106.562 100.904 97.5147 89.6046 31.1295 58.4752 7.91011 5.08427
internal_count=1038 915 828 722 636 301 335 86 62
is_linear=0
shrinkage=0.03


Tree=96
num_leaves=9
num_cat=0
split_feature=1 3 8 13 4 3 1 15
split_gain=8.72574 5.24262 3.91708 3.41499 4.54232 2.88425 2.4581 0.256557
threshold=3.4784143308301076 118.47696347576991 936.58986175115228 8.1833278919241406e-06 35.141333169844408 106.19485999232835 10.255826312758895 12.526469634453788
decision_type=2 2 2 2 2 2 2 2
left_child=-1 2 3 4 5 -2 -6 -5
right_child=1 -3 -4 7 6 -7 -8 -9
leaf_value=-0.032680293860021963 0.0015467889429646969 0.030815663124310704 -0.030641736406936272 0.030993941219056981 -0.022114671862772058 0.019192850966751461 0.0029980668819056056 0.0084549119872692931
leaf_weight=6.6206766366958609 67.655385475605726 5.5057952590286723 3.2999108750373116 3.6368838511407366 10.545017058029769 9.506259083747862 4.9078579246997824 1.0820789933204649
leaf_count=123 506 87 106 47 77 50 29 13
internal_value=0.000438829 0.00256177 0.000957116 0.00208956 0.000774179 0.00378163 -0.0139779 0.0267309
internal_weight=112.76 106.139 100.633 97.3335 92.6145 77.1616 15.4529 4.71896
internal_count=1038 915 828 722 662 556 106 60
is_linear=0
shrinkage=0.03


Tree=97
num_leaves=10
num_cat=0
split_feature=1 3 8 5 4 0 3 4 2
split_gain=8.41078 5.09002 3.78404 3.12209 4.64532 3.28239 2.42489 1.12787 0.378252
threshold=3.4784143308301076 118.47696347576991 936.58986175115228 81.050912976592869 35.141333169844408 73.641156708834203 112.75188099974058 42.264616154229344 58.782394076511729
decision_type=2 2 2 2 2 2 2 2 2
left_child=-1 2 3 4 5 -2 -6 8 -5
right_child=1 -3 -4 7 6 -7 -8 -9 -10
leaf_value=-0.032499818121745322 -0.011060898682251016 0.030730836258877538 -0.030541569804389046 0.01138056887041239 -0.024579652997138317 0.0059172289739960332 0.0033923847064076737 0.00034457282313031838 0.030794667920353958
leaf_weight=6.4606948867440215 12.033609015867112 5.3578729704022399 3.2130518350750199 2.0675586052238923 9.1262568645179254 63.349687721580267 3.7131182737648478 2.4927264451980591 4.4136598035693169
leaf_count=123 184 87 106 21 60 358 23 29 47
internal_value=0.000429731 0.00249833 0.000932919 0.00203453 0.000276204 0.00315616 -0.0162947 0.0187965 0.0253243
internal_weight=112.228 105.768 100.41 97.1966 88.2227 75.3833 12.8394 8.97394 6.48122
internal_count=1038 915 828 722 625 542 83 97 68
is_linear=0
shrinkage=0.03


Tree=98
num_leaves=8
num_cat=0
split_feature=1 3 8 13 13 14 15
split_gain=8.10697 4.94207 3.65549 3.22513 2.93714 2.77587 0.26827
threshold=3.4784143308301076 118.47696347576991 936.58986175115228 8.1833278919241406e-06 2.6082711010539704e-07 150.50208088574104 12.526469634453788
decision_type=2 2 2 2 2 2 2
left_child=-1 2 3 4 -2 -6 -5
right_child=1 -3 -4 6 5 -7 -8
leaf_value=-0.032320178169268139 0.022363875153612555 0.030646937151548245 -0.030441403571195499 0.03080962057637884 -0.012662204314462728 0.0017659737467107224 0.0078170060734384979
leaf_weight=6.3046236708760253 5.2255455963313571 5.2138136290013781 3.1285217739641658 3.4882147759199134 14.234361618757246 73.003380250185728 1.0576460957527158
leaf_count=123 26 87 106 47 100 536 13
internal_value=0.000419373 0.00243587 0.000907982 0.00198019 0.000720522 -0.000565689 0.0263893
internal_weight=111.656 105.351 100.138 97.0091 92.4633 87.2377 4.54586
internal_count=1038 915 828 722 662 636 60
is_linear=0
shrinkage=0.03


Tree=99
num_leaves=11
num_cat=0
split_feature=1 3 8 5 2 3 14 2 5 2
split_gain=7.81473 4.79802 3.53174 2.89636 4.21518 4.82214 2.50618 1.08793 1.0078 0.443553
threshold=3.4784143308301076 118.47696347576991 936.58986175115228 81.050912976592869 65.779210266825629 93.645601336302917 173.49248026995028 59.448012789947555 108.53552775783751 65.88239346860037
decision_type=2 2 2 2 2 2 2 2 2 2
left_child=-1 2 3 4 5 -2 -6 8 -5 -9
right_child=1 -3 -4 7 6 -7 -8 9 -10 -11
leaf_value=-0.032141181953690909 0 0.03056389078048001 -0.030341183906638241 0.018026840717314013 -0.0022663605839243674 -0.025265431441493773 0.010256737376344542 0.032144836998160911 -0.013242511951138054 0.0077911311779301192
leaf_weight=6.1524028703570357 19.465768188238147 5.0735309422016135 3.046263098716735 2.0272828303277479 24.312483940273523 10.386384464800356 33.884639825671911 3.9591116905212402 1.4677122235298155 1.3276806361973283
leaf_count=123 217 87 106 18 143 72 193 49 16 14
internal_value=0.000410114 0.00237566 0.000884625 0.00192821 0.000246324 -0.00886516 0.0049787 0.018261 0.00405779 0.0268439
internal_weight=111.103 104.951 99.8773 96.8311 88.0493 29.8522 58.1971 8.78179 3.495 5.28679
internal_count=1038 915 828 722 625 289 336 97 34 63
is_linear=0
shrinkage=0.03


Tree=100
num_leaves=20
num_cat=0
split_feature=0 12 2 7 17 10 2 17 9 10 17 17 3 10 14 17 13 5 3
split_gain=4.70152 4.37651 3.32095 4.84152 5.38934 4.42134 3.98971 4.6794 3.75715 2.72268 2.55593 3.61301 2.39615 2.39402 0.956427 0.855501 2.50014 0.472426 0.525475
threshold=63.627035526771685 0.0016244303446659501 62.686706809326829 7.7935222672064786 5.0084079163843276 -0.42290719307622948 67.796654333211748 1.3298036539118665 549.28571428571433 0.31484060864897695 3.4392550268835396 3.8436818028904884 79.620924616180801 0.49402862178857776 329.32668249095076 3.4938329756379165 8.1833278919241406e-06 114.70183011315169 103.83204987165384
decision_type=2 2 2 2 2 2 2 2 2 2 2 2 2 2 2 2 2 2 2
left_child=-1 2 5 4 8 12 7 -5 -4 -6 -7 -12 -2 -8 15 16 -3 -17 -19
right_child=1 14 3 6 9 10 13 -9 -10 -11 11 -13 -14 -15 -16 17 -18 18 -20
leaf_value=-0.030635581830433863 0.039528460179828306 -0.016263789266587975 0.03082152563797225 0.049933801145374927 -0.0039155999319713313 -0.03516871752888534 0.023470154066534521 -0.0019180339749540977 -0.016916308108231262 0.032427203926742532 0.020236509153652837 -0.031097707529362188 -0.006455253050979823 0.00057770122958170447 -0.00040366629349646054 0.040109775307541867 0.030548182234368719 0 0.027690777481805557
leaf_weight=3.9089307542890301 1.7427315153181546 1.5717172995209678 1.4587577171623767 1.5572520866990114 3.175568424165248 6.1611304059624654 16.800970874726776 27.803684851154685 21.968268856406212 3.9055669493973255 2.3460881374776363 2.3466189652681351 2.0320525895804167 5.7992724403738967 1.4666405860334624 3.1814419254660606 2.3966560587286949 0.863839361816645 1.5812793187797067
leaf_count=139 11 19 14 6 15 129 96 195 162 24 13 18 28 44 11 38 34 14 30
internal_value=0.0012145 0.00242052 0.000343626 0.00271411 -0.00670432 -0.0127441 0.00830387 0.000890422 -0.0136979 0.0158838 -0.0225291 -0.0049208 0.0144724 0.0177565 0.0202162 0.0236491 0.0113264 0.0314668 0.0179083
internal_weight=112.068 108.16 97.098 82.4693 30.5082 14.6286 51.9612 29.3609 23.427 7.08114 10.8538 4.69271 3.77478 22.6002 11.0616 9.59493 3.96837 5.62656 2.44512
internal_count=1040 901 755 556 215 199 341 201 176 39 160 31 39 140 146 135 53 82 44
is_linear=0
shrinkage=0.03


Tree=101
num_leaves=20
num_cat=0
split_feature=8 5 2 7 17 16 2 4 10 16 2 11 17 14 11 17 8 1 1
split_gain=4.54332 4.20675 2.89414 4.49415 5.13239 4.53146 4.52864 5.18492 4.13028 3.02107 2.99993 2.9327 2.84537 1.5857 1.06544 0.887434 0.458087 0.391302 0.757674
threshold=942.9953917050691 84.219212114708128 62.686706809326829 7.7935222672064786 4.9480617416527499 0.062234579271839362 67.796654333211748 41.758171624963879 -0.078447484173501739 0.071878579523690325 55.666028422365493 -0.78967331411456632 2.5980496513623446 329.32668249095076 0.53540948547168299 1.8072325241951124 864.66386554621852 9.8925124445950541 11.895733294299955
decision_type=2 2 2 2 2 2 2 2 2 2 2 2 2 2 2 2 2 2 2
left_child=1 2 8 4 5 -4 7 -5 12 -8 -10 -6 15 16 -12 -1 17 -3 -19
right_child=-2 13 3 6 11 -7 9 -9 10 -11 14 -13 -14 -15 -16 -17 -18 18 -20
leaf_value=0.0037011726118461861 -0.030544709306488602 0.043240213187738866 -0.025853139067373396 0.0041167368418463992 -0.0075429138747151797 0.00027478929126703973 0.024400009678093713 -0.039876366557571888 0.021172255747113896 0 -0.037506443126622546 0.030977046487875907 0.022969782771971189 -0.0071426843923831813 -0.0043770758250117718 -0.029489941486409488 0.0086051653189618375 0 0.029544234918299814
leaf_weight=0.94187393784522955 3.8048135153949252 2.221712699159978 12.159070469439035 27.661555573344234 2.7509016580879688 11.211784938350318 17.051473844796423 2.5395049154758444 0.94605119153857042 6.3026630356907836 6.0482195839285851 4.3121434040367594 3.7439600955694914 1.2336641307920215 1.2985748853534458 1.6897835377603767 1.5030722469091413 0.88898529484868083 2.9997539930045605
leaf_count=14 139 15 97 192 15 80 111 16 13 46 100 25 26 10 12 34 22 16 57
internal_value=0.00119027 0.00236865 0.000550569 0.00273014 -0.00640783 -0.0132431 0.00798116 0.000199107 -0.0116601 0.0178731 -0.0255661 0.0156597 0.0060798 0.0220746 -0.032191 -0.0168119 0.027229 0.0311148 0.0225248
internal_weight=111.31 107.505 98.6576 83.9891 30.4339 23.3709 53.5552 30.2011 14.6685 23.3541 8.29285 7.06305 6.37562 8.84719 7.34679 2.63166 7.61352 6.11045 3.88874
internal_count=1040 901 781 582 217 177 365 208 199 157 125 40 74 120 112 48 110 88 73
is_linear=0
shrinkage=0.03


Tree=102
num_leaves=20
num_cat=0
split_feature=0 12 2 10 14 11 10 10 1 1 17 17 12 3 11 17 1 12 3
split_gain=4.3893 4.03465 3.00518 4.10676 3.6775 4.30037 3.676 3.49334 3.34191 2.83744 2.54715 3.32711 2.40994 2.24453 1.07337 2.48524 3.24633 2.14348 2.3679
threshold=63.627035526771685 0.0016244303446659501 62.686706809326829 -0.42290719307622948 150.50208088574104 1.9301860155089103 0.47385364133404811 0.61458723102748092 4.8961863636171898 5.0564557924872391 3.4392550268835396 3.8436818028904884 0.00057091883366070016 79.620924616180801 0.36670716335390213 3.5387780433176115 12.178567019265321 0.0024086846147663003 102.81533151157775
decision_type=2 2 2 2 2 2 2 2 2 2 2 2 2 2 2 2 2 2 2
left_child=-1 2 3 13 6 7 8 -6 -4 -8 -5 -12 -7 -2 15 16 -3 -17 -19
right_child=1 14 4 10 5 12 9 -9 -10 -11 11 -13 -14 -15 -16 17 -18 18 -20
leaf_value=-0.030453982920536971 0.038196546267031999 -0.045935572038941198 -0.0036544970789401561 -0.034967113934362096 0.013455121117386839 -0.039577013210936422 -0.0099071362262655813 -0.0068045350693237503 -0.033632434795989451 0.02193564670463868 0.019677758805824789 -0.029603287079792512 -0.0020590690302960666 -0.0063925828066995318 0.031624110154246141 0.053082746011878117 0.025620518466134258 -0.024739919287170953 0.02818412278192748
leaf_weight=3.7034925278276196 1.7389874421060079 1.2063432410359367 7.8410169593989867 5.8812263626605255 41.83325294777751 2.281280916184186 4.6298595033586007 9.0930662378668767 6.1345924213528633 5.1284414120018482 2.3388716652989388 2.34971709176898 4.9381551407277584 2.0137231666594744 4.2670894637703896 1.4301327280700205 0.87220769748091687 1.0983505137264731 1.8777686432003973
leaf_count=139 11 16 81 129 254 16 35 63 39 34 13 18 34 28 61 7 15 10 37
internal_value=0.00116217 0.00231239 0.00032425 -0.0122686 0.00257588 0.00666219 -0.00729528 0.00977265 -0.0171719 0.00657617 -0.0219005 -0.00449572 -0.014703 0.0139462 0.0196578 0.0109675 -0.0147342 0.0238154 0.0075077
internal_weight=110.658 106.954 96.2022 14.3225 81.8797 58.1458 23.7339 50.9263 13.9756 9.7583 10.5698 4.68859 7.21944 3.75271 10.7519 6.4848 2.07855 4.40625 2.97612
internal_count=1040 901 755 199 556 367 189 317 120 69 160 31 50 39 146 85 31 54 47
is_linear=0
shrinkage=0.03


Tree=103
num_leaves=15
num_cat=0
split_feature=3 3 14 10 2 17 7 10 14 11 17 16 17 16
split_gain=4.2527 6.80953 3.90338 5.31581 4.34421 4.52146 4.50728 3.21728 2.9192 4.28316 2.69505 2.97434 1.2465 1.04554
threshold=78.285249729008612 79.021706809396377 150.50208088574104 0.35778539367699963 67.361711322385489 1.3298036539118665 23.166368515205729 -0.82939162614670758 246.35102172283857 1.9301860155089103 5.2341886908273194 0.072905305725620359 4.2204367101364282 0.073799426521631725
decision_type=2 2 2 2 2 2 2 2 2 2 2 2 2 2
left_child=7 -2 3 12 5 -4 -7 -1 9 -6 11 -5 13 -3
right_child=1 2 4 10 8 6 -8 -9 -10 -11 -12 -13 -14 -15
leaf_value=0.02299001001843138 0.054333096873411146 -0.041172379951850795 0.046933491632594852 -0.016220158291293394 0.014409989447543608 -0.014948997374656567 0.0045770098460802527 -0.030487580510966641 0.035345902300116611 -0.01682225625862039 0.029234259971415179 0.018755948496472365 -0.0093569600128013374 -0.012984150150796013
leaf_weight=1.0798175744712351 2.1509099099785081 4.5860121510922927 1.581965198740362 6.0679771155118924 23.692870311439041 17.500761698931456 26.502346344292164 5.8113817125558844 4.5368296653032294 4.5699351578950873 2.8123962059617034 3.2499197348952293 3.6803728900849819 2.2352531813085079
leaf_count=10 18 51 8 44 139 130 269 203 52 36 19 22 20 19
internal_value=0.00112813 0.00268596 0.00150394 -0.00940093 0.00469869 -0.00123485 -0.00313707 -0.0214698 0.013015 0.00921263 0.00391872 -0.00363294 -0.0249611 -0.0326899
internal_weight=110.059 103.168 101.017 22.6319 78.3847 45.5851 44.0031 6.8912 32.7996 28.2628 12.1303 9.3179 10.5016 6.82127
internal_count=1040 827 809 175 634 407 399 213 227 175 85 66 90 70
is_linear=0
shrinkage=0.03


Tree=104
num_leaves=12
num_cat=0
split_feature=0 5 9 2 2 10 13 14 8 1 1
split_gain=4.14345 3.85672 2.73999 5.70955 2.8424 3.76612 2.43488 1.52704 0.438116 0.344593 0.749978
threshold=63.627035526771685 84.219212114708128 549.28571428571433 89.07751268487533 62.686706809326829 -0.078447484173501739 9.0358532911734588e-07 329.32668249095076 864.66386554621852 9.8925124445950541 11.895733294299955
decision_type=2 2 2 2 2 2 2 2 2 2 2
left_child=-1 2 -2 4 5 -4 -6 8 9 -3 -11
right_child=1 7 3 -5 6 -7 -8 -9 -10 10 -12
leaf_value=-0.030338069031936737 0.030972646838718268 0.042303007227527591 0.0057252044909081225 -0.041800117040613302 -0.0037287010822861844 -0.024825195862453901 0.0072497120953307608 -0.0072456739352968428 0.0081273661665367831 0 0.02933031557525223
leaf_weight=3.5350326821207991 2.482991073280572 2.1556360870599729 6.2797948196530333 2.7993110232055178 28.168743323534727 8.0193058531731349 49.670013848692179 1.2211201712489126 1.4523922763764856 0.86645904928445849 2.8187741786241531
leaf_count=139 34 15 74 28 202 125 318 10 22 16 57
internal_value=0.00110189 0.00220696 0.000473598 -0.000324259 0.000947278 -0.0112533 0.0032386 0.0214558 0.0267001 0.0305988 0.0220234
internal_weight=109.47 105.935 97.4202 94.9372 92.1379 14.2991 77.8388 8.51438 7.29326 5.84087 3.68523
internal_count=1040 901 781 747 719 199 520 120 110 88 73
is_linear=0
shrinkage=0.03


Tree=105
num_leaves=18
num_cat=0
split_feature=3 17 13 5 13 14 13 8 12 7 4 11 12 13 7 17 3
split_gain=5.17737 3.91433 5.16071 4.52564 4.33268 4.80395 4.4659 3.22939 5.46423 3.75566 3.30413 2.89145 3.81936 1.28259 1.39425 0.350083 0.0155167
threshold=116.82915506035285 3.1556723335469896 2.9208815876030048e-07 48.852707835102137 3.2751666051296915e-07 102.11199379183616 6.1125326437242192e-07 636.88152504294976 0.00030698487757660004 4.5983086680761112 20.318826330164132 0.51333678122341497 0.0010310431868587003 1.8408842787669802e-06 25.677655677655682 2.2326946624691217 107.00654307524538
decision_type=2 2 2 2 2 2 2 2 2 2 2 2 2 2 2 2 2
left_child=1 3 -3 4 16 -6 -7 -4 9 -9 -10 13 15 -5 -15 -13 -1
right_child=-2 2 7 11 5 6 -8 8 10 -11 -12 12 -14 14 -16 -17 -18
leaf_value=-0.034919092295000176 0.029126736358962312 0.036133823767431114 0.028095199694243164 0 0.050418079289639539 -0.033385261854381523 0.0045849877160241519 0 0.033503376373318086 -0.041188677165951038 0.0015919880319752472 -0.0071303285977756901 0.023619366830848969 -0.061307479680284924 -0.026733788868193196 -0.034100261242576632 -0.017036142148012644
leaf_weight=2.53636497631669 5.3406815100461236 4.2486513629555693 3.7765390165150157 1.1681475434452284 1.7292139995843196 3.0538700614124563 23.883402867242694 3.7102778367698175 3.1496305335313073 4.3511070031672716 31.810241289436817 1.061782689765095 2.5751607026904821 1.4668854847550372 7.7054612059146166 1.8089377656579015 1.2157112173736093
leaf_count=31 96 17 24 21 16 50 170 21 17 39 235 15 29 12 187 23 15
internal_value=0.00061491 -0.000916878 0.00483342 -0.00706564 -0.000540548 0.00336837 6.17973e-05 0.00185678 -0.000436752 -0.0226074 0.0046399 -0.0201888 -0.00183804 -0.0294559 -0.0331881 -0.0257107 -0.0304963
internal_weight=104.592 99.2514 51.0464 48.2049 32.4186 28.6665 26.9373 46.7978 43.0213 8.06138 34.9599 15.7864 5.44588 10.3405 9.17235 2.87072 3.75208
internal_count=1018 922 353 569 282 236 220 336 312 60 252 287 67 220 199 38 46
is_linear=0
shrinkage=0.03


Tree=106
num_leaves=20
num_cat=0
split_feature=3 17 13 5 5 13 14 17 3 13 14 11 12 4 9 4 13 16 17
split_gain=5.00192 3.71784 4.9293 4.32965 4.19893 3.32542 5.13982 3.18257 4.72235 4.43725 3.09049 2.76528 3.63936 1.95962 4.92095 3.4579 1.2419 0.654683 0.343943
threshold=116.82915506035285 3.1556723335469896 2.9208815876030048e-07 48.852707835102137 46.629921333049232 3.2751666051296915e-07 102.11199379183616 4.5806840025871152 105.66054453628344 1.0346725997155201e-06 214.72990349962706 0.51333678122341497 0.0010310431868587003 23.807107816314247 736.07142857142878 35.141333169844408 1.8408842787669802e-06 0.070250275659928613 2.2326946624691217
decision_type=2 2 2 2 2 2 2 2 2 2 2 2 2 2 2 2 2 2 2
left_child=1 3 -3 4 5 -1 -7 13 9 -9 -10 16 18 14 -4 -15 -5 -18 -13
right_child=-2 2 7 11 -6 6 -8 8 10 -11 -12 12 -14 15 -16 -17 17 -19 -20
leaf_value=-0.030168708443623713 0.028981068569902312 0.035505421435589643 -0.034514139714583489 0 0.034763320270415982 0.047796187307976398 -0.0037633486725989576 -0.040903577599891681 0.032875351568047696 -0.0040986957317464849 -0.012089776215291949 -0.006957373986125579 0.022937431445336286 0.022756529569982906 0.013312390415410545 -0.0027766568078216891 -0.024838287290243691 -0.045405486418747372 -0.033818158082313463
leaf_weight=3.6862990949302938 5.2089952025562516 4.1966916918754569 2.9403539821505564 1.1681475434452284 2.6596262753009787 1.7741238083690429 24.22055197507143 4.6339810565114048 3.3724418729543677 8.4541206806898099 2.0866924747824669 1.0580753814429038 2.5751429721713066 12.645099110901358 5.1570286154747009 7.2909473218023768 5.9258195217698795 3.1206784285604954 1.770719740539789
leaf_count=46 96 17 21 21 19 16 201 32 18 72 21 15 29 77 37 58 133 66 23
internal_value=0.00059671 -0.000898204 0.00471998 -0.00690639 -0.000531578 -0.0039011 0 0.00181197 -0.00772106 -0.0175687 0.01524 -0.0198282 -0.00180971 0.0082308 -0.00389778 0.0133016 -0.0289598 -0.03268 -0.0253761
internal_weight=103.946 98.7365 50.7774 47.9592 32.3406 29.681 25.9947 46.5807 18.5472 13.0881 5.45913 15.6186 5.40394 28.0334 8.09738 19.936 10.2146 9.0465 2.8288
internal_count=1018 922 353 569 282 263 217 336 143 104 39 287 67 193 58 135 220 199 38
is_linear=0
shrinkage=0.03


Tree=107
num_leaves=14
num_cat=0
split_feature=3 2 17 0 10 17 5 5 2 12 6 2 14
split_gain=4.83758 4.36232 3.10516 3.34194 3.27618 2.6553 2.64307 3.93883 3.41899 3.0677 3.76593 2.33592 1.77613
threshold=117.15503960411446 55.445568711376325 3.1556723335469896 94.209044680320389 -0.055249749666638294 4.4119555292698616 48.852707835102137 46.629921333049232 64.367853888142534 0.0010310431868587003 77.508721036493753 63.781357956930243 258.0405574339905
decision_type=2 2 2 2 2 2 2 2 2 2 2 2 2
left_child=1 -1 6 4 11 -6 7 8 -3 12 -11 -4 -8
right_child=-2 2 3 -5 5 -7 9 -9 -10 10 -12 -13 -14
leaf_value=-0.031651157362570286 0.030243216548858743 -0.028426404816294024 0.030279889184806681 0.029931899030366176 0.0049547607595471551 -0.013460504090875947 -0.037599121615847525 0.033439529586681629 0.0002414201303404874 0.028254388376113711 -0.022342825985578386 0.0057609047028022156 -0.0030395736194418132
leaf_weight=3.865028246305882 4.6268784161657086 4.2514032237231758 5.1212557125836637 4.5473897084593764 15.563570355996491 12.53309786133468 5.5151441767811757 2.6855213996022931 25.422013815492392 2.3694334141910076 2.7444395776838064 12.118616145104168 2.0391167979687452
leaf_count=143 92 77 47 28 95 89 94 19 182 21 26 80 25
internal_value=0.00057796 -0.000810464 0.000445867 0.00562493 0.00306033 -0.00317196 -0.0052251 -0.00056646 -0.00384683 -0.0167924 0.00061749 0.0133501 -0.028824
internal_weight=103.403 98.776 94.911 49.8839 45.3365 28.0967 45.0271 32.3589 29.6734 12.6681 5.11387 17.2399 7.55426
internal_count=1018 926 783 339 311 184 444 278 259 166 47 127 119
is_linear=0
shrinkage=0.03


Tree=108
num_leaves=12
num_cat=0
split_feature=3 2 17 13 17 2 4 13 14 16 3
split_gain=4.68406 4.22305 2.96426 4.24732 4.06781 5.16448 3.0898 2.93097 5.1105 2.58972 0.0353152
threshold=117.15503960411446 55.445568711376325 3.353300687040921 2.9208815876030048e-07 4.4119555292698616 69.364209148187555 23.807107816314247 3.2751666051296915e-07 102.11199379183616 0.015675276256394553 107.00654307524538
decision_type=2 2 2 2 2 2 2 2 2 2 2
left_child=1 -1 7 -4 6 -6 -5 10 -9 -10 -3
right_child=-2 2 3 4 5 -7 -8 8 9 -11 -12
leaf_value=-0.031540616293468424 0.030164442826989466 -0.0344291318672841 0.034798571837042561 -0.0053479398900430561 -0.022048653065752561 0.0079561090150205901 0.020560230467623803 0.045566586861304999 0.014983381591646475 -0.0070916123541780165 -0.0160607245070883
leaf_weight=3.7640925776213399 4.5019403584301463 2.5080134458839889 4.1355173364281645 5.629040781408551 9.6892515085637587 10.657861951738594 13.744184378534554 1.8122777678072441 5.2664055954664937 39.939483424648643 1.1900999061763284
leaf_count=143 92 32 17 38 83 70 90 16 44 378 15
internal_value=0.000565075 -0.000788807 0.00043549 0.00616851 0.00303242 -0.00622333 0.0128895 -0.00446536 -0.00234308 -0.0044263 -0.0298863
internal_weight=102.838 98.3362 94.5721 43.8559 39.7203 20.3471 19.3732 50.7163 47.0182 45.2059 3.69811
internal_count=1018 926 783 298 281 153 128 485 438 422 47
is_linear=0
shrinkage=0.03


Tree=109
num_leaves=12
num_cat=0
split_feature=3 2 17 13 17 2 7 13 12 16 3
split_gain=4.53579 4.08807 2.80013 4.06537 3.84583 4.84147 3.15303 2.83385 3.87948 2.41084 0.0391766
threshold=117.15503960411446 55.445568711376325 3.353300687040921 2.9208815876030048e-07 4.4119555292698616 69.364209148187555 2.4695121951219519 3.2751666051296915e-07 0.00014360015410835004 0.015675276256394553 107.00654307524538
decision_type=2 2 2 2 2 2 2 2 2 2 2
left_child=1 -1 7 -4 6 -6 -5 10 -9 -10 -3
right_child=-2 2 3 4 5 -7 -8 8 9 -11 -12
leaf_value=-0.031430322925877108 0.030086094048708975 -0.034187452598861738 0.034209009584013579 -0.025966112691298997 -0.021287065030085487 0.0077466651740793185 0.016365139507104866 0.037449266514534757 0.014530009261414621 -0.0067654727064715243 -0.015722849942370384
leaf_weight=3.6658182134851804 4.3803506772965184 2.451532699167728 4.0831062272191039 1.5985376685857797 9.7376536186784524 10.620906975120304 17.655287699773908 2.0007527358829966 5.2708598449826232 39.733733979985118 1.1814853698015211
leaf_count=143 92 32 17 9 83 70 119 17 44 377 15
internal_value=0.000551057 -0.00076783 0.000423969 0.00600975 0.0029487 -0.00602992 0.0125796 -0.00433918 -0.00226691 -0.00417819 -0.0295683
internal_weight=102.38 97.9997 94.3339 43.6955 39.6124 20.3586 19.2538 50.6384 47.0053 45.0046 3.63302
internal_count=1018 926 783 298 281 153 128 485 438 421 47
is_linear=0
shrinkage=0.03


Tree=110
num_leaves=20
num_cat=0
split_feature=2 10 13 9 7 7 2 7 15 0 17 9 15 17 3 17 12 17 3
split_gain=5.65852 4.75113 4.62795 2.90115 2.77036 6.59001 5.0552 4.76484 4.13536 3.3275 3.069 5.97433 2.97023 2.70584 5.18818 2.52402 2.38733 1.79501 0.76571
threshold=59.448012789947555 0.58176301027995381 3.457173443159008e-06 793.57142857142856 7.7935222672064786 1.9615384615384619 67.796654333211748 13.840996168582377 12.348945939933754 80.819045712206275 2.4211725651372489 746.42857142857144 12.39047704414943 4.2204367101364282 106.73460688960361 2.2794214326056088 0.0012967472885841503 3.753527839127464 109.80410919579514
decision_type=2 2 2 2 2 2 2 2 2 2 2 2 2 2 2 2 2 2 2
left_child=1 3 4 -1 5 13 7 -6 -7 -10 -8 -12 -9 14 -2 -4 -3 -5 -17
right_child=2 16 15 17 6 8 10 12 9 -11 11 -13 -14 -15 -16 18 -18 -19 -20
leaf_value=-0.0906472786664827 -0.029406688334862801 -0.016363684936088366 -0.015858829415226375 -0.032263656063042642 -0.032422301886898354 0.030048438688053822 0.0414116769257446 -0.020837757249740626 0.0064421794835153355 -0.027254776196126602 0.022045997096245148 -0.017423526399550054 0.0061105965648994981 0.027796309041368997 0.025176131028051319 0.036788625886863303 0.035264189988539689 0 0.013591063818125537
leaf_weight=0.60236639529466529 2.9987240526825207 1.2621754910796874 1.1169411800801734 6.1799686299636942 4.0650124959647647 1.3988596200943018 3.6589819192886379 4.2264009863138225 3.0064244642853764 14.608253244310616 11.946424480527641 4.6708398871123782 23.89406843483448 5.0038259066641331 3.0581821724772453 5.1322639547288418 1.742159125395119 2.2107142210006714 2.5691349171102047
leaf_count=4 31 22 8 212 42 7 14 43 28 105 91 30 181 28 25 55 13 22 56
internal_value=0.000367585 -0.0188814 0.0029462 -0.0298126 0.000689507 -0.00651431 0.00488079 -0.00243372 -0.0172558 -0.0213302 0.0165937 0.0107344 0.00189457 0.0116708 -0.00139882 0.023487 0.0127796 -0.0240758 0.029708
internal_weight=103.352 11.9974 91.3543 8.99305 82.536 30.0743 52.4617 32.1855 19.0135 17.6147 20.2762 16.6173 28.1205 11.0607 6.05691 8.81834 3.00433 8.39068 7.7014
internal_count=1017 273 744 238 625 224 401 266 140 133 135 121 224 84 56 119 35 234 111
is_linear=0
shrinkage=0.03


Tree=111
num_leaves=20
num_cat=0
split_feature=2 10 13 7 7 2 1 1 16 16 14 6 9 17 12 17 6 10 2
split_gain=5.41231 4.56532 4.44957 2.61178 6.27287 4.83445 6.03414 5.20941 4.68391 4.74349 3.50778 2.57385 2.55885 2.44196 2.26729 1.77113 0.667091 0.580704 0.932682
threshold=59.448012789947555 0.58176301027995381 3.457173443159008e-06 7.7935222672064786 6.7424242424242431 68.796114941911952 4.3590486364044692 4.0887036240839487 0.013241861680725752 0.065264282297680457 251.81209140002161 44.800006396587449 793.57142857142856 2.2794214326056088 0.0012967472885841503 3.753527839127464 54.816653892807274 0.68738665075619754 65.88239346860037
decision_type=2 2 2 2 2 2 2 2 2 2 2 2 2 2 2 2 2 2 2
left_child=1 12 3 4 8 6 7 -5 -2 -10 -8 -7 -1 -4 -3 -14 -13 -15 -19
right_child=2 14 13 5 -6 11 10 -9 9 -11 -12 16 15 17 -16 -17 -18 18 -20
leaf_value=-0.085977884525018602 0.034126978780718853 -0.015952002288356595 -0.015468276002484564 -0.00014533942016670533 -0.046511469135636516 -0.0035192719448371183 -0.014035021246873353 0.046924645606109899 -0.018847343817943868 0.0075831437555859459 0.0087025307842123791 0.03306444440217593 -0.032162720079358061 0.036671867548906299 0.034424771930907455 0 0.016368204358962083 -0.0043424386648253585 0.028376703676543685
leaf_weight=0.62115853279828925 2.8330292366445127 1.2585436096414917 1.1133678928017596 4.3739671073853952 3.0373103991150847 3.2562320008873931 20.806978892534975 3.7824612073600292 12.447136932983996 11.638625234365461 8.3756962008774263 6.2165372483432275 6.0161702912300807 4.6416047066450119 1.7336693126708267 2.2107142210006714 5.3903763890266418 1.0261019431054594 1.8781985305249689
leaf_count=4 20 22 8 53 20 22 167 20 101 83 55 40 212 59 13 22 44 11 41
internal_value=0.000357849 -0.0185984 0.00287999 0.000674483 -0.00633116 0.00475643 -0.000938511 0.0216235 -0.00153112 -0.00597312 -0.00739925 0.0191744 -0.0294502 0.0232165 0.0124352 -0.0238406 0.0257728 0.0294443 0.0160586
internal_weight=102.658 11.8403 90.8176 82.1584 29.9561 52.2022 37.3391 8.15643 26.9188 24.0858 29.1827 14.8631 8.84804 8.65927 2.99221 8.22688 11.6069 7.54591 2.9043
internal_count=1017 273 744 625 224 401 295 73 204 184 222 106 238 119 35 234 84 111 52
is_linear=0
shrinkage=0.03


Tree=112
num_leaves=15
num_cat=0
split_feature=2 13 13 9 17 11 9 13 16 14 14 4 4 0
split_gain=5.1763 4.28022 2.62792 3.80858 2.36478 2.11403 2.00879 2.1806 4.26477 4.19465 1.76428 0.958209 1.49841 0.27701
threshold=59.448012789947555 3.457173443159008e-06 3.183807699612966e-06 851.78571428571433 2.2794214326056088 2.8133766266959461 563.57142857142878 7.725964517805404e-07 0.013903455972373103 212.70728870575962 227.16520130315962 44.665340960476755 46.892895015906689 90.760681706037843
decision_type=2 2 2 2 2 2 2 2 2 2 2 2 2 2
left_child=2 5 -1 -4 -3 6 -2 8 -8 -9 13 -6 -13 -7
right_child=1 4 3 -5 11 10 7 9 -10 -11 -12 12 -14 -15
leaf_value=-0.035607632792937938 0.030688179225261909 -0.015087080124415956 0.013251625705225681 -0.030401629496523915 0.036059370940667836 -0.038770091574106706 0.030749292178647466 0.013120938664722359 -0.010401809497357851 -0.0041969953093778196 0.0052554259627812785 -0.024010877534264646 0.027013632622351728 -0.015713869959455298
leaf_weight=4.6836426993831974 2.0414324402809134 1.1098345518112163 3.8716854229569435 3.1300847362726927 5.3364400360733271 1.8785997144877904 2.3998925350606468 25.917314205318689 22.10538906045258 23.958362879231572 1.8271587900817392 0.64822176285088096 1.4018781371414659 1.7068609669804571
leaf_count=137 26 8 24 112 64 17 18 165 178 195 13 12 35 13
internal_value=0.000347823 0.00281342 -0.0183195 -0.00599408 0.0229617 0.000659472 0.00198647 0.00111831 -0.00614121 0.00475029 -0.0172287 0.0292045 0.00911852 -0.0293324
internal_weight=102.017 90.3314 11.6854 7.00177 8.49637 81.835 76.4224 74.381 24.5053 49.8757 5.41262 7.38654 2.0501 3.58546
internal_count=1017 744 273 136 119 625 582 556 196 360 43 111 47 30
is_linear=0
shrinkage=0.03


Tree=113
num_leaves=15
num_cat=0
split_feature=3 0 7 16 7 6 17 5 16 17 12 12 17 11
split_gain=3.77779 3.00068 2.35002 5.57895 4.13506 3.93875 4.20697 3.54042 3.48616 3.47003 3.04301 2.13616 3.0362 1.81545
threshold=118.47696347576991 63.627035526771685 8.4219858156028398 0.013241861680725752 1.9615384615384619 52.757573067578832 2.1969014606566168 39.670123184872388 0.064785344455494165 2.4958035565131547 0.00014133601018875003 0.0022217094413434506 6.4468647391560072 -0.23407230547205407
decision_type=2 2 2 2 2 2 2 2 2 2 2 2 2 2
left_child=1 -1 3 -3 8 6 7 -4 -5 -8 -6 12 -7 -13
right_child=-2 2 5 4 10 11 9 -9 -10 -11 -12 13 -14 -15
leaf_value=-0.029691987982619832 0.029784940694126433 0.033511681338089058 0.024190431856080528 -0.018470192062602184 -0.055149812970552874 -0.001536093227881657 0.045269415018929247 -0.032712482786136796 0.020172631036834452 0.012390876464864977 -0.014449041045643396 0 -0.041917894923688657 0.03800186029065749
leaf_weight=3.0265533877536646 3.6801438443362704 2.6832371614873436 1.428540015593174 3.1780352778732794 1.8437842652201677 40.670267099514604 4.3419917859137049 2.5304599311202765 5.5890846773982048 9.7712152879685146 16.739443009719253 2.2841048948466778 1.6612500622868527 2.0881823897361746
leaf_count=148 80 17 17 26 17 359 21 36 37 75 112 32 12 28
internal_value=0.000336766 -0.000769588 0.000152388 -0.00673748 -0.0109032 0.0033986 0.015261 -0.0113508 0.00577616 0.0229645 -0.0189214 -0.00115032 -0.00328659 0.0184728
internal_weight=101.516 97.8361 94.8096 30.0336 27.3503 64.776 18.0722 3.959 8.76712 14.1132 18.5832 46.7038 42.3315 4.37229
internal_count=1017 937 789 209 192 580 149 53 63 96 129 431 371 60
is_linear=0
shrinkage=0.03


Tree=114
num_leaves=15
num_cat=0
split_feature=3 0 7 16 7 6 17 17 16 17 3 0 17 8
split_gain=3.65774 2.90722 2.21922 5.28592 3.90863 3.72701 3.96475 3.51919 3.29126 3.24886 3.02428 1.98343 3.78688 3.52192
threshold=118.47696347576991 63.627035526771685 8.4219858156028398 0.013241861680725752 1.9615384615384619 52.757573067578832 2.1969014606566168 1.3298036539118665 0.064785344455494165 2.4958035565131547 113.66732586244784 78.732971928126815 4.6912133929496447 770.66856330014241
decision_type=2 2 2 2 2 2 2 2 2 2 2 2 2 2
left_child=1 -1 3 -3 8 6 7 -4 -5 -8 -6 13 -13 -7
right_child=-2 2 5 4 10 11 9 -9 -10 -11 -12 12 -14 -15
leaf_value=-0.029602550837064822 0.029702380394786374 0.032727621828393116 0.035627964889050699 -0.017953029102746196 -0.012242028927251989 -0.043416576406356489 0.04389429666223902 -0.027621606777741933 0.019613243051379292 0.012052986477394164 -0.043983123637057614 0.016675409938785753 -0.015054419780932941 -0.0027820178698359861
leaf_weight=2.9461434027180067 3.5814307834953061 2.6677282415330437 0.94197221845388712 3.1744318362325448 15.129212450236084 1.9825798049569154 4.3467293567955485 2.9694424793124199 5.5790425837039948 9.7469622679054719 3.3967632353305808 11.42348522692919 4.6163065321743479 28.641274904832244
leaf_count=148 80 17 8 26 109 13 21 45 37 75 20 77 44 297
internal_value=0.000327037 -0.000749901 0.000147143 -0.0065582 -0.0106151 0.00330394 0.0148694 -0.0111331 0.00560215 0.0223248 -0.0184278 -0.00111667 0.00732089 -0.00564308
internal_weight=101.144 97.5621 94.6159 29.9472 27.2795 64.6688 18.0051 3.91141 8.75347 14.0937 18.526 46.6636 16.0398 30.6239
internal_count=1017 937 789 209 192 580 149 53 63 96 129 431 121 310
is_linear=0
shrinkage=0.03


Tree=115
num_leaves=17
num_cat=0
split_feature=3 14 6 16 5 5 2 4 9 12 11 0 12 2 2 16
split_gain=3.65089 3.47602 4.70238 2.48413 2.57972 2.35271 2.82647 2.15421 5.16828 6.62034 4.24002 5.48658 2.72042 2.05735 1.89756 0.187404
threshold=74.799703122918558 240.56267248159568 73.048767662675274 0.0097937913995697016 50.381737871942882 85.020669398340672 67.361711322385489 23.807107816314247 794.64285714285722 0.00054393916552815012 -0.62905167769380632 78.732971928126815 0.00043181916584890005 66.825817949834445 54.123801220575423 0.064785344455494165
decision_type=2 2 2 2 2 2 2 2 2 2 2 2 2 2 2 2
left_child=-1 2 7 -3 15 6 -6 8 12 -10 -9 -12 -2 -4 -7 -5
right_child=1 3 13 4 5 14 -8 10 9 -11 11 -13 -14 -15 -16 -17
leaf_value=-0.029219446230967311 -0.016467271629390785 -0.03173919228188897 -0.038810769928838341 0.038792476986550681 -0.0023355146819885853 -0.0072458836003202525 0.028815114828959081 0.032466165076490791 0.024649011864523368 -0.024794097552873772 -0.039196593654151159 0.0081445073071566374 0.0088015048345793708 0 0.02958286677092618 0.019521885360043803
leaf_weight=3.1391773382201782 18.856481846421961 1.0408110842108715 3.8658493030816308 3.0931681841611889 15.456207925453787 1.3701978335157026 3.0289276335388413 5.1412841789424446 9.6181765720248205 3.1105918511748305 2.4300693329423693 16.671685229986906 4.5709727741777888 1.7329322248697279 6.3329481771215796 1.9355759955942629
leaf_count=156 143 12 46 18 154 24 31 28 82 48 25 116 31 11 101 17
internal_value=0.00203408 0.0030918 -0.000813721 0.0111528 0.0127755 0.00876744 0.00273491 0.00159475 -0.00298184 0.0122334 0.00852775 0.00179291 -0.0113931 -0.0268946 0.0226386 0.0324854
internal_weight=101.395 98.2559 65.998 32.2578 31.217 26.1883 18.4851 60.3993 36.1562 12.7288 24.243 19.1018 23.4275 5.59878 7.70315 5.02874
internal_count=1043 887 530 357 345 310 185 473 304 130 169 141 174 57 125 35
is_linear=0
shrinkage=0.03


Tree=116
num_leaves=16
num_cat=0
split_feature=17 17 3 12 2 11 15 3 3 13 4 13 14 14 4
split_gain=3.79461 3.24531 3.22623 3.19656 3.55364 3.66811 3.19653 2.76578 3.46423 2.10788 1.524 0.179115 0.17771 0.163466 0.0475341
threshold=4.9480617416527499 4.6355968065822406 74.799703122918558 0.00012946019929460003 85.10647034187123 -0.68843238904368531 12.484023433435587 105.66054453628344 100.11933174224346 1.543066508053878e-06 33.734504420206768 1.1958142558121026e-06 217.12591032797465 249.14816022770663 17.810267648605365
decision_type=2 2 2 2 2 2 2 2 2 2 2 2 2 2 2
left_child=1 2 -1 6 5 -5 14 8 9 -2 -10 -3 -9 -14 -4
right_child=7 11 3 4 -6 -7 -8 12 10 -11 -12 -13 13 -15 -16
leaf_value=-0.029139212265945093 0.0038574938436143893 -0.034625856506689305 -0.027764426971683468 0.01190431164372713 0.032660652849690872 -0.0030527616744123512 0.0019607192287031784 0.035763259205626174 -0.03308017858389143 0.034688308080910051 0 -0.015358030863642841 0.0014097617203877593 0.025353890555589099 -0.051982684503700839
leaf_weight=3.0549341328442088 4.8347902391105908 2.1092836633324619 1.5289306901395314 22.206245772540569 3.5168174691498271 43.046877201646566 2.8959434144198895 4.113475762307643 1.9797612652182568 3.6736207082867622 2.9429370425641537 1.8749359697103498 0.74882218986749627 0.92754884995520115 1.3260826952755449
leaf_count=156 28 16 22 202 26 408 20 35 14 29 27 19 11 20 10
internal_value=0.00198437 -0.000811835 0.000521848 0.00181541 0.00365836 0.00200179 -0.0193958 0.0139475 0.00610022 0.0177659 -0.0134178 -0.0268912 0.0312294 0.0170285 -0.0414069
internal_weight=100.781 81.5601 77.5758 74.5209 68.7699 65.2531 5.75096 19.221 13.4311 8.50841 4.9227 3.98422 5.78985 1.67637 2.85501
internal_count=1043 879 844 688 636 610 52 164 98 57 41 35 66 31 32
is_linear=0
shrinkage=0.03


Tree=117
num_leaves=14
num_cat=0
split_feature=17 17 5 3 3 3 17 17 13 7 13 14 16
split_gain=3.62042 3.07501 3.22593 3.34956 2.70531 3.28327 2.12613 2.43232 2.04351 1.23839 0.17892 0.171745 0.186079
threshold=4.9480617416527499 4.6355968065822406 13.293496626034846 74.799703122918558 105.66054453628344 100.11933174224346 1.3298036539118665 2.8806199897623208 1.543066508053878e-06 15.301003344481606 1.1958142558121026e-06 217.12591032797465 0.070993532271534723
decision_type=2 2 2 2 2 2 2 2 2 2 2 2 2
left_child=1 2 -1 -4 5 8 -5 -8 -2 -7 -3 -6 -13
right_child=4 10 3 6 11 9 7 -9 -10 -11 -12 12 -14
leaf_value=-0.037008338547078037 0.0037449429329721616 -0.033949076615039965 -0.02905865928925375 0.034030257632676773 0.03552342466319882 -0.026591353205318236 -0.0038781541103244583 0.0072281767843247885 0.034251947884439027 0.0020828563555347554 -0.014852994892103795 0.025540315254499006 0.0006296737986482031
leaf_weight=1.9039325304329384 4.8337155785411614 2.0890942178666587 2.9730151724070302 1.8307268023490895 4.0191132556647053 2.6600263863801947 33.181156862527132 37.493846144527197 3.6110356487333775 2.2895823158323765 1.8837904352694748 0.91773213818669297 0.73658005334436893
leaf_count=22 28 16 156 14 35 16 347 305 29 25 19 18 13
internal_value=0.00193131 -0.000796437 0.00050216 0.00153576 0.0136696 0.00594107 0.00286986 0.00197337 0.0173892 -0.0129546 -0.026218 0.0309773 0.0168271
internal_weight=100.423 81.3556 77.3827 75.4787 19.0678 13.3944 72.5057 70.675 8.44475 4.94961 3.97288 5.67343 1.65431
internal_count=1043 879 844 822 164 98 666 652 57 41 35 66 31
is_linear=0
shrinkage=0.03


Tree=118
num_leaves=15
num_cat=0
split_feature=17 17 5 3 3 3 9 6 13 10 4 15 14 14
split_gain=3.45643 2.91422 3.07971 3.23304 2.64348 3.10987 2.19684 2.74926 1.98036 1.74135 1.35867 0.657426 0.166356 0.164721
threshold=4.9480617416527499 4.6355968065822406 13.293496626034846 74.799703122918558 105.66054453628344 100.11933174224346 609.28571428571433 36.320135466750251 1.543066508053878e-06 0.55690443817465829 33.734504420206768 12.39193934929394 217.12591032797465 249.14816022770663
decision_type=2 2 2 2 2 2 2 2 2 2 2 2 2 2
left_child=1 2 -1 -4 5 8 9 -8 -2 -5 -7 -3 -6 -14
right_child=4 11 3 6 12 10 7 -9 -10 -11 -12 -13 13 -15
leaf_value=-0.036386338918843332 0.0036356584127948052 -0.042000965923332807 -0.028977736104481726 -0.013716545684824336 0.035288896077082521 -0.030823081651850982 -0.019037993432839587 0.0030109402938013848 0.033816715717107863 0.026837144543105141 0 -0.013371044424331954 0.001030617718002079 0.025106960254903391
leaf_weight=1.8804530836641777 4.8326641824096459 1.4781397096812718 2.893360541202127 0.99054524302482505 3.9265150427818289 2.0222922116518012 5.4372723847627631 60.785678584128618 3.5500017926096916 5.2018846999853849 2.9476204849779606 2.4832514803856611 0.73951310664415337 0.89357704855501652
leaf_count=22 28 12 156 8 35 14 60 540 29 58 27 23 11 20
internal_value=0.00188141 -0.000780215 0.000484301 0.00149177 0.013404 0.0057935 0.00278884 0.00112939 0.0170188 0.0197585 -0.0125105 -0.0255637 0.0307269 0.016624
internal_weight=100.063 81.1506 77.1892 75.3087 18.9122 13.3526 72.4154 66.223 8.38267 6.19243 4.96991 3.96139 5.55961 1.63309
internal_count=1043 879 844 822 164 98 666 600 57 66 41 35 66 31
is_linear=0
shrinkage=0.03


Tree=119
num_leaves=20
num_cat=0
split_feature=3 13 2 14 11 7 13 5 3 2 11 6 4 3 11 14 2 6 10
split_gain=3.16864 3.6247 3.61752 3.51725 3.74711 3.24379 4.18749 2.95535 3.04456 2.84909 2.09692 3.50824 4.51078 2.28267 1.83276 1.70584 1.35552 0.44264 0.295977
threshold=74.799703122918558 3.061414291533944e-06 62.827260277650986 240.56267248159568 -0.43432762137822806 30.116279069767447 1.7337256832900773e-06 48.852707835102137 85.10647034187123 67.578482998586466 0.3787062040650595 100.38963668838755 35.141333169844408 92.613122501969272 0.93369144346683719 283.34656297742612 54.123801220575423 135.71316984511597 -1.2379742345700737
decision_type=2 2 2 2 2 2 2 2 2 2 2 2 2 2 2 2 2 2 2
left_child=-1 2 5 7 -5 14 -7 8 -4 -6 11 12 13 -3 -2 -8 -13 -18 -12
right_child=1 10 3 4 9 6 15 -9 -10 -11 18 16 -14 -15 -16 -17 17 -19 -20
leaf_value=-0.028896392205158147 -0.038708374479645806 -0.018901833861364785 0.017935970699430131 0.033284669345058554 -0.023533081629957021 0.052954817823270509 -0.029891401034758885 -0.033422785305815293 -0.0018167109868323398 0.020375256019184163 0.013101684375718977 -0.0035657818814196019 -0.050596034425050979 0.033551290969605199 0 0.013309795890408005 0.036785491770686851 0.0092843361121127538 0.032365687026986396
leaf_weight=2.8159116627648464 4.7636299412697536 1.2026181584224125 8.1046803686767799 6.2277253456413746 2.5134371966123563 1.06383616104722 1.9971468914300206 2.2343310788273802 47.90891101770103 2.5960990488529205 1.7608629390597341 1.1767686763778327 1.6842072512954471 1.5523442924022672 1.623320812359452 1.1653085947036741 3.0282863155007362 1.1237713024020193 5.1400841074064365
leaf_count=156 66 30 65 40 17 8 62 27 327 21 24 17 18 11 18 8 41 22 65
internal_value=0.00183058 0.00278362 9.35742e-05 0.00262564 0.0178406 -0.0160973 0.00364864 -0.000309853 0.00101474 -0.000684998 0.0154695 0.00602223 -0.0130987 0.00974318 -0.0294807 -0.0131329 0.0224514 0.0304411 0.0281361
internal_weight=99.6833 96.8674 80.1984 69.5852 11.3373 10.6132 4.22629 58.2479 56.0136 5.10954 16.6689 9.768 4.43917 2.75496 6.38695 3.16246 5.32883 4.15206 6.90095
internal_count=1043 887 659 497 78 162 78 419 392 38 228 139 59 41 84 70 80 63 89
is_linear=0
shrinkage=0.03


Tree=120
num_leaves=20
num_cat=0
split_feature=1 7 4 10 4 1 10 10 12 1 8 0 15 12 5 10 9 10 14
split_gain=3.87694 4.04036 3.00265 5.49256 3.66508 3.75654 2.14552 2.08294 1.74371 1.56832 1.47108 1.86169 1.27606 1.67657 2.49627 2.43382 2.04153 1.44856 0.845444
threshold=8.6275692107199564 34.330357142857146 15.398392632822942 -1.1395933578087496 18.428057040232247 5.0411168875023726 0.86148912604327421 -0.95420002508748991 0.00012946019929460003 2.3223872875122735 770.66856330014241 75.097859880953607 12.362030915786807 0.0034313611204731505 55.668425957926836 0.71383092825929928 834.64285714285722 0.8855152259604756 50.853625030235321
decision_type=2 2 2 2 2 2 2 2 2 2 2 2 2 2 2 2 2 2 2
left_child=1 2 7 -4 8 -6 10 -1 -5 -9 -3 -12 -2 14 17 16 -16 -14 -11
right_child=12 6 3 4 5 -7 -8 9 -10 18 11 -13 13 -15 15 -17 -18 -19 -20
leaf_value=0.029139919283793794 0.03463724564972722 -0.078513349403931898 -0.03622523054054113 0 -0.018396854167467745 0.0044111413155550052 0.026136076140821845 0.0067638091002483235 0.026711666965082072 0 -0.028412276177983194 0.024498544579257091 0.031604294092584369 0.02979523458347659 -0.02636569049629842 0.02111228440159538 0.0072302024699200072 0 -0.033987293910582736
leaf_weight=0.63797371089458454 2.2216803524643209 0.45388900488614936 3.0254670698195687 2.7572566494345656 7.4972371626645318 44.300927958451211 0.5850471882149576 1.1331213889643539 8.4030146934092027 0.75954950042068947 5.4835310401394963 0.53246408700942982 3.7228898070752647 3.1405624467879525 4.1952982023358327 2.3145468905568123 2.3768030116334558 2.0074435621500015 4.8066955236718059
leaf_count=3 19 4 30 19 65 314 8 23 58 11 204 4 25 68 29 26 22 16 88
internal_value=0.00127397 -0.00163668 0.000422441 0.00249557 0.00445837 0.00102303 -0.023163 -0.0176005 0.0199857 -0.0228559 -0.0284075 -0.0229147 0.0130827 0.0100391 0.00541695 -0.00426901 -0.0138398 0.0207681 -0.029428
internal_weight=100.355 80.3762 73.3212 65.9839 62.9584 51.7982 7.05493 7.33734 11.1603 6.69937 6.46988 6.016 19.9792 17.7575 14.617 8.88665 6.5721 5.73033 5.56625
internal_count=1036 831 611 486 456 379 220 125 77 122 212 208 205 186 118 77 51 41 99
is_linear=0
shrinkage=0.03


Tree=121
num_leaves=9
num_cat=0
split_feature=13 8 4 11 10 1 1 6
split_gain=3.72185 2.79388 2.27168 5.36924 4.67594 3.44212 2.69386 2.65017
threshold=8.5806203385474208e-06 936.58986175115228 15.398392632822942 -0.13322915062453353 -1.1395933578087496 4.2839999465023828 5.0411168875023726 36.320135466750251
decision_type=2 2 2 2 2 2 2 2
left_child=1 2 3 -1 -4 7 -7 -6
right_child=-2 -3 4 -5 5 6 -8 -9
leaf_value=-0.033343270450253031 0.028059160655800185 -0.029388088460505054 -0.032568403788411596 0.019382356719194131 -0.00014679029093882847 -0.012363111609169228 0.0039864790537277204 0.034208123812516415
leaf_weight=4.8575023524463177 4.3514022454619399 2.7263189610093823 3.2097426988184443 2.5196308474987736 2.9202035740017873 10.431191693991421 63.447387469932437 5.4035303648561239
leaf_count=92 94 155 29 22 24 99 486 35
internal_value=0.0012452 0 0.000889623 -0.0149154 0.00230565 0.00374174 0.00162388 0.0219406
internal_weight=99.8669 95.5155 92.7892 7.37713 85.4121 82.2023 73.8786 8.32373
internal_count=1036 942 787 114 673 644 585 59
is_linear=0
shrinkage=0.03


Tree=122
num_leaves=20
num_cat=0
split_feature=1 7 6 7 0 4 2 17 17 16 16 7 17 2 7 6 12 16 9
split_gain=3.60117 3.83461 3.23401 3.62949 3.06839 3.03405 2.67489 2.46005 2.46028 2.19778 1.95983 1.60716 1.51199 1.78519 4.93239 1.54396 2.54853 0.951732 0.597109
threshold=8.6275692107199564 34.330357142857146 79.291766446319116 13.921188630490958 78.732971928126815 31.439251536568914 65.88239346860037 4.3408994879792742 2.9515056648872813 0.016375668340187204 0.023465128209159306 40.238095238095248 2.507998511835853 66.298383841404174 25.677655677655682 116.00001104639695 0.0034313611204731505 0.069510825678759866 764.64285714285722
decision_type=2 2 2 2 2 2 2 2 2 2 2 2 2 2 2 2 2 2 2
left_child=1 2 3 6 5 -5 18 8 -3 -8 -6 -10 -2 14 -14 17 -17 -16 -1
right_child=12 7 -4 4 10 -7 9 -9 11 -11 -12 -13 13 -15 15 16 -18 -19 -20
leaf_value=-0.0001224039226457958 -0.013704147927974834 -0.03064701070509224 -0.030899903374719921 0.0076404648166734489 0 -0.029517933955182006 0.017265024476355698 -0.083261771159238163 0.034007349928783071 -0.0043921817860805281 0.035209895362452996 -0.013281217375430844 -0.033038020885511908 0.029469807980668009 0.036854914627205027 -0.016568898683851509 0.028584129820583944 0.010492811059101768 -0.033308388037109317
leaf_weight=0.7940897755324835 1.5973573029041315 4.0382996574044219 2.7461613453924647 20.442664057947702 1.775651991367339 2.0683210957795373 4.7362538296729317 0.48806668445467938 1.0258831456303599 31.73808803036809 5.5125076845288277 1.3306552581489084 2.0083889923989799 5.5654306411743155 3.5605680849403125 2.4790917653590441 1.8717442303895948 2.6057366542518139 3.0976370992138982
leaf_count=7 16 181 30 168 13 21 34 5 7 229 45 27 11 71 30 18 40 19 64
internal_value=0.00120916 -0.0015966 0.000396423 0.00170624 0.00966074 0.00397821 -0.00410117 -0.0228419 -0.0165576 -0.00145842 0.0265149 0.00663025 0.0126827 0.01524 0.0084964 0.016947 0.00238784 0.0265389 -0.0274612
internal_weight=99.4826 79.7943 72.9114 70.1652 29.7991 22.511 40.3661 6.8829 6.39484 36.4743 7.28816 2.35654 19.6883 18.091 12.5255 10.5171 4.35084 6.1663 3.89173
internal_count=1036 831 611 581 247 189 334 220 215 263 58 34 205 189 118 107 58 49 71
is_linear=0
shrinkage=0.03


Tree=123
num_leaves=13
num_cat=0
split_feature=13 8 4 1 16 9 8 7 16 1 5 6
split_gain=3.49935 2.6232 2.15572 3.14636 4.10415 2.7307 2.65644 3.85687 3.67128 1.83092 0.641352 0.573406
threshold=8.5806203385474208e-06 936.58986175115228 15.398392632822942 4.2839999465023828 0.059205614062826907 939.28571428571456 793.78378378378386 13.921188630490958 0.018155768374807153 2.3223872875122735 12.487205159656565 36.320135466750251
decision_type=2 2 2 2 2 2 2 2 2 2 2 2
left_child=1 2 5 4 11 9 7 -5 -8 -1 -11 -4
right_child=-2 -3 3 6 -6 -7 8 -9 -10 10 -12 -13
leaf_value=0.013117719038637425 0.027798298681665487 -0.02922245984564649 -0.013714444933590317 -0.0025775800453556354 0.038384526210555305 0.029806378038277022 0.014630109631094698 0.013669821428184924 -0.015000059390327383 -0.0016389090865893167 -0.03365958903493782 0.0081360477063260137
leaf_weight=0.94867622293531795 4.1522478666156521 2.5900906147435299 2.0252717882394777 32.930663298815489 4.5931758247315884 0.9288855493068694 4.6260120179504183 21.522876480594277 17.22537409234792 0.88333397917449463 4.4679737323895097 1.974167304113507
leaf_count=14 94 155 16 216 28 5 39 152 205 13 82 17
internal_value=0.00117437 0 0.000830911 0.00220684 0.0193122 -0.0147286 0.0002186 0.00380253 -0.00855252 -0.0221268 -0.0290513 -0.00226163
internal_weight=98.8687 94.7165 92.1264 84.8975 8.59261 7.22887 76.3049 54.4535 21.8514 6.29998 5.35131 3.99944
internal_count=1036 942 787 673 61 114 612 368 244 109 95 33
is_linear=0
shrinkage=0.03


Tree=124
num_leaves=14
num_cat=0
split_feature=13 4 11 10 5 10 17 12 13 9 12 13 7
split_gain=3.37791 2.34908 5.09331 4.37013 3.22359 4.14186 3.14712 6.15221 2.96959 2.56652 1.40433 0.21435 0.0095894
threshold=8.5806203385474208e-06 15.398392632822942 -0.13322915062453353 -1.1395933578087496 69.197753184222265 0.51991790447563224 1.8989994014163509 0.00055444982254205003 9.1122090893599501e-07 806.07142857142856 0.0020749490223803007 2.2766930732927193e-06 58.477011494252885
decision_type=2 2 2 2 2 2 2 2 2 2 2 2 2
left_child=1 2 -1 11 6 9 7 -5 -8 -6 -7 -3 -2
right_child=12 3 -4 4 5 10 8 -9 -10 -11 -12 -13 -14
leaf_value=-0.032806019026084883 0.029819671126750612 -0.040482120487013828 0.017877837390462351 0.041908745089415556 -0.07100352594690959 -0.0054745043641461055 -0.0054927852055972736 -0.015613331566609351 0.0074008638614963575 -0.017999792129923781 0.037857298461218686 -0.01727685623198626 0.01024511757886154
leaf_weight=5.1841156622394919 3.382545778527855 1.8300289660692208 2.5326623227447262 5.0080047249793997 1.0866743326187123 1.1564164869487288 25.197065211832523 2.3320042937994003 43.327842109836638 4.0002963338047266 1.185485618188977 1.509171914309263 0.67441902682185162
leaf_count=130 78 19 26 27 8 20 191 39 328 123 14 17 16
internal_value=0.0011455 0 -0.0157718 0.00139903 0.00279727 -0.0158424 0.00468046 0.0232659 0.00261497 -0.0310514 0.0158838 -0.031674 0.0276121
internal_weight=98.4067 94.3498 7.71678 86.633 83.2938 7.42887 75.8649 7.34001 68.5249 5.08697 2.3419 3.3392 4.05696
internal_count=1036 942 156 786 750 165 585 66 519 131 34 36 94
is_linear=0
shrinkage=0.03


Tree=125
num_leaves=17
num_cat=0
split_feature=15 15 17 2 16 0 17 9 10 9 11 15 11 10 10 13
split_gain=3.75274 3.59761 3.82238 5.52497 3.89464 3.38106 3.36593 3.28015 2.97132 2.57395 2.33569 2.1776 1.96235 1.86423 1.69155 1.22176
threshold=12.879155775483905 12.795450712666181 2.7437309636937885 63.492099766443779 0.067304954841184469 89.602178545890311 2.5194354281707021 704.64285714285722 0.23187113416001962 694.64285714285722 -0.40591683360101988 12.383170692133804 -0.86779770536837131 0.33715594620406381 -1.1395933578087496 1.0289013055875251e-06
decision_type=2 2 2 2 2 2 2 2 2 2 2 2 2 2 2 2
left_child=1 2 3 14 6 7 -5 9 -6 -4 12 -9 -7 -3 -1 -12
right_child=-2 13 5 4 8 10 -8 11 -10 -11 15 -13 -14 -15 -16 -17
leaf_value=0.01050954300538774 -0.041840244332412999 0.0076219810745735955 -0.0029419737110597151 0.015879817136358547 -0.037672769486163826 0.023723692780309499 -0.021599066520362656 -0.0080668163250458454 0 -0.03593650513217405 0.035222672861412292 0.0098832851638652117 -0.015158502752099456 0.045227512132916259 -0.032608042413260423 0.011434166395123678
leaf_weight=0.75925792381167578 1.6069338750094164 2.6639639958739272 7.882023483514784 12.455055739730598 3.3221853971481314 1.8829110227525232 2.4543835595250121 7.3871282571926704 3.942470982670784 2.9549597017467022 6.0935944840311986 29.571541499346495 2.7304373048245898 2.5330864656716585 7.3733555879443884 3.6814353801310062
leaf_count=13 19 28 59 87 34 13 23 65 29 24 40 252 22 14 264 61
internal_value=0.00214906 0.00294539 0.00153221 -0.00714475 0.000512384 0.00581396 0.00940739 0.00189135 -0.0172156 -0.0124593 0.0185341 0.00620246 0.000241183 0.0270254 -0.0281394 0.0267738
internal_weight=99.2947 97.6878 92.4907 30.3067 22.1741 62.184 14.9094 47.7957 7.26466 10.837 14.3884 36.9587 4.61335 5.19705 8.13261 9.77503
internal_count=1047 1028 986 450 173 536 110 400 63 83 136 317 35 42 277 101
is_linear=0
shrinkage=0.03


Tree=126
num_leaves=17
num_cat=0
split_feature=15 15 17 2 16 9 7 2 17 10 2 11 6 10 10 2
split_gain=3.58386 3.42605 3.62189 5.3461 3.6875 3.25056 4.63253 4.53209 3.17621 2.88783 2.14743 1.99763 2.62161 1.80981 1.66291 1.60364
threshold=12.879155775483905 12.795450712666181 2.7437309636937885 63.492099766443779 0.067304954841184469 671.78571428571433 23.166368515205729 67.361711322385489 2.5194354281707021 0.23187113416001962 68.016238926216758 -0.40591683360101988 40.908977921082531 0.33715594620406381 -1.1395933578087496 71.48941348259919
decision_type=2 2 2 2 2 2 2 2 2 2 2 2 2 2 2 2
left_child=1 2 3 14 8 11 7 -7 -5 -6 -8 12 -4 -3 -1 -13
right_child=-2 13 5 4 9 6 10 -9 -10 -11 -12 15 -14 -15 -16 -17
leaf_value=0.010171642061725928 -0.041149866816634482 0.0073996270506889979 -0.018113711685949174 0.015398480318943435 -0.037338954647623011 -0.024374970040264936 0.016117184004273866 0.0018123496078952933 -0.021048352994872559 0 -0.019508495926315643 0.00073877846944908133 0.023482677055633245 0.044596342439358484 -0.032507224963956007 0.030494697703559531
leaf_weight=0.76419166103005665 1.5868607349693764 2.6646878244355312 2.7215174846351173 12.462069921195509 3.2532671838998786 8.4948723381385225 17.240594384260479 18.697551557794213 2.4457914084196082 3.942470982670784 1.5115507505834092 2.272978212684392 2.5184173062443733 2.4938792865723372 7.1776032717898488 8.5429176799952966
leaf_count=13 19 28 18 87 34 73 172 122 23 29 15 32 24 14 264 80
internal_value=0.00209345 0.00287179 0.00149006 -0.00699953 0.000485551 0.00565707 0.00151181 -0.00631794 0.00911869 -0.0168689 0.0129981 0.0172505 0.00138191 0.0264588 -0.027952 0.0245803
internal_weight=98.7912 97.2044 92.0458 30.0454 22.1036 62.0004 45.9446 27.1924 14.9079 7.19574 18.7521 16.0558 5.23993 5.15857 7.94179 10.8159
internal_count=1047 1028 986 450 173 536 382 195 110 63 187 154 42 42 277 112
is_linear=0
shrinkage=0.03


Tree=127
num_leaves=13
num_cat=0
split_feature=15 15 9 1 4 0 15 15 15 10 11 9
split_gain=3.42338 3.26171 2.92067 3.14374 4.55185 3.62834 3.09513 2.38322 2.23721 1.75749 1.60121 1.44084
threshold=12.879155775483905 12.795450712666181 671.78571428571433 10.494271486396142 38.175836495343226 73.641156708834203 12.416117313597058 12.372227306226094 12.391208153579475 0.33715594620406381 1.3319551129434892 636.42857142857144
decision_type=2 2 2 2 2 2 2 2 2 2 2 2
left_child=1 2 7 4 5 -4 -5 -1 -9 -3 -6 -10
right_child=-2 9 3 6 10 -7 -8 8 11 -11 -12 -13
leaf_value=0.034528732600347681 -0.04046857691653763 0.0071837841600568154 -0.014004403944843381 -0.01615478635703646 -0.041748236430654423 0.0033092610073261501 0.034502764866111417 -0.019470181618612355 0.003765533548545663 0.043984542375895712 -0.0071853889087118176 0.02400337363417469
leaf_weight=3.3318886458873775 1.5671525383368123 2.6654016748070708 14.113217942416666 1.3369731437414873 3.3747391626238814 46.279540967196226 3.8499940354377031 2.3637436851859119 9.453587042167781 2.4546963088214397 2.2852051071822643 5.0760401133447877
leaf_count=24 19 28 389 19 26 291 47 25 110 14 17 38
internal_value=0.00204387 0.00280584 0.00145306 -0.00136946 -0.00318609 -0.000703648 0.0208194 0.0115003 0.00660535 0.0259063 -0.0286813 0.0111566
internal_weight=98.1522 96.585 91.4649 71.2397 66.0527 60.3928 5.18697 20.2253 16.8934 5.1201 5.65994 14.5296
internal_count=1047 1028 986 789 723 680 66 197 173 42 43 148
is_linear=0
shrinkage=0.03


Tree=128
num_leaves=17
num_cat=0
split_feature=17 2 17 17 3 7 17 13 5 0 12 11 13 0 11 12
split_gain=3.13743 4.57813 2.78393 3.64798 2.54369 4.30287 3.80799 2.46842 4.65515 3.48328 2.17133 2.15555 2.76117 2.12871 1.4207 1.36625
threshold=2.7437309636937885 63.492099766443779 2.8085139690391636 2.8629862790204679 84.422195825555761 20.550527903469085 1.8989994014163509 2.6082711010539704e-07 17.54589669704254 89.602178545890311 0.00035318168750310007 0.69551507943809765 3.7666263600827297e-06 76.269397100052132 -0.44519362530016909 0.00020734222596595003
decision_type=2 2 2 2 2 2 2 2 2 2 2 2 2 2 2 2
left_child=1 11 -2 -4 5 -3 13 -5 -9 -10 15 -1 -13 -6 -12 -8
right_child=2 4 3 7 6 -7 10 8 9 -11 14 12 -14 -15 -16 -17
leaf_value=-0.032250563360310944 0.037850036299008613 0.040366461399671143 -0.031755330215084983 0.026643155385679459 -0.0042483534083876534 -0.010086802306352156 -0.0094828649421864666 -0.04019128003267252 0.0024554572576265038 0.023313802120956122 0.01262483261168206 -0.028195222240102218 0.036867238089675569 0.033207023089088974 -0.013415824534515968 -0.041031114326066688
leaf_weight=6.6518003484234196 2.2831299537792793 3.3349802065640715 2.2712081568315616 4.7661467008292666 2.1801129169762161 2.5354709718376398 2.7206968013197166 1.9360557794570912 45.033504379913211 8.600461680442093 3.1958478987216949 1.1551776761189105 0.99550339207053173 2.9963885359466076 4.2161769606173038 2.9434364587068558
leaf_count=255 18 26 21 27 16 29 31 19 380 100 14 31 11 17 31 21
internal_value=0.00199073 -0.00549456 0.00583755 0.00456379 0.0011679 0.0182691 -0.00423831 0.00603086 0.00416441 0.00589319 -0.0129719 -0.023898 0.000887807 0.0170824 -0.0017699 -0.0268252
internal_weight=97.8161 32.9256 64.8905 62.6074 24.1231 5.87045 18.2527 60.3362 55.57 53.634 13.0762 8.80248 2.15068 5.1765 7.41202 5.66413
internal_count=1047 482 565 547 185 55 130 526 499 480 97 297 42 33 45 52
is_linear=0
shrinkage=0.03


Tree=129
num_leaves=18
num_cat=0
split_feature=15 15 17 16 7 0 7 4 11 17 11 17 15 13 11 6 12
split_gain=3.21025 3.09092 3.17357 3.02219 3.23554 2.88836 4.53506 3.01465 2.20491 2.17519 1.84581 1.78705 1.647 1.15614 0.917375 0.786377 0.463331
threshold=12.879155775483905 12.795450712666181 2.7437309636937885 0.074330739868774157 34.330357142857146 89.602178545890311 23.166368515205729 36.23851575404526 -0.40591683360101988 1.4521374983104891 -0.86779770536837131 2.6376502963468851 12.414649297004546 1.0289013055875251e-06 -0.49573998827359278 31.047270854020422 0.0021698659734532004
decision_type=2 2 2 2 2 2 2 2 2 2 2 2 2 2 2 2 2
left_child=1 2 3 4 11 6 7 -4 10 -5 -7 -1 -8 -10 -3 -11 -6
right_child=-2 14 5 9 16 8 12 -9 13 15 -12 -13 -14 -15 -16 -17 -18
leaf_value=0.0062329383300947097 -0.039549736962105453 0.0036835281733011392 -0.0020569271283087565 0.0056140422672550632 -0.033912544981355625 0.022787718472936428 -0.00094657145619285574 -0.032023297027876242 0.034024650711388715 0 -0.015392097123416529 -0.023967102099603888 0.018388838375324585 0.010368163192267436 0.033794112546994062 -0.037121266621340035 0
leaf_weight=17.748104492202412 1.5415195245295752 1.5737107275053857 25.067702610976998 1.5189574928954233 2.6555669521912928 1.8171378374099729 5.1224082279950407 3.3882818669080725 5.7792230583727342 0.56993838772177685 2.7098199948668471 1.8321772273629893 13.86126439180225 3.530847517773509 3.4948949376121154 4.7027102410793304 0.39729554019868363
leaf_count=202 19 17 182 22 109 13 63 22 40 6 22 14 133 61 25 77 20
internal_value=0.00193863 0.00267828 0.00135587 -0.00668323 -0.00124103 0.00526968 0.00166837 -0.00582976 0.0173008 -0.024103 0 0.00314718 0.0130367 0.0255773 0.0252779 -0.0331674 -0.0295445
internal_weight=97.3116 95.77 90.7014 29.4248 22.6331 61.2767 47.4397 28.456 13.837 6.79161 4.52696 19.5803 18.9837 9.31007 5.06861 5.27265 3.05286
internal_count=1047 1028 986 450 345 536 400 204 136 105 35 216 196 101 42 83 129
is_linear=0
shrinkage=0.03


Tree=130
num_leaves=11
num_cat=0
split_feature=1 13 13 14 3 8 2 1 7 3
split_gain=4.76753 2.5383 2.63153 2.70725 3.73798 3.25398 2.66943 2.8944 2.52145 2.255
threshold=3.4784143308301076 8.5806203385474208e-06 2.4513113135983495e-07 154.19879184431443 105.66054453628344 731.78571428571445 68.796114941911952 4.3590486364044692 1.9615384615384619 93.645601336302917
decision_type=2 2 2 2 2 2 2 2 2 2
left_child=-1 2 -2 4 5 -4 7 -5 -6 -8
right_child=1 -3 3 6 8 -7 9 -9 -10 -11
leaf_value=-0.02985451080428525 0.023958129404937707 0.027660961033794642 -0.037219190894182172 0.017754989557890757 0.027515971526901686 0 -0.0093525205689304405 -0.0038784566174261416 -0.0095541058205317123 0.016609328360678292
leaf_weight=4.1995463781058779 4.3302046172320834 3.3705720240250221 5.66124729067087 6.2933566290885201 2.7272265981882802 3.1977978684008121 3.4471255093812969 42.169230928644538 3.7371072322130203 16.59399251267314
leaf_count=115 23 89 44 72 24 38 19 442 27 131
internal_value=0.000968773 0.00244681 0.00141854 0.000191322 -0.0111272 -0.0237473 0.00277938 -0.000976583 0.00580924 0.0119706
internal_weight=95.7274 91.5279 88.1573 83.8271 15.3234 8.85905 68.5037 48.4626 6.46433 20.0411
internal_count=1024 909 820 797 133 82 664 514 51 150
is_linear=0
shrinkage=0.03


Tree=131
num_leaves=19
num_cat=0
split_feature=1 17 17 1 15 1 1 17 2 5 10 15 15 15 17 5 7 5
split_gain=4.59215 2.36113 2.83635 2.47459 2.58573 2.29465 2.28764 2.03868 3.11725 3.84088 1.80785 1.79345 1.69403 1.86064 1.0568 0.955197 0.66675 0.402222
threshold=3.4784143308301076 3.6951366221689743 1.3298036539118665 3.5680317153031731 12.462538214587026 5.4394107051894549 6.7956796907872663 3.9590722699683805 69.0222323049002 76.397207017538165 -0.055249749666638294 12.395596622667277 12.542929681188101 12.409513971536631 4.9125068365419748 39.670123184872388 19.478319783197836 48.852707835102137
decision_type=2 2 2 2 2 2 2 2 2 2 2 2 2 2 2 2 2 2
left_child=-1 2 15 -4 6 -6 -5 11 9 10 -9 -3 13 -10 -11 -2 -13 -17
right_child=1 7 3 4 5 -7 -8 8 12 14 -12 16 -14 -15 -16 17 -18 -19
leaf_value=-0.029674757537615813 0.047579502002890524 -0.0041307278153368942 0.03959785099923236 -0.017752604574627739 -0.010903533883127217 0.010016599019978889 0 0.0055723014365878362 0.004700759396468422 0 -0.023630723371268848 0.015141185913429975 -0.0086140878896978131 0.025961244751497116 0.034382285133801101 0.026829184349675527 0.038840135169464191 -0.0035543737107608499
leaf_weight=4.100343524478375 1.1980803608894341 1.6489188224077214 1.0641036750748742 16.191009589470926 6.7600429235026267 14.588117236271499 11.027039849199353 2.314072396606206 7.4341326300054815 1.4275572821497911 7.3615402001887587 2.6152869388461113 2.6985843293368807 8.3146087583154422 1.9059559814631937 0.4753744453191755 3.388256823644042 0.78610517643392086
leaf_count=115 4 11 8 208 95 138 109 16 52 16 54 22 21 68 34 2 21 30
internal_value=0.000944198 0.0023847 -0.00175084 -0.00338678 -0.00446966 0.00323227 -0.0106101 0.00795983 0.00442773 -0.00663959 -0.0163539 0.0218476 0.0123879 0.0162076 0.0203379 0.0289305 0.029425 0.00682146
internal_weight=95.2991 91.1988 52.0899 49.6303 48.5662 21.3482 27.218 39.1089 31.4565 13.0091 9.67561 7.65246 18.4473 15.7487 3.33351 2.45956 6.00354 1.26148
internal_count=1024 909 594 558 550 233 317 315 261 120 70 54 141 120 50 36 43 32
is_linear=0
shrinkage=0.03


Tree=132
num_leaves=20
num_cat=0
split_feature=14 0 10 4 5 10 16 16 4 16 14 11 11 13 16 13 0 10 16
split_gain=2.70422 3.75527 3.9743 3.98573 3.36508 5.37663 3.32368 5.31271 3.26463 3.09481 2.7325 2.6784 2.44519 3.34558 2.64762 2.05235 2.01362 1.8756 1.87165
threshold=179.19456203996202 75.605722229910398 -0.39587701738692443 18.058876087386118 21.042699520198237 0.50307023160535336 0.059205614062826907 0.060450012705061361 24.098866716722558 0.013241861680725752 184.09694107881077 -0.19992521536406557 -0.44519362530016909 3.183807699612966e-06 0.077520239820541917 9.762288679027428e-07 72.049993916571864 -0.073745912825080792 0.016994541994323906
decision_type=2 2 2 2 2 2 2 2 2 2 2 2 2 2 2 2 2 2 2
left_child=4 2 3 -2 5 17 9 -8 -9 -6 -3 -4 15 14 -14 -12 -13 -1 -17
right_child=1 10 11 -5 6 -7 7 8 -10 -11 12 16 13 -15 -16 18 -18 -19 -20
leaf_value=0.010440865922326584 0.045572606035825344 0.03785095823704894 -0.021088745170877419 9.4618020443151276e-05 0.011186640792111468 0.024190862244560195 0.043863322412176511 -0.029005376884515592 0.013045213618189718 -0.034427579254433002 -0.0078162213054521409 -0.027247805254788114 -0.015644917866745042 0.021540047081535556 0.015715402761340206 -0.0051403024554834776 0.019044612879496929 -0.023398165459936445 0.024854238028887591
leaf_weight=1.8870507739484308 2.1333653228357461 3.0103106796741477 11.603767615277318 8.3700217334553582 1.4458454903215185 6.606176795437932 1.7563583925366382 4.3166061891242862 2.4741804599761963 7.9125897875055671 2.5078865885734585 1.0205150051042426 9.6844755522906798 4.6887666825205079 3.0466195419430724 1.977312872186302 3.0857061892747879 4.8641761559993046 12.445008946582673
leaf_count=15 14 14 219 115 15 52 7 64 16 97 13 44 71 67 17 17 20 45 102
internal_value=0.000927476 0.00450561 -0.00410807 0.00995736 -0.00624423 0.00496545 -0.0147543 -0.000820912 -0.0132822 -0.0270194 0.0106242 -0.0137052 0.00804812 0 -0.00784243 0.0161322 0.0064521 -0.0134875 0.0205283
internal_weight=94.8367 63.5738 26.2134 10.5034 31.263 13.3574 17.9056 8.54715 6.79079 9.35844 37.3604 15.71 34.3501 17.4199 12.7311 16.9302 4.10622 6.75123 14.4223
internal_count=1024 713 412 129 311 112 199 87 80 112 301 283 287 155 88 132 64 60 119
is_linear=0
shrinkage=0.03


Tree=133
num_leaves=7
num_cat=0
split_feature=1 13 13 12 5 17
split_gain=4.34637 2.39647 2.39747 4.75296 2.62326 2.20307
threshold=3.4784143308301076 8.5806203385474208e-06 2.4513113135983495e-07 0.00012946019929460003 18.317607526452786 1.3298036539118665
decision_type=2 2 2 2 2 2
left_child=-1 2 -2 -4 -5 -6
right_child=1 -3 3 4 5 -7
leaf_value=-0.029468180396041856 0.0230357645517562 0.027385290236460247 -0.036096160588684582 0.03712499347047387 0.02822703090908198 -0.00016317184022441493
leaf_weight=3.9430129653774193 4.2461057491600505 3.2149846106767646 3.0288725793361655 1.7305239904671896 2.4367728177458039 75.645339072681963
leaf_count=115 23 89 28 15 36 718
internal_value=0.000911769 0.00230261 0.00131188 0.000135806 0.00159179 0.000719424
internal_weight=94.2456 90.3026 87.0876 82.8415 79.8126 78.0821
internal_count=1024 909 820 797 769 754
is_linear=0
shrinkage=0.03


Tree=134
num_leaves=7
num_cat=0
split_feature=1 13 13 12 5 12
split_gain=4.18604 2.31973 2.27928 4.50813 2.51067 2.19868
threshold=3.4784143308301076 8.5806203385474208e-06 2.4513113135983495e-07 0.00012946019929460003 18.317607526452786 0.00030698487757660004
decision_type=2 2 2 2 2 2
left_child=-1 2 -2 -4 -5 -6
right_child=1 -3 3 4 5 -7
leaf_value=-0.029285963404058687 0.02254944018388827 0.027213548434173788 -0.0352649101840194 0.036532958705457294 -0.009898934127823545 0.0031073247610939598
leaf_weight=3.8505429229699066 4.2102566249668589 3.1399836502969256 3.0099078929051748 1.7077787555754174 14.176219339482484 63.90175424516201
leaf_count=115 23 89 28 15 119 635
internal_value=0.000888425 0.00224158 0.00127571 0.000131826 0.00154719 0.000697829
internal_weight=93.9964 90.1459 87.0059 82.7957 79.7858 78.078
internal_count=1024 909 820 797 769 754
is_linear=0
shrinkage=0.03


Tree=135
num_leaves=16
num_cat=0
split_feature=1 2 8 1 2 14 11 7 3 17 1 9 12 17 8
split_gain=2.51365 2.16195 3.32909 3.22057 4.83247 2.78146 3.54257 2.64943 1.90697 1.63597 1.49124 1.42101 1.3906 0.61683 0.377735
threshold=3.3840154458862992 59.616779497098655 869.74857685009499 9.9572382115969642 62.546572280178843 307.79453392480366 0.65783922255942751 27.951388888888893 91.007690790771065 2.8629862790204679 2.3223872875122735 781.78571428571433 0.00030698487757660004 3.4019892417845261 809.52380952380975
decision_type=2 2 2 2 2 2 2 2 2 2 2 2 2 2 2
left_child=10 5 3 4 13 6 11 -4 -7 -5 -1 -2 -6 -3 -13
right_child=1 2 7 9 12 8 -8 -9 -10 -11 -12 14 -14 -15 -16
leaf_value=0.0070288910155886482 -0.077043183789729477 -0.036791631194818757 0 -0.012421056253090508 -0.0034151205399613246 -0.025791813940180264 0.011737154322357963 0.056232852580662587 0.021839527666480809 0.031966197599689612 -0.031941474349710453 0 0.0057505328647793723 -0.0052629208920262401 -0.030892636788495874
leaf_weight=1.0221598707139481 0.71820595860481073 3.1510763335973015 1.3884380348026746 0.73041790351271529 21.569574458524585 0.8961941106244925 1.6499853078275917 1.817381529137492 2.7182559072971344 4.4752738289535046 3.0739373983815312 0.40307701006531749 45.681776633486152 1.0036197267472742 3.1775201545096934
leaf_count=20 5 58 16 9 167 39 28 18 16 95 86 4 330 8 145
internal_value=0.00106465 0.00215822 0.00380466 0.00248703 0.000766994 -0.0111702 -0.0237726 0.0333578 0.00884538 0.025056 -0.0215659 -0.0380411 0.00276558 -0.0301833 -0.0275222
internal_weight=93.4769 89.3808 79.8176 76.6117 71.406 9.56324 5.94879 3.20582 3.61445 5.20569 4.0961 4.2988 67.2514 4.1547 3.5806
internal_count=1044 938 701 667 563 237 182 34 55 104 106 154 497 66 149
is_linear=0
shrinkage=0.03


Tree=136
num_leaves=17
num_cat=0
split_feature=0 5 2 11 14 0 2 11 11 16 14 10 0 17 10 11
split_gain=2.11394 2.42927 1.51934 2.37636 1.95681 3.19845 3.48489 2.2539 2.98579 1.68936 1.36129 0.701163 0.986713 0.561908 0.749321 0.371651
threshold=63.627035526771685 89.918491963268039 59.616779497098655 0.65783922255942751 173.49248026995028 69.010458284013154 62.686706809326829 -0.78967331411456632 -0.70582244095882307 0.059880828142540608 308.61118184700427 0.38721405557350824 80.461796120243051 3.6951366221689743 -0.50378303696624571 -1.296923906439001
decision_type=2 2 2 2 2 2 2 2 2 2 2 2 2 2 2 2
left_child=-1 2 3 10 7 -6 -7 9 -9 -4 15 13 -13 14 -3 -2
right_child=1 11 4 -5 5 6 -8 8 -10 -11 -12 12 -14 -15 -16 -17
leaf_value=-0.028693146330056627 0 0.026100788043747807 -0.034115327068792355 0.017893219485513544 0.037907763467145507 -0.01976117498382161 0.0058164746956406157 0.03109012452262647 -0.0042897146740549421 -0.0032248754929789336 0.0060654949545731803 -0.024152774012547434 0.023663825847639305 0.03634020998853621 -0.012021317451713937 -0.03888624366603808
leaf_weight=1.9936282443813969 0.39756875298917327 0.96052318625152111 3.5114392582327154 1.3034595968201754 2.424803288653492 5.2114514745771876 46.369397856295109 2.3514879103750017 17.160091329365969 3.315432483330369 0.74170155264437188 0.6083005294203756 0.74798245169222355 2.4975276552140713 0.6214434066787351 2.8203239571303125
leaf_count=140 5 19 35 14 21 71 354 20 161 30 5 6 27 40 18 78
internal_value=0.00103215 0.00174675 0.000464862 -0.0149451 0.00152893 0.00482458 0.00314096 -0.00510785 0 -0.0198098 -0.0266687 0.0210199 0 0.0271331 0.00951731 -0.0350733
internal_weight=93.0366 91.0429 85.6072 5.26305 80.3441 54.0057 51.5808 26.3385 19.5116 6.82687 3.95959 5.43578 1.35628 4.07949 1.58197 3.21789
internal_count=1044 904 794 102 692 446 425 246 181 65 88 110 33 77 37 83
is_linear=0
shrinkage=0.03


Tree=137
num_leaves=8
num_cat=0
split_feature=1 3 2 13 12 2 1
split_gain=2.37716 2.06387 2.30454 2.71534 3.03353 1.94158 1.46678
threshold=3.3840154458862992 118.47696347576991 87.683054393305454 2.4513113135983495e-07 0.00012946019929460003 59.616779497098655 2.3223872875122735
decision_type=2 2 2 2 2 2 2
left_child=6 2 3 -2 -5 -6 -1
right_child=1 -3 -4 4 5 -7 -8
leaf_value=0.0069797956526030181 0.029393260463527273 0.028585881211878363 -0.028808032752420078 -0.03675889222441283 -0.010836505513463872 0.0036335587243939696 -0.031794879492949388
leaf_weight=1.0225940803065885 3.0572183951735488 2.4748767782002679 2.1256571523845187 1.7671720329672087 9.3057893472723645 69.980703007429838 2.9859230020083487
leaf_count=20 14 80 18 17 236 573 86
internal_value=0.0010029 0.00206472 0.00123662 0.00206484 0.000962141 0.00188592 -0.0212439
internal_weight=92.7199 88.7114 86.2365 84.1109 81.0537 79.2865 4.00852
internal_count=1044 938 858 840 826 809 106
is_linear=0
shrinkage=0.03


Tree=138
num_leaves=11
num_cat=0
split_feature=15 0 12 16 15 5 10 10 17 15
split_gain=2.03534 2.05464 2.39951 1.58607 3.02061 2.34878 1.44361 1.29093 0.666682 0.73922
threshold=12.887388803266168 63.627035526771685 0.0021698659734532004 0.33068044604504854 12.549925797318705 67.259262479729372 0.16659506857015313 0.18766253569205232 3.1923425157637051 12.530206759563951
decision_type=2 2 2 2 2 2 2 2 2 2
left_child=1 -1 3 4 5 -3 -5 -6 -4 -10
right_child=-2 2 8 6 7 -7 -8 -9 9 -11
leaf_value=-0.028505523642700866 -0.032997508441898124 0.0026891234145991569 0 0.0027430999623816567 -0.042514824800641997 -0.02093888941302283 0.034154051963176835 -0.0088353675587247854 0.032364711669517071 0
leaf_weight=1.8838490433990944 1.4529280867427576 69.148246668279171 1.2526707742363203 3.5198018047958604 1.840183725580572 3.8892057975754133 2.2809666097164154 2.9595745326951146 3.5387157825753093 0.71310653164982785
leaf_count=137 19 613 22 29 21 59 14 33 82 15
internal_value=0.000973013 0.00158377 0.0022845 0.00097229 -0.000126146 0.00136302 0.0159723 -0.0229642 0.0213144 0.0268878
internal_weight=92.4792 91.0263 89.1425 83.638 77.8372 73.0375 5.80077 4.79976 5.50449 4.25182
internal_count=1044 1025 888 769 726 672 43 54 119 97
is_linear=0
shrinkage=0.03


Tree=139
num_leaves=9
num_cat=0
split_feature=1 15 3 0 5 5 15 10
split_gain=2.25652 2.05298 1.8625 1.73516 1.69158 1.59174 1.57585 1.18933
threshold=3.3840154458862992 12.887388803266168 118.47696347576991 63.627035526771685 89.918491963268039 69.197753184222265 12.368583807881807 0.38721405557350824
decision_type=2 2 2 2 2 2 2 2
left_child=6 2 3 -2 5 -5 -1 -6
right_child=1 -3 -4 4 7 -7 -8 -9
leaf_value=0.016062791420500162 -0.028106972695781558 -0.03234560760203381 0.028447308681273965 0.0024848622918376717 0.028050446020138817 -0.015628194137519546 -0.029858035832081416 -0.0073331499625727478
leaf_weight=0.68158894637599532 1.5933186761103559 1.4292454663664091 2.356367837637662 73.964180570095778 3.5754427248612037 4.5117033580318084 3.2485524616204202 0.90714810974895943
leaf_count=13 111 18 79 589 64 63 93 14
internal_value=0.000942656 0.00197312 0.00260851 0.00182022 0.00246428 0.00138677 -0.0209488 0.0202314
internal_weight=92.2675 88.3374 86.9082 84.5518 82.9585 78.4759 3.93014 4.48259
internal_count=1044 938 920 841 730 652 106 78
is_linear=0
shrinkage=0.03


Tree=140
num_leaves=20
num_cat=0
split_feature=1 16 17 12 6 11 17 6 1 6 8 16 11 11 11 16 14 16 8
split_gain=3.81171 2.36218 2.36434 2.94343 3.21441 4.28856 2.77652 2.05402 3.20573 2.45047 2.02774 3.77217 2.62411 2.38554 2.00752 1.9685 1.8537 1.57373 1.23686
threshold=10.681441411661552 0.076893777750324174 3.7667902633975356 0.00012946019929460003 66.713535820891295 -0.55049246106477356 2.5980496513623446 58.622595493541503 8.6275692107199564 62.596601290448291 667.41883116883116 0.33068044604504854 -0.44519362530016909 1.600072034346627 -0.17009059337694493 0.058101242899132606 240.56267248159568 0.10556193924951851 694.1029900332228
decision_type=2 2 2 2 2 2 2 2 2 2 2 2 2 2 2 2 2 2 2
left_child=1 2 3 -1 5 -5 -6 15 9 -9 -3 12 17 -14 16 18 -13 -12 -4
right_child=-2 10 7 4 6 -7 -8 8 -10 -11 11 14 13 -15 -16 -17 -18 -19 -20
leaf_value=-0.033784220450503347 0.023449862961931391 0.0092458743622897428 -2.0876167557132097e-05 0.018484070067685623 -0.036319447106866819 -0.0054973310657258278 -0.0033518033368623904 -0.042624782170658071 0.017815629853604031 -0.0022929329246918922 0.0030091509983428614 -0.029022045750139228 -0.046051258225891033 -0.00090274783915413449 0.026086828408032472 0.03373415531221069 0.015451424085317677 -0.025471819913352421 0.021876609220710351
leaf_weight=2.6411149413324884 5.4525174275040618 3.6543355900794294 5.8933092448860425 10.815513455308972 3.6982623501680774 17.078024968039248 6.4786984580568969 1.8778994604945163 4.5762527529150248 4.9275512462481856 3.783335129730407 1.8076124154031279 5.1678284411318582 1.4930505370721219 2.4149770373478523 3.9530590791255227 1.3351154718548057 2.8870121315121651 3.4628774803131819
leaf_count=42 107 35 46 97 115 178 72 14 38 43 40 20 65 13 20 29 18 35 23
internal_value=-0.000613355 -0.00216425 0.00068306 -0.00370674 -0.00145849 0.00372693 -0.0158608 0.00802793 -0.00109086 -0.0143127 -0.0105239 -0.0145352 -0.0231868 -0.0365379 0.00573016 0.0159998 -0.00930952 -0.00906882 0.00791213
internal_weight=93.3983 87.9458 65.4026 40.7116 38.0705 27.8935 10.177 24.6909 11.3817 6.80545 22.5433 18.8889 13.3312 6.66088 5.5577 13.3092 3.14273 6.67035 9.35619
internal_count=1050 943 697 504 462 275 187 193 95 57 246 211 153 78 58 98 38 75 69
is_linear=0
shrinkage=0.03


Tree=141
num_leaves=16
num_cat=0
split_feature=1 4 7 4 1 3 2 10 7 3 13 10 8 14 4
split_gain=3.64423 2.80714 3.15256 2.00876 3.5697 2.96524 2.73054 2.85684 3.11684 2.22739 1.79151 2.05087 1.5154 1.05397 0.915745
threshold=10.681441411661552 42.109216182044591 20.22727272727273 20.360351733025343 5.5589837315853794 107.83072968162945 60.737558870030036 -0.1367395479093951 24.357284113381677 84.59223080417992 6.1510506374192811e-06 -0.72930409489146053 862.12184873949593 324.76392892045232 21.092207113533075
decision_type=2 2 2 2 2 2 2 2 2 2 2 2 2 2 2
left_child=1 3 -3 6 5 14 -1 9 -9 -8 11 -6 -12 -2 -5
right_child=13 2 -4 4 10 -7 7 8 -10 -11 12 -13 -14 -15 -16
leaf_value=-0.028004890715982483 0.028804012681530426 0 -0.05297216242118305 -0.010407302701710077 -0.027970890403414026 0.0079671475665815169 0.041219246284128361 0.0070998130528337443 -0.030701065622060899 0.0071231636876522763 0.037277582971481829 -0.0004591051990602607 -0.006218339876007309 -0.0046096380866088287 -0.036291080707084207
leaf_weight=1.8164562564343238 4.5408838139846912 1.8313189912587398 1.9255978036671875 2.1912436103448254 2.5023385360836974 2.3382561504840851 3.5669461283832833 13.794267315417523 2.1768171172589073 3.8309223633259535 1.8814852684736245 43.38470023451373 0.92710312269628037 0.82774171605706204 5.3859314741566777
leaf_count=121 101 19 18 22 30 15 29 130 35 28 20 366 30 6 80
internal_value=-0.000601392 -0.00211449 -0.0271672 -0.00092448 -0.003999 -0.0203197 0.00609938 0.00898614 0.00160201 0.0242935 -0.000579471 -0.00208219 0.0221682 0.0231136 -0.0294296
internal_weight=92.922 87.5534 3.75692 83.7965 58.6111 9.91543 25.1854 23.369 15.9711 7.39787 48.6956 45.887 2.80859 5.36863 7.57718
internal_count=1050 943 37 906 563 117 343 222 165 57 446 396 50 107 102
is_linear=0
shrinkage=0.03


Tree=142
num_leaves=16
num_cat=0
split_feature=1 4 6 4 1 12 12 0 17 6 10 7 2 10 14
split_gain=3.48518 2.63861 5.64538 1.8959 3.40855 2.76772 4.06864 3.14064 2.50726 2.42246 1.72011 4.32376 2.44226 1.26462 1.02909
threshold=10.681441411661552 42.109216182044591 69.214279885018627 20.360351733025343 5.5589837315853794 0.00055444982254205003 0.00051212471817395008 71.511968831969696 3.6339014462760031 34.148899206617095 0.21878587454720691 8.8562091503267997 80.382848728599384 -0.0083181865796195988 324.76392892045232
decision_type=2 2 2 2 2 2 2 2 2 2 2 2 2 2 2
left_child=1 3 -3 5 9 6 7 -1 -7 -5 11 -6 -12 -11 -2
right_child=14 2 -4 4 10 8 -8 -9 -10 13 12 -13 -14 -15 -16
leaf_value=-0.028875713113794658 0.028543882326246366 0.013716003264631042 -0.057804296569647071 0.0094008661945976287 -0.031754247505341698 -0.031257654402779715 0.055034493359138938 0.010120774026643931 0.027511549766840202 -0.011474860619339149 0.00095978246899287899 0 0.028303516458619154 -0.037681676504723323 -0.004480238920328109
leaf_weight=1.9431880721822476 4.4471334917470804 1.6390073075890534 2.1242077331990004 1.8500109389424304 4.7236036993563202 2.8017729553394015 1.5863979123532761 18.103268838487566 0.70673289895057667 3.3881198633462191 21.571418758016083 18.978961296845227 3.3568763993680468 4.5675971885211766 0.82896862179040898
leaf_count=70 101 20 17 13 30 110 11 147 5 47 170 208 38 57 6
internal_value=-0.000589148 -0.00206144 -0.0263295 -0.000902729 -0.00389625 0.00592419 0.0100329 0.0060672 -0.0181538 -0.0199457 -0.000564248 -0.00639166 0.00486016 -0.0271743 0.0228104
internal_weight=92.6173 87.3412 3.76322 83.5779 58.4366 25.1414 21.6329 20.0465 3.50851 9.80573 48.6309 23.7026 24.9283 7.95572 5.2761
internal_count=1050 943 37 906 563 343 228 217 115 117 446 238 208 104 107
is_linear=0
shrinkage=0.03


Tree=143
num_leaves=15
num_cat=0
split_feature=1 4 2 15 11 16 0 12 2 3 3 15 11 15
split_gain=3.33133 2.53167 2.01266 2.48907 2.03975 3.79759 2.66305 1.49225 3.17688 2.22272 4.38126 0.900295 1.14338 0.264284
threshold=10.681441411661552 46.464348909423521 64.367853888142534 12.348945939933754 -0.72471648052172577 0.013241861680725752 93.577102357229492 0.0017902930012949501 54.123801220575423 93.645601336302917 91.803388340515809 12.385361692820368 -1.1973072115830219 12.448501744834308
decision_type=2 2 2 2 2 2 2 2 2 2 2 2 2 2
left_child=1 2 7 -4 6 -6 -5 9 -9 10 -1 -2 -13 -11
right_child=11 -3 3 4 5 -7 -8 8 -10 13 -12 12 -14 -15
leaf_value=-0.013403551336277221 -0.0011212467762750848 -0.041459971404928055 0.032253653961130467 0.012394553423454691 0.025946023643475855 -0.006270301023986998 -0.022170604596597497 -0.029198581059848853 0.027168352543801309 -0.018404505121115074 0.033439756180501545 -0.0028385951700036498 0.035122197830328362 -0.041149993024713352
leaf_weight=12.891220787074422 0.93739951308816571 1.3446333277970541 2.170677823945879 17.079968864098195 3.4790086802095166 38.321743594482541 2.1249953452497712 1.2382999612018459 2.5301275607198477 1.7503074537962668 1.9629836548119772 0.69330352917313565 3.5554766971617937 2.1835037749260664
leaf_count=320 18 14 13 120 23 310 23 51 25 15 10 19 70 19
internal_value=-0.000572877 -0.0020061 -0.00130477 0.00140323 0.000205442 -0.00346187 0.00831955 -0.00899449 0.00759476 -0.0125033 -0.00683038 0.0225065 0.0283152 -0.0324805
internal_weight=92.2637 87.0775 85.7328 63.1764 61.0057 41.8008 19.205 22.5564 3.76843 18.788 14.8542 5.18618 4.24878 3.93381
internal_count=1050 943 929 489 476 333 143 440 76 364 330 107 89 34
is_linear=0
shrinkage=0.03


Tree=144
num_leaves=16
num_cat=0
split_feature=1 4 6 4 1 3 12 12 0 17 10 7 2 14 4
split_gain=3.17995 2.41263 5.38817 1.79271 3.2566 2.7324 2.60257 3.85553 2.73234 2.43956 1.62374 4.06811 2.37058 1.16973 0.90385
threshold=10.681441411661552 42.109216182044591 69.214279885018627 20.360351733025343 5.5589837315853794 107.83072968162945 0.00055444982254205003 0.00049248669447565015 71.511968831969696 3.6339014462760031 0.21878587454720691 8.8562091503267997 80.382848728599384 330.98609081762726 21.092207113533075
decision_type=2 2 2 2 2 2 2 2 2 2 2 2 2 2 2
left_child=1 3 -3 6 5 14 7 8 -1 -8 11 -6 -12 -2 -5
right_child=13 2 -4 4 10 -7 9 -9 -10 -11 12 -13 -14 -15 -16
leaf_value=-0.028647810794675509 0.028164826221387072 0.013773684449767854 -0.056337755254346499 -0.0096174492885653107 -0.030764965410918096 0.0075457343872450842 -0.031110686779511516 0.044404377122368104 0.0087872788956271444 0.027339058859589149 0.00094106291397691043 0 0.028067437145765733 -0.0089811121143741988 -0.035502996189140275
leaf_weight=1.8277494721114731 4.3681490244343868 1.634211286902427 2.0942958649247885 2.1612769649364036 4.7261311821639564 2.3240253590047359 2.7143993056379254 2.4727992294356218 17.272401566617191 0.69599778950214375 21.501887793652717 18.874871789943427 3.3042248748242846 0.73297711461782444 5.1900722989812493
leaf_count=68 103 20 17 22 30 15 110 16 144 5 170 208 38 4 80
internal_value=-0.000559471 -0.00195447 -0.0252671 -0.00084286 -0.00376359 -0.0195665 0.00581572 0.00976673 0.00491821 -0.0178886 -0.000509304 -0.00618461 0.00477299 0.0221805 -0.0285265
internal_weight=91.8955 86.7943 3.72851 83.0658 58.0825 9.67537 24.9833 21.573 19.1002 3.4104 48.4071 23.601 24.8061 5.10113 7.35135
internal_count=1050 943 37 906 563 117 343 228 212 115 446 238 208 107 102
is_linear=0
shrinkage=0.03


Tree=145
num_leaves=20
num_cat=0
split_feature=2 14 6 13 2 5 14 14 12 10 17 10 5 9 10 4 13 7 1
split_gain=3.08389 3.60863 5.0527 2.88236 2.91354 3.83272 3.67832 2.39612 4.55278 2.92272 2.33442 2.11239 3.32517 2.72259 2.05398 2.01494 1.98249 0.749429 0.542432
threshold=59.701522694943755 235.26307619485837 75.689509835103124 1.78734864288335e-06 66.825817949834445 79.299991857658554 278.12875185598625 212.70728870575962 0.00049248669447565015 0.21878587454720691 3.4019892417845261 0.58176301027995381 64.070798151777694 793.57142857142856 0.20061656282220808 39.373367341626313 1.5982008816817202e-06 22.086720867208676 7.4892796035077085
decision_type=2 2 2 2 2 2 2 2 2 2 2 2 2 2 2 2 2 2 2
left_child=11 2 7 -3 5 6 -5 8 9 -2 14 13 -13 -1 -9 -15 -10 -6 -19
right_child=1 3 -4 4 17 -7 -8 10 16 -11 -12 12 -14 15 -16 -17 -18 18 -20
leaf_value=-0.071359046582263122 -0.0093156016219686864 0.030880479509023864 -0.045150370503036941 -0.033598890648142365 0.036263234510574942 0.027787402826575869 0.010864520121719509 -0.040029243463156665 0.052618212257153137 0.0067435594847521417 0.0062539258700716922 -0.039402084017110692 0.030770247296921169 -0.027037001225051913 -0.0029632828998748511 0.01042531844554008 0.011725876898031689 -0.010554696353133372 0.021151741405923099
leaf_weight=0.93045589327812006 19.287649343721569 5.5766798742115524 2.2675671996548763 4.1271943841129524 2.4425751678645602 2.2972090570256114 2.5756459273397923 3.4571319390088302 1.9629588965326537 21.33580837957561 2.9841955155134201 0.81039459165185723 1.6660842667333779 4.3705243584699929 2.4908857978880405 1.6178023535758255 2.8936563227325678 0.65199509263038613 0.9952525282278657
leaf_count=8 160 38 22 56 36 58 17 43 10 168 26 18 18 220 23 15 28 7 23
internal_value=-0.000503475 0.00148856 -0.00223806 0.0129157 0.00485859 -0.00443374 -0.0161638 -0.000315159 0.00242647 -0.000811669 -0.0144791 -0.0166422 0.00600486 -0.0251459 -0.0253086 -0.0164185 0.0295872 0.025641 0.00699925
internal_weight=84.7417 75.3464 56.6799 18.6666 13.0899 9.00005 6.70284 54.4123 45.4801 40.6235 8.93221 9.39526 2.47648 6.91878 5.94802 5.98833 4.85662 4.08982 1.64725
internal_count=994 715 480 235 197 131 73 458 366 328 92 279 36 243 66 235 38 66 30
is_linear=0
shrinkage=0.03


Tree=146
num_leaves=20
num_cat=0
split_feature=2 13 9 3 2 1 4 3 0 13 16 3 11 3 4 12 16 11 11
split_gain=2.94111 2.45997 2.74088 3.9967 2.88298 3.08555 2.88235 2.35615 3.91177 4.7166 3.61878 3.19417 2.7171 2.0424 2.78895 2.36132 1.8711 1.81147 1.73313
threshold=59.701522694943755 1.2567113518822595e-06 861.07142857142878 84.084168336673358 64.466653473184266 9.3631322000379136 38.175836495343226 105.66054453628344 83.89564245434309 2.8156046393540884e-07 0.057262701576993057 93.22985957132299 -0.83825491465011581 108.38727723167908 39.926435508735075 0.0022217094413434506 0.016994541994323906 -0.59254867851105664 0.65783922255942751
decision_type=2 2 2 2 2 2 2 2 2 2 2 2 2 2 2 2 2 2 2
left_child=13 7 3 -3 5 -5 -6 8 10 -10 11 -2 -12 14 15 18 -17 -4 -1
right_child=1 2 17 4 6 -7 -8 -9 9 -11 12 -13 -14 -15 -16 16 -18 -19 -20
leaf_value=-0.032908089990117226 -0.025518945867027017 -0.03212845015502002 0.05179265062999136 -0.020576508876037077 0.020655718852161255 0.018389125431631674 -0.0052132578824596841 0.010249539794238064 0.0062574868145246834 -0.036569057583872994 -0.01043370785230493 0.011883354617129211 0.018777620372927028 0.027440538549646863 -0.056595729429814397 0.049713252627821565 -0.0069041741666873652 0.0067761663789815902 0.0040888230768201016
leaf_weight=3.7528304900042677 6.6779337543994206 2.3500658851116922 1.8910942981019618 5.2933543566614416 14.596553171053531 2.6091713262721896 4.9895426789298645 8.7465988695621473 3.2670291569083911 6.8519735224545002 3.8969863280653909 2.7535576112568378 9.3302252311259526 0.73560814000666219 1.5357005540281532 0.74988792371004809 1.1355474279262123 1.6992091350257386 1.3966925628483293
leaf_count=198 74 45 20 54 114 30 75 78 29 48 30 16 66 7 14 4 26 36 30
internal_value=-0.000489373 0.00145643 0.0075301 0.00438098 0.00771614 -0.00726734 0.0139202 -0.00336742 -0.00711242 -0.0225225 -2.99703e-05 -0.0142744 0.0099326 -0.0163288 -0.0207047 -0.0117659 0.0154728 0.0320613 -0.0224153
internal_weight=84.2596 74.9533 33.429 29.8387 27.4886 7.90253 19.5861 41.5243 32.7777 10.119 22.6587 9.43149 13.2272 9.30627 8.57066 7.03496 1.88544 3.5903 5.14952
internal_count=994 715 374 318 273 84 189 341 263 77 186 90 96 279 272 258 30 56 228
is_linear=0
shrinkage=0.03


Tree=147
num_leaves=20
num_cat=0
split_feature=2 14 14 12 13 2 5 14 10 10 7 12 10 5 9 4 9 7 14
split_gain=2.79983 3.37391 2.83728 3.17671 2.71809 2.67597 3.69649 3.20736 2.66819 3.16088 2.96164 2.12473 1.97508 3.09885 2.31773 1.9323 1.40463 0.873604 0.674663
threshold=59.701522694943755 235.26307619485837 212.70728870575962 0.00049248669447565015 1.8318642313633745e-06 66.825817949834445 79.299991857658554 278.12875185598625 0.21878587454720691 0.072689103766732807 4.8199767711962842 0.00054393916552815012 0.58176301027995381 64.070798151777694 793.57142857142856 39.373367341626313 781.07142857142878 22.086720867208676 224.49116777428281
decision_type=2 2 2 2 2 2 2 2 2 2 2 2 2 2 2 2 2 2 2
left_child=12 2 3 8 -3 6 7 -6 9 -2 -10 -5 14 -14 -1 -16 18 -7 -4
right_child=1 4 16 11 5 17 -8 -9 10 -11 -12 -13 13 -15 15 -17 -18 -19 -20
leaf_value=-0.066408120565610768 -0.0031786809762678219 0.029437951666864522 0.0019502200740596654 0.037886476892026011 -0.032870017768080038 0.036097843429069264 0.027547546032883351 0.0095054765926605063 0.016926592775473998 -0.031953885697402623 -0.0050029015490818023 0 -0.038565813860900217 0.029750638875815902 -0.02664899383520436 0.010397666198264403 -0.030624776893458733 0.0038745146820874979 -0.018500656654055109
leaf_weight=0.95885210484266092 15.416236393153669 5.8209727238863733 3.1418878324329835 3.1371092870831481 3.9916594550013524 2.3692157715559001 2.2096462538465858 2.4409466721117496 10.274230739101769 4.4500584229826918 11.52738122269511 2.075444751419127 0.78825556021183762 1.6593034151010213 4.1923386980779469 1.5961621999740598 3.9929973119869828 1.4564675539731977 2.2694728132337332
leaf_count=8 125 43 21 19 54 36 58 16 87 42 86 22 18 18 220 15 59 28 19
internal_value=-0.000475198 0.00142123 -0.00217473 0.000792663 0.0126027 0.00433237 -0.00465726 -0.0164314 -0.00192213 -0.00990235 0.00522472 0.0226865 -0.0160284 0.005921 -0.0243987 -0.0159209 -0.0171355 0.0250056 -0.00626241
internal_weight=83.7686 74.5737 56.2848 46.8805 18.2889 12.4679 8.64225 6.43261 41.6679 19.8663 21.8016 5.21255 9.19491 2.44756 6.74735 5.7885 9.40436 3.82568 5.41136
internal_count=994 715 480 381 235 192 128 70 340 167 173 41 279 36 243 235 99 64 40
is_linear=0
shrinkage=0.03


Tree=148
num_leaves=20
num_cat=0
split_feature=2 14 6 13 2 12 14 12 16 17 17 3 3 17 13 0 9 7 12
split_gain=2.66965 3.22766 4.80034 2.58459 2.56466 3.16173 2.17662 3.97803 2.21031 2.20358 1.93329 1.91261 2.27124 2.89064 1.73634 1.50927 1.36972 0.858843 0.195699
threshold=59.701522694943755 235.26307619485837 75.689509835103124 1.8318642313633745e-06 66.825817949834445 0.00093012059810115009 212.70728870575962 0.00049248669447565015 0.0273525732442008 3.4019892417845261 3.4938329756379165 108.38727723167908 93.645601336302917 3.7117665998028868 1.5982008816817202e-06 76.995492956142201 777.857142857143 22.086720867208676 0.00082356390878665002
decision_type=2 2 2 2 2 2 2 2 2 2 2 2 2 2 2 2 2 2 2
left_child=11 2 6 -3 5 18 7 8 -2 16 -7 12 13 15 -9 -1 -8 -6 -5
right_child=1 3 -4 4 17 10 9 14 -10 -11 -12 -13 -14 -15 -16 -17 -18 -19 -20
leaf_value=-0.030591484539064132 -0.011340803632146478 0.028924376533221132 -0.044426862112034317 -0.042932159008336773 0.035892509602802436 -0.0082560036501333062 -0.0033696059600203613 0.049387126212580519 0.0038735402624286708 0.0061947155480703677 0.024910573523688646 0.027072046410018716 -0.045148565369054025 0.017479184736645389 0.010850313357995554 0.027798450850883626 -0.035553856555099052 0.0037747569898740219 -0.017084807450657758
leaf_weight=3.6575526827946274 12.212135529145597 5.7494674455374506 2.2152901832014313 1.2554321028292164 2.3127138884738083 3.1904628332704306 2.0891635157167894 1.9618597496300925 28.158984139561653 2.9634572826325893 2.8210063893347979 0.7166260704398163 2.2986899465322495 2.1210166867822409 2.844691826030612 0.31389421224594105 3.6852016262710094 1.4528086036443708 1.2871049921959636
leaf_count=228 114 43 22 19 36 46 11 10 214 26 49 7 22 21 28 1 55 28 14
internal_value=-0.00046372 0.00138808 -0.0021203 0.0124035 0.00428097 -0.00454035 -0.000247428 0.00235465 -0.000671274 -0.013915 0.00697015 -0.0157271 -0.0200113 -0.00946666 0.027877 -0.0246702 -0.0246759 0.0246952 -0.0321244
internal_weight=83.3076 74.1998 56.1308 18.069 12.3195 8.55401 53.9155 45.1777 40.3711 8.73782 6.01147 9.10778 8.39115 6.09246 4.80655 3.97145 5.77437 3.76552 2.54254
internal_count=994 715 480 235 192 128 458 366 328 92 95 279 272 250 38 229 66 64 33
is_linear=0
shrinkage=0.03


Tree=149
num_leaves=17
num_cat=0
split_feature=2 12 1 10 2 3 7 1 7 9 11 11 2 9 10 16
split_gain=2.53644 2.32101 1.93137 1.85096 2.31742 1.97159 1.94787 1.80422 1.76017 1.69228 2.0535 3.20989 2.35369 1.10971 0.208128 0.0531093
threshold=59.701522694943755 0.0020749490223803007 3.4784143308301076 0.58176301027995381 56.11224948773053 108.38727723167908 53.452380952380956 2.4850886540087491 55.941176470588239 558.57142857142867 0.65783922255942751 0.45601915229375761 67.039148845101451 778.92857142857144 -1.0940450215010011 0.016866811245208654
decision_type=2 2 2 2 2 2 2 2 2 2 2 2 2 2 2 2
left_child=3 2 7 5 -5 6 13 -2 -8 -4 11 -11 -12 -1 -15 -10
right_child=1 -3 9 4 -6 -7 8 -9 15 10 12 -13 -14 14 -16 -17
leaf_value=-0.07706423567766281 0.012655870030844174 0.029057217464122199 0.029402059211499593 0.034488547921165916 -0.021529170253387474 0.024927697959998874 0.030578962967108689 -0.032634538316366604 0 0.0014095175790549746 -0.031261719299091904 0.034784439447190854 -0.0015538770843155055 0 -0.032327361660670621 -0.027564344912915987
leaf_weight=0.67566335946321299 0.91945865564048235 2.5272324839606872 1.8057962059974659 1.2235524896532299 1.1919549209997056 0.54469304345548142 0.72978144139051426 2.766731072217226 0.1527226879261433 51.389818355441093 3.4111207090318194 2.650794740766286 8.3836520314216596 0.25176425464451302 3.1924343463033442 1.0375492405146358
leaf_count=4 16 84 34 20 16 6 8 57 10 404 38 17 65 8 134 73
internal_value=-0.00044967 0.00135267 0.000289755 -0.0154216 0.0058965 -0.023662 -0.0288672 -0.0205094 -0.00202172 0.00149612 0.000641756 0.00316326 -0.0105884 -0.0403232 -0.030298 -0.0251558
internal_weight=82.8547 73.8546 71.3274 9.00012 2.41551 6.58461 6.03992 3.68619 1.92005 67.6412 65.8354 54.0406 11.7948 4.11986 3.4442 1.19027
internal_count=994 715 631 279 36 243 237 73 91 558 524 421 103 146 142 83
is_linear=0
shrinkage=0.03


Tree=150
num_leaves=15
num_cat=0
split_feature=13 12 1 1 15 0 2 13 7 15 1 11 16 1
split_gain=2.56989 2.32389 2.86644 2.70059 3.94386 2.23297 2.22442 3.94793 4.79135 1.93502 1.73733 1.4222 0.412836 0.212685
threshold=2.6082711010539704e-07 0.00012708088798715005 4.3314407271410333 3.3840154458862992 12.402185157721076 93.577102357229492 80.382848728599384 5.3279245728141385e-07 4.2109929078014199 12.477347683392553 2.3223872875122735 -0.4287523111806823 0.062651545639375916 5.455200471993769
decision_type=2 2 2 2 2 2 2 2 2 2 2 2 2 2
left_child=5 12 3 10 -5 -1 7 -4 -9 -6 -3 -8 -2 -13
right_child=1 2 6 4 9 -7 11 8 -10 -11 -12 13 -14 -15
leaf_value=0.036003415030082218 -0.04058277272402494 0.025721816855183214 -0.038554629460210828 -0.021670044888210931 0.045406861296633412 0 -0.0055763671335290702 0.047371395938876057 -0.0030460819647169708 0.014198382228106619 -0.029602241513224808 0.011544974617482844 -0.010912135200596612 0.033994726908744263
leaf_weight=3.3150814184918991 1.2789692394435399 0.57286490639671628 2.629257468506693 1.4628183911554504 3.8193388702347857 2.5974736232310534 1.461218189448118 1.6417775899171818 60.041522869374603 4.2321804668754339 1.6975192283280192 1.1986011974513524 1.2686757226474581 2.3084347266703844
leaf_count=20 15 13 23 29 32 28 14 6 687 50 64 8 17 25
internal_value=0.00110024 -0.000226284 0.000640106 0.0142793 0.0213856 0.0200502 -0.00165392 -0.00319675 -0.0015811 0.029746 -0.013881 0.0173946 -0.0279107 0.0276866
internal_weight=89.5257 83.6132 81.0655 11.7847 9.51434 5.91256 69.2808 64.3126 61.6833 8.05152 2.27038 4.96825 2.54764 3.50704
internal_count=1031 983 951 188 111 48 763 716 693 82 77 47 32 33
is_linear=0
shrinkage=0.03


Tree=151
num_leaves=16
num_cat=0
split_feature=3 4 4 7 7 17 5 1 10 11 1 4 14 15 15
split_gain=2.90485 2.71664 4.72819 3.32224 3.99488 5.44387 3.79267 2.58169 2.42818 2.48912 3.22855 1.65437 1.80722 1.61029 1.45214
threshold=117.48274728885967 21.54725187872042 22.649306112288325 2.6671408250355619 15.18445322793149 2.1111172990752327 47.092396509317332 3.3840154458862992 -0.13161680341601878 0.13940596358812971 5.4394107051894549 14.363269758128263 144.00984928824423 12.368583807881807 12.486992726958526
decision_type=2 2 2 2 2 2 2 2 2 2 2 2 2 2 2
left_child=1 7 14 -4 5 -5 -6 13 11 10 -10 -9 -13 -1 -3
right_child=-2 2 3 4 6 -7 -8 8 9 -11 -12 12 -14 -15 -16
leaf_value=0.019266761691876685 0.029708541585134297 -0.04363318505844823 0.02067675532503814 0.033836204650035111 0.019316380168992873 -0.021681609880028464 -0.0039615624163656408 0.051169982449169135 -0.010475335999047068 0.025526007904097127 0.026706349452740048 -0.013004454109094862 0.022389636639642843 -0.029935029820558054 -0.0036580161481983243
leaf_weight=0.63782924087718429 2.9780613481998435 3.1998430755920699 5.4810606688261023 1.6523219440132404 8.6400390919297951 14.713819067925213 22.113280729390681 1.5127614643424809 10.280312925577162 3.4327037916518739 2.5167121989652506 1.4009651653468589 7.0892214686609805 2.3504322818480432 1.3413135516457257
leaf_count=16 93 42 29 9 59 104 296 9 144 26 19 15 74 84 12
internal_value=0.00106967 1.41948e-05 -0.00375471 -0.00113226 -0.00377109 -0.0157229 0.00252247 0.00747428 0.0105683 0.00314282 -0.00278005 0.0221688 0.0161166 -0.0181779 -0.0328054
internal_weight=89.3407 86.3626 57.1417 52.6005 47.1195 16.3661 30.7533 29.2209 26.2327 16.2297 12.797 10.0029 8.49019 2.98826 4.54116
internal_count=1031 938 551 497 468 113 355 387 287 189 163 98 89 100 54
is_linear=0
shrinkage=0.03


Tree=152
num_leaves=18
num_cat=0
split_feature=13 0 13 6 7 2 17 17 13 17 7 13 17 11 8 8 6
split_gain=2.4101 2.13903 1.86427 2.4262 3.31875 3.65955 2.84802 4.00554 2.32569 2.07355 5.55194 2.50651 1.87861 2.01227 0.996325 0.488788 0.127704
threshold=2.6082711010539704e-07 93.577102357229492 4.7264783520826832e-07 66.713535820891295 21.244358478401036 67.796654333211748 6.8697821159044574 3.2109339378390911 3.457173443159008e-06 2.3170107674840108 20.550527903469085 1.2567113518822595e-06 1.8072325241951124 0.21227029170281783 712.35689397710314 621.12841945288767 53.931106451596982
decision_type=2 2 2 2 2 2 2 2 2 2 2 2 2 2 2 2 2
left_child=1 -1 12 8 5 14 7 -6 9 10 -4 -11 -2 15 -5 -14 -10
right_child=2 -3 3 4 6 -7 -8 -9 16 11 -12 -13 13 -15 -16 -17 -18
leaf_value=0.035335301152868086 0.03578342609658379 0 0.029940897567513888 -0.0074432476466146057 -0.012205645749747583 0.0051337981548559156 -0.044621148303356964 0.015681040425947729 0.039725062256501117 -0.0070265391917876657 -0.0101107565993914 0.010697271181430953 -0.0075837619781380285 0.0040948625579329788 -0.039336631579047598 -0.036398589379642514 0.018110558848535883
leaf_weight=3.2536138957366338 0.47263709269463916 2.5719414856284857 7.5536859552375955 1.4293678030371681 7.6575509216636481 3.2605127114802599 1.0354819456115354 11.231441887095569 1.4699574066326015 19.934441534802321 5.0407024631276727 11.06417717412114 1.0287346355617044 1.9727059435099361 4.9986285287886858 3.4479494770057499 1.5767043214291332
leaf_count=20 5 28 62 9 192 27 17 139 13 158 89 109 13 21 53 55 21
internal_value=0.00104675 0.0195387 -0.000234307 0.00108981 -0.00556517 -0.0198901 0.00131521 0.00421312 0.00538232 0.00349793 0.0137212 -0.000589948 -0.0150558 -0.019729 -0.0329268 -0.0307429 0.0304236
internal_weight=89.0002 5.82556 83.1747 76.2527 29.613 9.68851 19.9245 18.889 46.6397 43.593 12.5944 30.9986 6.92203 6.44939 6.428 4.47668 3.04666
internal_count=1031 48 983 889 437 89 348 331 452 418 151 267 94 89 62 68 34
is_linear=0
shrinkage=0.03


Tree=153
num_leaves=20
num_cat=0
split_feature=3 6 7 2 3 3 17 15 3 13 15 11 14 15 3 17 3 9 15
split_gain=2.80971 2.05777 3.25467 3.37868 2.94297 2.47541 2.74649 4.95887 3.61386 4.84194 2.37337 2.64507 2.16118 1.63522 1.58953 1.41703 4.68805 3.3569 1.32874
threshold=117.48274728885967 66.713535820891295 21.525096525096526 67.796654333211748 88.328173374613016 89.647914274779964 3.7998890739485409 12.505582860573359 106.19485999232835 2.6082711010539704e-07 12.499627998333436 -0.53426779878677932 163.34082991824422 12.815948769352589 96.662958843159089 3.2109339378390911 96.662958843159089 776.07142857142856 12.397792023082472
decision_type=2 2 2 2 2 2 2 2 2 2 2 2 2 2 2 2 2 2 2
left_child=1 5 3 -3 -4 10 7 12 9 -8 18 -12 -7 -13 -9 17 -17 -6 -1
right_child=-2 2 4 -5 15 6 8 14 -10 -11 11 13 -14 -15 -16 16 -18 -19 -20
leaf_value=0.0037919797348940579 0.029609918360432516 -0.033517039316764738 -0.029685432468261188 0.0037601394925741386 0.01808481441723837 -0.033827735808215319 0.026759605028703726 -0.0035030166783600533 0.030221865221293512 -0.0130996663624279 -0.034949047944399805 -0.0042664805786603458 -0.0084882844386894463 0.03364377484984498 0.025269177488480232 0.031132788781809615 -0.0071392623802638937 -0.027321997969419816 0.024438077088599009
leaf_weight=4.4718742719851461 2.8894113367423406 6.2612501611001807 2.4201316582039025 3.10077915340662 2.501959644258025 5.5480175316333789 3.8562343344092396 2.9038780201226464 4.4933152794837943 8.8140943385660631 1.6771366861648855 2.7677941219881168 7.6574861612170935 1.4194188769906757 3.5978560019284487 5.4327940158545953 5.7467967513948679 3.161923261359334 9.9025757438503188
leaf_count=83 93 62 146 20 16 58 18 25 34 59 33 36 53 10 22 34 76 41 112
internal_value=0.00101949 0 -0.00652876 -0.0209442 0.000394141 0.00331203 -0.00124623 -0.00893553 0.00740945 -0.000618966 0.011729 -0.00389408 -0.0195338 0.00836991 0.0121058 0.00504284 0.0113044 -0.00677778 0.0182929
internal_weight=88.6247 85.7353 28.6256 9.36203 19.2636 57.1097 36.8709 19.7072 17.1636 12.6703 20.2388 5.86435 13.2055 4.18721 6.50173 16.8435 11.1796 5.66388 14.3745
internal_count=1031 938 395 82 313 543 269 158 111 77 274 79 111 46 47 167 110 57 195
is_linear=0
shrinkage=0.03


Tree=154
num_leaves=11
num_cat=0
split_feature=13 12 5 13 4 7 10 0 0 6
split_gain=2.19135 2.07821 2.57694 3.01975 2.74298 3.55377 2.07899 2.03377 1.46472 0.418141
threshold=2.6082711010539704e-07 0.00012708088798715005 18.317607526452786 5.0083035359381608e-07 21.364583199578842 3.8838612368024132 -0.18323479923329733 93.577102357229492 78.084112375027402 29.915545493585203
decision_type=2 2 2 2 2 2 2 2 2 2
left_child=7 9 -3 8 6 -6 -5 -1 -4 -2
right_child=1 2 3 4 5 -7 -8 -9 -10 -11
leaf_value=0.034491419900066676 -0.0076846862482584655 0.035814879634617033 0.0044892653231565971 0.022838247297531863 0.029405114710290108 -0.0041305318831678997 0.0025311462170468928 -0.00017276981925374533 -0.03498086749928369 -0.038027724962061693
leaf_weight=3.1662659947760394 1.0525674726814025 1.7273309864103783 0.94853115826845069 7.7348295366391566 2.8959243036806575 51.745576349087059 11.777905224356799 2.5355737768113613 3.102219894528389 1.3902622591704128
leaf_count=20 13 18 27 84 16 584 191 28 31 19
internal_value=0.000995213 -0.000223678 0.000588269 -0.000196221 0.00115743 -0.00224792 0.0108092 0.0188221 -0.0251302 -0.0269497
internal_weight=88.077 82.3751 79.9323 78.205 74.1542 54.6415 19.5127 5.70184 4.05075 2.44283
internal_count=1031 983 951 933 875 600 275 48 58 32
is_linear=0
shrinkage=0.03


Tree=155
num_leaves=20
num_cat=0
split_feature=17 9 17 10 13 7 16 17 1 11 11 1 9 7 1 11 7 11 4
split_gain=1.94231 2.97315 3.09657 3.16312 2.61591 2.20664 2.11726 1.9129 2.10069 1.48567 3.18861 2.11177 2.03236 1.85673 1.4608 1.61461 1.33379 1.31156 2.62065
threshold=3.6951366221689743 625.00000000000011 4.3408994879792742 -0.17040265638026791 3.1230925621731257e-07 17.902930402930405 0.4052418486726061 1.3298036539118665 4.1348685590113705 -0.83825491465011581 -0.71063477042408574 5.4772305909261556 751.78571428571433 32.882882882882889 5.5402617990413061 0.60033664167366185 26.568627450980397 -0.38581934380846378 30.357165900137431
decision_type=2 2 2 2 2 2 2 2 2 2 2 2 2 2 2 2 2 2 2
left_child=6 -2 17 14 -5 -6 7 8 -1 12 11 -11 -9 -14 -4 -16 -12 18 -3
right_child=1 2 3 4 5 -7 -8 9 -10 10 16 -13 13 -15 15 -17 -18 -19 -20
leaf_value=-0.026321795916498473 0.031241181239105985 -0.016436730478869146 0.029882419238586411 0.014617043832544111 -0.030976921791022325 -0.004670293360238764 0.033751229933182379 0.00092558556852034846 0.031811753313800678 -0.017271016589558038 -0.010776031619186326 0.031863000794683252 -0.040357343188350374 -0.0015905597328089076 0.013783146467529744 -0.024216545566553623 0.002835204149775894 0.024264985500183908 0.025909919566879564
leaf_weight=0.6013257610611612 3.2960914401337496 2.7222341550514102 2.4153656214475623 2.3893592208623913 6.282713904976843 5.8498919745907187 1.1425347235053767 2.9164005666971189 2.1931447680108249 0.88110334845259686 26.443277376238257 3.1542555219493806 3.8568737553432584 1.7886654725298283 2.8838635589927435 1.4121843613684175 8.1024762466549856 5.8099105525761825 2.3310133665800095
leaf_count=25 61 20 11 13 44 63 8 29 34 32 275 24 65 53 31 15 180 38 18
internal_value=-0.000853031 0.00449828 0.00157029 -0.00498961 -0.0129338 -0.01868 -0.00462104 -0.00562462 0.0177887 -0.00711069 -0.00447324 0.0202511 -0.0184602 -0.0288385 0.0116969 0.000342841 -0.00749805 0.0145946 0.00263893
internal_weight=86.4727 35.3926 32.0965 21.2334 14.522 12.1326 51.0801 49.9375 2.79447 47.1431 38.5811 4.03536 8.56194 5.64554 6.71141 4.29605 34.5458 10.8632 5.05325
internal_count=1039 314 253 177 120 107 725 717 59 658 511 56 147 118 57 46 455 76 38
is_linear=0
shrinkage=0.03


Tree=156
num_leaves=20
num_cat=0
split_feature=17 9 17 10 7 12 15 5 7 3 3 2 7 2 11 12 3 7 6
split_gain=1.8393 2.88738 2.93058 2.9873 2.43498 2.34611 2.2974 2.62454 2.25835 1.94675 1.89518 2.09741 2.03145 1.41689 1.23944 1.5721 1.15296 1.11193 3.03618
threshold=3.6951366221689743 625.00000000000011 4.3408994879792742 -0.17040265638026791 2.2991543340380556 0.00012708088798715005 12.821817474935232 32.941475665875892 17.902930402930405 109.51778720626633 112.75188099974058 67.796654333211748 25.760368663594473 91.503702297322974 -0.38581934380846378 0.00072119444540445006 87.774390510215696 7.7935222672064786 60.120491744979127
decision_type=2 2 2 2 2 2 2 2 2 2 2 2 2 2 2 2 2 2 2
left_child=5 -2 14 9 -5 13 7 17 -6 -4 12 -12 -9 -1 15 -3 -8 18 -7
right_child=1 2 3 4 8 6 16 10 -10 -11 11 -13 -14 -15 -16 -17 -18 -19 -20
leaf_value=-0.039454996432673188 0.031110678655668373 -0.010996453907739552 0.021265094814704753 0.01225408435238432 -0.031420056123540784 -0.010462559866070198 0.041007234294259169 -0.017773895086832966 -0.004522379220711953 -0.014086633616423804 -0.017343240564666143 0.037830435257699718 -0.0015317969900352976 0 0.023672026488233786 0.022103331279591555 0.0013175614627946863 0.017851227647902528 0.035713871174560381
leaf_weight=2.5425578895956273 3.2123061558231703 2.8996910601854324 4.9118752107024219 2.6809568852186194 5.9668132625520212 5.7351910271681827 1.4363976195454591 17.005666511598982 5.8630553400143981 1.7611149065196512 0.86650185007601921 1.4586508302018044 12.411070012021808 1.3614266421645878 5.7797479499131459 2.122625483199954 1.4539360366761682 5.0884225629270077 1.5415844619274137
leaf_count=39 61 18 44 15 42 69 14 178 63 13 13 23 308 17 38 20 16 42 6
internal_value=-0.000825173 0.00439761 0.00153274 -0.00484629 -0.0125598 -0.00449707 -0.0025426 -0.00431606 -0.0184903 0.011422 -0.00891896 0.0161648 -0.0110513 -0.0266253 0.0142475 0.00256553 0.0227569 0.00723583 0
internal_weight=86.0996 35.1982 31.9859 21.1838 14.5108 50.9014 46.9974 44.1071 11.8299 6.67299 31.7419 2.32515 29.4167 3.90398 10.8021 5.02232 2.89033 12.3652 7.27678
internal_count=1039 314 253 177 120 725 669 639 105 57 522 36 486 56 76 38 30 117 75
is_linear=0
shrinkage=0.03


Tree=157
num_leaves=20
num_cat=0
split_feature=11 4 3 16 16 10 10 11 16 3 15 4 10 11 3 16 16 3 4
split_gain=1.63178 3.70542 3.17677 2.64651 2.73113 2.40556 2.54401 2.28176 2.27667 2.14103 1.84481 1.83178 2.13309 1.66716 1.59904 1.47109 2.55769 1.41274 1.18774
threshold=-0.23250347005745417 12.909162000560569 90.614992179935982 0.07625680080088626 0.070250275659928613 0.39153601876993277 0.14758984860833477 -0.69853923799312534 0.093076634091220661 100.3585661920042 12.375143650803766 33.830471522140606 0.90255828967708529 -0.47091538107446163 85.627000290951415 0.068669563667295361 0.059205614062826907 92.613122501969272 23.206866446575845
decision_type=2 2 2 2 2 2 2 2 2 2 2 2 2 2 2 2 2 2 2
left_child=2 -2 15 4 9 6 8 -7 13 10 -3 12 14 -4 -5 16 -1 -8 -11
right_child=1 3 5 11 -6 7 17 -9 -10 18 -12 -13 -14 -15 -16 -17 -18 -19 -20
leaf_value=-0.017079466635117332 0.047781960622481606 -0.036911172050156302 0.0096810376668753379 0.001185024228202149 -0.03190401191574354 0.0066648636154275787 0.042129403033898387 -0.028404821185690595 -0.022319538219628478 -0.014238656745601777 -0.004069162437799494 -0.0064709932243799785 -0.0057317008647794461 -0.019010078223194404 0.036753245212783454 -0.030942982221700156 0.017799173972918081 0.010944468716205013 0.010880663161340618
leaf_weight=8.6091468548402172 1.5386381396092463 1.850065971724695 10.693236674182122 1.6952822054736296 2.6256911316886535 2.5063763558864594 1.9305715654045332 4.1456714952364555 3.4687511129304758 1.7788231726735819 8.9621044271625561 2.8047025436535469 1.9467238187789915 2.0464700926095274 5.0666340608149767 4.2841747314669183 2.2530826553702346 5.2344912122935057 12.307794033549724
leaf_count=188 17 27 99 33 32 22 10 34 34 16 122 37 12 15 31 112 30 44 124
internal_value=-0.000798642 0.0035211 -0.0047444 0.00158232 -0.00338692 0.000821091 0.00545134 -0.0148439 -0.000979106 -0.000144058 -0.0102504 0.0136473 0.020467 0.00472637 0.0284203 -0.015907 -0.00947477 0.0202242 0.00741918
internal_weight=85.7484 40.5765 45.172 39.0378 27.5245 30.0256 23.3735 6.65205 16.2085 24.8988 10.8122 11.5133 8.70864 12.7397 6.76192 15.1464 10.8622 7.16506 14.0866
internal_count=1039 451 588 434 321 258 202 56 148 289 149 113 76 114 64 330 218 54 140
is_linear=0
shrinkage=0.03


Tree=158
num_leaves=20
num_cat=0
split_feature=2 7 17 17 17 17 2 7 13 4 17 7 13 2 11 7 7 11 17
split_gain=1.74904 3.65944 6.28266 4.87618 3.49378 2.58278 2.3496 1.9361 4.09989 4.1962 4.14962 3.88153 2.50773 2.67277 3.27262 2.39309 2.07431 1.60907 1.59169
threshold=67.361711322385489 23.166368515205729 2.3170107674840108 2.4136184719242242 2.1969014606566168 1.4254810364331894 64.367853888142534 7.7935222672064786 8.0622340257558904e-07 23.206866446575845 4.0272800142523666 9.7167584579071615 1.405624010440718e-06 68.796114941911952 -0.62251666380301141 4.2109929078014199 25.677655677655682 -0.73665982848079448 3.1556723335469896
decision_type=2 2 2 2 2 2 2 2 2 2 2 2 2 2 2 2 2 2 2
left_child=1 2 4 -3 5 -1 18 8 9 10 -2 -9 13 -13 -15 -11 -14 -12 -5
right_child=7 3 -4 6 -6 -7 -8 11 -10 15 17 12 16 14 -16 -17 -18 -19 -20
leaf_value=0.02678078424668974 -0.023862455035114929 -0.017935476615772099 -0.030040536415701938 -0.0095828630878449922 0.046774438889749026 -0.022611887489446571 0.034086195320486283 0.045032068290362291 -0.030178277729413394 0.031187805669127402 -0.0069397035745225226 -0.029169317965823147 0.023685548832823269 0.026412329462232507 -0.014350234735678634 -0.0013879866043655829 -0.014192870452172877 0.024744028568170894 0.012064708722487662
leaf_weight=1.3269964251667254 6.7254449455067569 7.5322556807659593 10.491734176408498 4.2362666372209814 1.4955105530098078 2.659211331512779 3.1338655306026331 2.4264094568789032 3.9108790736645451 5.3423711620271188 2.3300873562693596 2.8598084598779696 7.0374354152008873 3.2486620470881462 3.5943813789635897 2.9517875928431749 1.4157822746783493 3.1416416391730309 9.5852135494351369
leaf_count=12 88 230 114 80 13 61 30 17 28 36 13 18 79 18 26 20 30 18 108
internal_value=-0.000780292 -0.00532752 -0.0164698 0.00185612 0.00903919 -0.00518204 0.0108779 0.00324587 -0.00236984 0.00291264 -0.0080933 0.0100281 0.0049647 -0.00519286 0.00467097 0.0193587 0.016899 0.010831 0.00519309
internal_weight=85.4457 40.4611 15.9735 24.4876 5.48172 3.98621 16.9553 44.9847 24.4022 20.4913 12.1972 20.5825 18.1561 9.70285 6.84304 8.29416 8.45322 5.47173 13.8215
internal_count=1039 648 200 448 86 73 218 391 203 175 119 188 171 62 44 56 109 31 188
is_linear=0
shrinkage=0.03


Tree=159
num_leaves=20
num_cat=0
split_feature=17 13 14 5 13 17 15 6 1 17 13 3 3 4 17 15 5 14 1
split_gain=1.64815 2.18594 2.66439 2.79443 2.93952 3.05805 1.99071 1.79984 2.83308 1.86153 1.63573 1.55364 1.29803 1.17035 1.11772 0.969623 0.883876 3.03258 0.549265
threshold=3.353300687040921 2.6082711010539704e-07 98.990161202564423 23.385017876315803 1.1035622759538596e-06 3.9590722699683805 12.821817474935232 76.645333744683199 6.8110956844138268 1.3298036539118665 1.0251799133475282e-05 94.488308533252379 87.774390510215696 28.546453694903526 3.174665148448963 12.378791015498365 32.747568039096372 251.81209140002161 4.9281554299788262
decision_type=2 2 2 2 2 2 2 2 2 2 2 2 2 2 2 2 2 2 2
left_child=6 -2 -3 -4 11 -6 7 8 9 18 14 -5 -8 -11 15 -9 -10 -18 -1
right_child=1 2 3 4 5 -7 12 10 16 13 -12 -13 -14 -15 -16 -17 17 -19 -20
leaf_value=0 0.025247608748056424 -0.032271298867081882 0.029038155129235469 -0.031267730642281014 0.021451709694695391 -0.0015672820766225979 0.037563070443057858 -0.0015284157534834557 0.025216857293401163 -0.0085915396316235196 0.020260961459218373 -0.0041950166845056772 -0.00020169653287660652 -0.033545844588735364 0.0021100641419623243 -0.040159489822588088 -0.017398386926634521 0.030232925961431276 0.029412884579682122
leaf_weight=0.97481883782893719 3.7106191720813504 1.9034158103168 3.3146239481866351 3.0509253991767782 7.6784368790686157 14.975914694368837 1.4667254881933325 0.90137892635539074 2.8711847737431517 24.13654228812084 0.58684670086950053 5.7517879232764244 1.3933859877288339 1.8570078779011954 0.7744728885591029 3.5671275164932013 2.5842079864814878 2.0514867538586259 1.2516777450218795
leaf_count=30 22 12 29 31 80 170 16 21 14 351 17 36 15 29 10 111 25 11 9
internal_value=-0.000760848 0.00357836 0.0012417 0.00324952 0.000353706 0.00616289 -0.00477281 -0.00650604 -0.00385133 -0.00827152 -0.0219297 -0.0141609 0.0187661 -0.010611 -0.0275044 -0.0332276 0.0122611 0.00324025 0.0170336
internal_weight=84.8026 40.3857 36.6751 34.7717 31.4571 22.6544 44.4169 41.5568 35.7269 28.22 5.82983 8.80271 2.86011 25.9936 5.24298 4.46851 7.50688 4.63569 2.2265
internal_count=1039 380 358 346 317 250 659 628 469 419 159 67 31 380 142 132 50 36 39
is_linear=0
shrinkage=0.03


Tree=160
num_leaves=14
num_cat=0
split_feature=8 14 3 17 3 2 4 13 4 7 17 15 5
split_gain=1.75824 1.85697 2.44946 2.26246 1.9834 1.97146 1.67685 2.17715 1.33505 2.06376 1.65167 1.28433 0.201005
threshold=571.08129615482574 263.37046501226342 87.227508389334119 6.8697821159044574 80.847043130280142 59.616779497098655 15.553697510219246 2.9208815876030048e-07 32.163331124940804 25.760368663594473 3.1923425157637051 12.372227306226094 15.913170005262879
decision_type=2 2 2 2 2 2 2 2 2 2 2 2 2
left_child=-1 3 -3 4 5 -2 12 -8 -4 -10 -11 -7 -6
right_child=1 2 8 -5 6 11 7 -9 9 10 -12 -13 -14
leaf_value=0.029314951327818917 -0.024438185966603503 -0.026443866541988537 0.029524369962283768 0.026070398741786998 -0.0078591040878953754 0.055157138449618011 0.021087642825155562 -0.0040149014914567568 -0.020724742452289394 -0.0082371853047611947 0.022139570432103677 0.013238470607326356 -0.032454433962779375
leaf_weight=1.9769579721614707 0.89508996065705915 1.3016935549676407 3.9404346793889991 2.5940144704654804 0.87836750224232618 0.78405613265931595 3.1755163855850688 53.344955556560308 1.6643823087215412 1.9309151628985981 6.250995134934783 4.8130453675985336 1.8847625516355035
leaf_count=52 89 117 28 23 17 10 20 456 17 23 81 78 26
internal_value=0.00198206 0.00126439 0.0107673 -0.000801634 -0.0019449 0.0135744 -0.00371494 -0.00251682 0.0146618 0.0081752 0.0145956 0.0205022 -0.0262312
internal_weight=85.4352 83.4582 15.0884 68.3698 65.7758 6.49219 59.2836 56.5205 13.7867 9.84629 8.18191 5.5971 2.76313
internal_count=1037 985 266 719 696 177 519 476 149 121 104 88 43
is_linear=0
shrinkage=0.03


Tree=161
num_leaves=13
num_cat=0
split_feature=1 15 8 3 8 13 17 5 10 1 4 5
split_gain=1.72847 2.20835 1.69476 2.52431 1.8147 1.91312 4.98728 3.15426 1.63451 0.931275 1.27272 0.348841
threshold=10.019420510268949 12.378061370569716 571.08129615482574 111.85106382978726 621.12841945288767 1.0052888293651137e-06 1.9590200070427655 34.355817555455737 0.072689103766732807 13.308660127962304 43.562532553362928 16.588045208185054
decision_type=2 2 2 2 2 2 2 2 2 2 2 2
left_child=2 -2 -1 4 11 6 -6 -7 -5 -3 -11 -4
right_child=1 9 3 8 5 7 -8 -9 -10 10 -12 -13
leaf_value=0.029052325014961258 -0.014664528707294655 0.032494509664427233 0.010226001010206981 -0.0022744227598615898 0.031752700134167935 0.038384880703485558 -0.011267591276297015 0.0021473904575469186 -0.036079131202602539 -0.029315910940192244 0.02501335463244422 0.034191524443673606
leaf_weight=1.7425370858982194 1.4422985622659314 4.0042730467393994 1.7484362944960588 2.8348984681069842 2.6084747216664281 2.2025769650936118 21.497888773214072 41.492164215072989 2.6476594135165215 0.53667455166578271 0.86240893136709929 1.5227151736617086
leaf_count=40 20 60 20 19 28 13 227 538 20 9 32 11
internal_value=0.00193105 0.0162919 0.000618016 -2.7124e-05 0.00145744 0.000343794 -0.00637662 0.00412604 -0.0194908 0.0252164 0.00160657 0.0229551
internal_weight=85.143 6.84566 78.2974 76.5548 71.0723 67.8011 24.1064 43.6947 5.48256 5.40336 1.39908 3.27115
internal_count=1037 121 916 876 837 806 255 551 39 101 41 31
is_linear=0
shrinkage=0.03


Tree=162
num_leaves=14
num_cat=0
split_feature=8 14 0 17 2 17 7 13 8 9 8 17 14
split_gain=1.6542 1.71489 2.18498 2.1528 1.69172 1.88134 3.54543 3.23543 1.0293 1.00406 2.07262 2.5656 0.917435
threshold=571.08129615482574 263.37046501226342 66.120581546908298 6.8697821159044574 59.616779497098655 2.4211725651372489 21.680376028202119 2.7653897366907556e-06 768.89097744360913 755.00000000000011 796.28435157846923 3.2562540388445957 284.08892759453431
decision_type=2 2 2 2 2 2 2 2 2 2 2 2 2
left_child=-1 3 -3 4 8 6 -6 -7 -2 12 -11 -12 -4
right_child=1 2 9 -5 5 7 -8 -9 -10 10 11 -13 -14
leaf_value=0.029059340161776429 0.017421436888841117 -0.026636196016041398 -0.02191056066565784 0.025682294864201434 0.017907079519192771 -0.0065356785987376754 -0.0088645452535520402 0.024119543714037087 -0.036042828647263811 0.0340441524709299 -0.018576098601392522 0.020586697068415354 0.011085838188494589
leaf_weight=1.8791196653619398 0.24474485777318422 1.1685474831610907 1.1070256233215325 2.5454640621319404 10.956544890999796 42.155400360003114 7.2058621831238261 3.2142839133739463 1.8409913587383924 4.3783760135993344 2.1864859233610332 4.1155592324212193 1.9073028713464735
leaf_count=52 2 105 13 23 95 331 98 48 122 40 37 46 25
internal_value=0.00188563 0.0012003 0.0104115 -0.000776592 -0.00188616 -0.000942943 0.00713089 -0.00424962 -0.0278867 0.0139603 0.0182528 0.0064527 -0.000383381
internal_weight=84.9057 83.0266 14.8633 68.1633 65.6178 63.5321 18.1624 45.3697 2.08574 13.6947 10.6804 6.30205 3.01433
internal_count=1037 985 266 719 696 572 193 379 124 161 123 83 38
is_linear=0
shrinkage=0.03


Tree=163
num_leaves=20
num_cat=0
split_feature=1 15 16 9 8 9 9 14 7 5 10 7 7 2 2 10 1 4 1
split_gain=1.61065 2.1015 1.61005 2.08769 2.63888 4.49459 3.72497 3.25058 3.07098 2.45583 2.52862 1.57235 2.77513 2.00452 1.76288 1.08238 0.91882 1.41784 0.856689
threshold=10.019420510268949 12.378061370569716 0.019481018821835002 832.14285714285722 743.90888278388286 737.50000000000011 751.78571428571433 264.80101305533077 12.973352033660591 32.941475665875892 -1.1719851298400554 26.928147659854982 14.119601328903657 66.298383841404174 67.906269115548113 -0.14604883212705333 13.308660127962304 42.94908162910685 8.3377923783526171
decision_type=2 2 2 2 2 2 2 2 2 2 2 2 2 2 2 2 2 2 2
left_child=2 -2 11 4 5 8 -6 -8 -4 -5 -11 12 14 -14 -1 -13 -3 -18 -17
right_child=1 16 3 9 6 -7 7 -9 -10 10 -12 15 13 -15 -16 18 17 -19 -20
leaf_value=-0.011967839755439833 -0.014359167660667135 0.032123361463225121 -0.0081339005426285145 0.020942167800427403 0.033159814372805824 -0.052955238728572399 -0.0029633584131765231 0.0245735034756937 0.016212854460919912 0.0086951563651613707 -0.032465390187928551 0.045620428411988281 0.0025671981610090378 -0.040249584291863504 0.023339344472153394 -0.007972192816402596 -0.03376972756986555 0.02499249552315996 0.031112259866833695
leaf_weight=1.4706743159331361 1.4271048652008165 3.8848462346941233 20.644666260108359 1.2454125280491988 4.1485892497003105 1.6129317730665196 19.023780145682398 4.7033779956400386 5.8721128832548848 1.5957724610343573 5.3499387158080935 1.5665516583248975 1.9427785878069701 1.6554506681859491 5.3219067333266139 0.96363349724560865 0.48659149929881074 0.87458464410156012 0.75795742124319077
leaf_count=24 20 60 170 30 22 12 151 32 60 27 246 22 25 14 48 28 7 34 5
internal_value=0.00184077 0.0158903 0.000579565 -0.00137464 0.000652858 -0.00576055 0.00722939 0.00244952 -0.00258897 -0.0154398 -0.0225938 0.00991197 0.0037494 -0.0168762 0.0151969 0.0278153 0.0247951 0.0010596 0.00835177
internal_weight=84.5487 6.67313 77.8755 64.1966 56.0055 28.1297 27.8757 23.7272 26.5168 8.19112 6.94571 13.679 10.3908 3.59823 6.79258 3.28814 5.24602 1.36118 1.72159
internal_count=1037 121 916 750 447 242 205 183 230 303 273 166 111 39 72 55 101 41 33
is_linear=0
shrinkage=0.03


Tree=164
num_leaves=14
num_cat=0
split_feature=8 12 8 12 4 14 9 4 8 15 14 12 7
split_gain=1.60938 1.57586 1.83138 1.65967 3.44805 1.79493 4.41879 2.14193 1.58665 0.74027 0.347892 0.272828 0.166186
threshold=571.08129615482574 0.0021948009931448006 576.27030812324949 0.0016900899775463502 37.946576387361667 253.81775680334897 816.07142857142878 26.198578371898094 886.93610986714441 12.716033816597159 310.17637486322798 0.0018496709898893503 56.711711711711715
decision_type=2 2 2 2 2 2 2 2 2 2 2 2 2
left_child=-1 2 -2 5 11 7 -7 -4 9 12 -10 -5 -3
right_child=1 8 3 4 -6 6 -8 -9 10 -11 -12 -13 -14
leaf_value=0.028943995822146313 -0.042698079411665632 0.03524453037434172 0.0033326933004998094 0.017716537016426278 -0.072437549262112169 0.022728580181807886 -0.019164563073631336 -0.0082825744007502047 0.0048661034652518632 0 -0.026356593592168635 -0.0069866331101666561 0.0080667624288499676
leaf_weight=1.8297879304736842 0.79061396140605111 2.7159565500915051 41.26862222678028 0.62600928125902899 0.7517833188176154 8.8211616771295649 2.878253918606787 21.661364833824337 0.27563521778210986 0.61802908219397057 0.65591641794890165 0.61883309949189425 0.62541112862527359
leaf_count=52 7 63 453 11 7 64 108 179 14 11 26 23 19
internal_value=0.00179787 0.00112358 3.13321e-05 0.000566382 -0.0256893 0.00134241 0.0120928 -0.000624642 0.0174642 0.0259296 -0.0146338 0.00359904 0.0314116
internal_weight=84.1374 82.3076 77.4166 76.626 1.99663 74.6294 11.6994 62.93 4.89095 3.9594 0.931552 1.24484 3.34137
internal_count=1037 985 852 845 41 804 172 632 133 93 40 34 82
is_linear=0
shrinkage=0.03


Tree=165
num_leaves=20
num_cat=0
split_feature=17 10 17 13 10 9 17 17 13 6 5 0 0 17 17 13 6 17 11
split_gain=2.14921 3.23666 3.16844 4.52298 2.18733 2.61265 3.85245 3.0411 2.98877 2.74096 2.56753 2.34031 1.74178 1.65127 1.90762 1.72192 1.63799 1.6888 1.49966
threshold=2.8806199897623208 -0.60647573781613728 1.8989994014163509 1.5600616820348554e-06 -0.42290719307622948 648.57142857142867 4.3408994879792742 3.7117665998028868 1.0346725997155201e-06 60.120491744979127 51.392364651714963 88.091228972086654 79.653462622573116 2.8152386946619981 2.1361903369577431 9.1122090893599501e-07 37.502880199437882 3.6951366221689743 1.9301860155089103
decision_type=2 2 2 2 2 2 2 2 2 2 2 2 2 2 2 2 2 2 2
left_child=1 -1 3 -3 18 16 7 9 11 -7 -10 -8 -5 14 -4 -16 17 -6 -2
right_child=4 2 13 12 5 6 8 -9 10 -11 -12 -13 -14 -15 15 -17 -18 -19 -20
leaf_value=-0.032578924874230294 0.02718297997510993 0.02763954741713805 -0.025913330046618784 -0.030470622842131125 -0.022544344270537083 -0.022591633615982567 -0.046421000695718487 0.018594629826637475 0.0095249681883977574 0.0066712573447325358 -0.020489877193399536 -0.0046187939106396899 0.027078494306659342 -0.031275840967777392 -0.015224886108184059 0.0061048992782876529 0.025984279806427795 0.019441682184929827 -0.00039344821102426172
leaf_weight=3.534444053657352 5.390962296165525 5.8418841552920657 3.2335588764399352 2.1689186117146169 1.5624625887721761 4.3849078658968228 3.3637179210782042 9.615991445258258 5.7305983826518041 7.7598122293129563 4.4112839568406343 2.1482138782739639 0.46116645634174336 2.516725715249776 4.9310157941654316 10.357165351044385 5.4611207358539104 1.6857662480324505 2.3066356498748064
leaf_count=70 69 56 79 95 15 44 28 64 47 78 47 12 2 22 72 126 94 16 19
internal_value=0.000180127 -0.00579564 -0.00238732 0.0128665 0.00390866 0.00135097 -0.00203372 0.00602811 -0.0133982 -0.00374746 -0.00330988 -0.0310362 -0.0186587 -0.00870359 -0.0053239 -0.000634039 0.0160898 0 0.0186357
internal_weight=86.8664 33.0449 29.5104 8.47197 53.8215 46.1239 37.4145 21.7607 15.6538 12.1447 10.1419 5.51193 2.63009 21.0385 18.5217 15.2882 8.70935 3.24823 7.6976
internal_count=1055 522 452 153 533 445 320 186 134 122 94 40 97 299 277 198 125 31 88
is_linear=0
shrinkage=0.03


Tree=166
num_leaves=11
num_cat=0
split_feature=1 3 0 14 17 7 17 11 3 9
split_gain=3.02488 1.9259 3.53102 1.86275 6.50579 4.16455 3.42426 2.90408 2.38776 0.872467
threshold=3.3840154458862992 115.86228939317841 102.1748998134382 193.02099307838333 2.0055066848455874 14.434523809523812 2.312722006374393 -0.43432762137822806 107.27986846912681 774.64285714285722
decision_type=2 2 2 2 2 2 2 2 2 2
left_child=-1 2 3 4 -2 7 -7 -5 -6 -3
right_child=1 9 -4 5 8 6 -8 -9 -10 -11
leaf_value=-0.028984020740266452 0.042187172652614027 0.030023549835406775 -0.042934120271671372 0.0098450873131606647 -0.0024037322492152908 -0.014686388870644168 0.0063669356344904539 -0.031595258975052859 0.021213107712797944 -0.0069201008886987719
leaf_weight=2.9805700338911256 4.0079879295080927 2.8048720038495953 1.5611538179218758 1.8160887211561201 22.446570864412937 8.8565963725559396 30.570478739216924 6.2755989041179401 4.5232493318617335 0.52238104119896878
leaf_count=105 24 86 10 9 184 203 345 45 32 12
internal_value=0.000169367 0.00128085 0.00029971 0.00125125 0.00698833 -0.00243261 0.00153659 -0.0219216 0.00151008 0.0233154
internal_weight=86.3655 83.385 80.0577 78.4966 30.9778 47.5188 39.4271 8.09169 26.9698 3.32725
internal_count=1055 950 852 842 240 602 548 54 216 98
is_linear=0
shrinkage=0.03


Tree=167
num_leaves=11
num_cat=0
split_feature=1 3 0 5 15 15 7 10 5 5
split_gain=2.91361 1.8542 3.34426 1.86979 1.53058 3.12594 1.77573 1.06016 1.05351 0.0453353
threshold=3.3840154458862992 115.86228939317841 102.1748998134382 16.806986891509272 12.536939207015489 12.72855847272055 1.9615384615384619 -0.29298247071635547 14.003957901701146 7.800617850785307
decision_type=2 2 2 2 2 2 2 2 2 2
left_child=9 2 3 8 6 -6 -5 -3 -2 -1
right_child=1 7 -4 4 5 -7 -8 -9 -10 -11
leaf_value=-0.0027765941938588173 0.003859900978598296 -0.014676954038397083 -0.041842660292364775 -0.02585598852130927 -0.033031896834995071 0.0011435883776496063 0.0027557483978824081 0.029926909394529206 0.035242738365584995 -0.030682459232654627
leaf_weight=0.32381400838494245 2.2069068215787402 0.41277612373232875 1.5564980208873738 1.9017584994435299 3.5396122462116164 6.6404831823892891 61.913709323620424 2.8421227619983247 2.0841059684753418 2.590391862904653
leaf_count=7 17 5 10 16 44 68 683 93 14 98
internal_value=0.000162414 0.00124655 0.000290054 0.00121832 4.88798e-05 -0.0106531 0.00181704 0.0231073 0.020241 -0.028772
internal_weight=86.0122 83.098 79.8431 78.2866 73.9956 10.1801 63.8155 3.2549 4.29101 2.91421
internal_count=1055 950 852 842 811 112 699 98 31 105
is_linear=0
shrinkage=0.03


Tree=168
num_leaves=20
num_cat=0
split_feature=1 4 16 16 10 10 4 4 10 11 5 4 15 15 7 16 1 1 5
split_gain=2.81397 1.65315 1.99094 3.19138 3.08296 2.22464 1.88438 2.70487 2.89863 2.72662 3.5946 2.04534 1.94484 2.31618 1.24563 0.959512 0.685786 0.58528 0.0449098
threshold=3.3840154458862992 17.938244081017864 0.070453921597580918 0.059205614062826907 0.51991790447563224 -0.45953379519759974 23.807107816314247 21.364583199578842 0.70187232274798894 0.071389396628216861 41.469667949678239 24.36351092253997 12.361303245248665 12.363486513907228 12.632978723404257 0.093076634091220661 8.0555600082142806 4.2590788431356685 7.800617850785307
decision_type=2 2 2 2 2 2 2 2 2 2 2 2 2 2 2 2 2 2 2
left_child=18 2 3 4 5 -2 7 9 14 10 -3 -8 16 -14 -9 -4 -13 -11 -1
right_child=1 6 15 -5 -6 -7 11 8 -10 17 -12 12 13 -15 -16 -17 -18 -19 -20
leaf_value=-0.0027147230697834785 0.020737661980462826 0.021058486948568014 -0.028176495906410057 0.048447430985388583 0.039837371895639316 -0.025691348231758386 0.02510974911826731 -0.045452031792763005 0.0075736633287563663 -0.0044891102539294245 -0.022060585672378282 0.0029577136888098627 -0.0418196792938752 0.00023072677240610227 -0.017067392898943611 0.0038370805409916179 0.030219361754732013 -0.036338118990961184 -0.03055407551067673
leaf_weight=0.32354160770773832 1.3342030490748586 6.5665268898010272 1.1296672485768797 2.408679383341223 1.6317568058148024 2.3799680462107045 3.3079620050266376 2.892605643719433 2.3157752826809883 1.1673861658200615 2.206145559437573 1.6476614829152811 1.1091810120269645 42.631404147017747 3.9450047353748232 2.2489852509461343 2.4879163829609752 1.5161486072465775 2.5246520179789513
leaf_count=7 14 46 27 20 11 46 25 25 22 13 56 14 8 485 62 28 26 22 98
internal_value=0.000153133 0.00121038 0.0119219 0.0203137 0.00642993 -0.00812017 -0.00042323 -0.00809608 -0.020183 0.00139274 0.00975039 0.00261756 0.000951847 -0.000860123 -0.0299898 -0.00650668 0.0203926 -0.02422 -0.0286086
internal_weight=85.7752 82.927 11.1333 7.75461 5.34593 3.71417 71.7937 20.6096 9.15339 11.4562 8.77267 51.1841 47.8762 43.7406 6.83761 3.37865 4.13558 2.68353 2.84819
internal_count=1055 950 146 91 71 60 804 246 109 137 102 558 533 493 87 55 40 35 105
is_linear=0
shrinkage=0.03


Tree=169
num_leaves=19
num_cat=0
split_feature=1 4 17 17 0 10 10 17 16 16 10 10 7 11 16 10 0 5
split_gain=2.71828 1.5734 2.13957 2.86416 2.49279 1.94831 2.62514 3.05724 1.89572 2.98975 2.93774 2.12337 1.70162 1.64543 0.925107 0.110012 0.0595301 0.0444637
threshold=3.3840154458862992 17.938244081017864 2.8806199897623208 2.8152386946619981 72.558204929911923 -0.42290719307622948 -0.27903383917116437 4.3408994879792742 0.070453921597580918 0.059205614062826907 0.51991790447563224 -0.45953379519759974 22.086720867208676 1.9301860155089103 0.093076634091220661 -1.8009141984454857 73.098213680944212 7.800617850785307
decision_type=2 2 2 2 2 2 2 2 2 2 2 2 2 2 2 2 2 2
left_child=17 8 3 4 15 13 -7 -8 9 10 11 -2 -6 16 -10 -3 -4 -1
right_child=1 2 5 -5 12 6 7 -9 14 -11 -12 -13 -14 -15 -16 -17 -18 -19
leaf_value=-0.0026541947811369202 0.020277390880032397 0 0.016289100181635353 -0.038294358697714893 0.0067882204379814803 -0.031853777254461597 0.0095848516181966832 -0.0071880141344572756 -0.027868933120394016 0.047110705409073174 0.0390967442969107 -0.025248020226601664 -0.012827033596458641 -0.00033090173325210474 0.0037250669754333599 -0.029810898746159727 0.034896245692023702 -0.030426116691520459
leaf_weight=0.32327683269977514 1.325949667952955 0.30569779500365823 1.2677135011181229 2.4106874652206889 12.0638679061085 1.9994379179552186 23.254755285568535 16.572884145658463 1.1092838007025423 2.4055967736057937 1.6149384677410124 2.3512998260557634 5.8061318751424542 2.2944897022098303 2.2501040981151164 2.9291024350095549 2.6799555774778128 2.4606004199013114
leaf_count=7 14 7 30 23 76 18 212 173 27 20 11 46 56 19 28 160 30 98
internal_value=0.000145463 0.00117804 -0.000414209 -0.00784743 -0.00406397 0.00316859 0.000742525 0.00252975 0.0116666 0.0198919 0.00631888 -0.00793591 0.000212179 0.0186839 -0.00634423 -0.0278843 0.0302122 -0.0284452
internal_weight=85.4258 82.6419 71.5847 23.5155 21.1048 48.0692 41.8271 39.8276 11.0572 7.69778 5.29219 3.67725 17.87 6.24216 3.35939 3.2348 3.94767 2.78388
internal_count=1055 950 804 322 299 482 403 385 146 91 71 60 132 79 55 167 60 105
is_linear=0
shrinkage=0.03


Tree=170
num_leaves=14
num_cat=0
split_feature=11 2 7 17 17 13 13 1 1 14 16 16 17
split_gain=4.62132 3.20893 2.52257 2.47759 3.34171 2.89583 1.73488 1.59519 1.9645 2.13555 1.654 1.62405 0.650248
threshold=3.2840069489742656 65.471590826249894 16.472868217054266 6.8135639096515392 4.9480617416527499 1.7602457818890473e-06 2.4995749860761409e-06 9.7671777745874895 8.5232251100819436 173.49248026995028 0.017915882463203355 0.077945035403206311 1.7212539860803548
decision_type=2 2 2 2 2 2 2 2 2 2 2 2 2
left_child=1 2 12 4 5 -4 -2 8 9 11 -11 -3 -1
right_child=6 7 3 -5 -6 -7 -8 -9 -10 10 -12 -13 -14
leaf_value=0.0006668536274636093 -0.037375147645260176 0.0061979974255371084 0.0099062173583124163 -0.050252875413222278 0.032390251216568286 -0.012665720532997218 0.0007887430922640309 0.031033237403581718 -0.016087313087311039 -0.0071084891379509752 0.016749102652756434 -0.011675732242909274 -0.032398159281305905
leaf_weight=0.42492309957742991 3.5205423776060334 16.126982462592427 8.4553832407109528 0.79476910177618165 2.5470791058614841 12.389301557326688 1.3026713314466176 2.4664548109285525 3.1094899810850611 2.7206000126898315 22.054270497523248 6.2318629324436179 3.2265894126612693
leaf_count=4 34 143 100 10 30 316 23 49 25 22 150 57 87
internal_value=0.00150198 0.00325599 -0.00490675 -0.00122124 0.000523802 -0.00336288 -0.0266517 0.00762499 0.00635692 0.00793204 0.0139906 0.00105284 -0.0278355
internal_weight=85.3709 80.5477 27.838 24.1865 23.3918 20.8447 4.82321 52.7097 50.2432 47.1337 24.7749 22.3588 3.65151
internal_count=1050 993 547 456 446 416 57 446 397 372 172 200 91
is_linear=0
shrinkage=0.03


Tree=171
num_leaves=20
num_cat=0
split_feature=11 2 10 15 11 17 15 17 11 11 12 16 16 12 13 11 3 11 13
split_gain=4.38031 3.03224 2.63956 3.88222 2.62417 2.51591 2.29464 2.23051 2.17959 3.85285 2.13299 1.97382 3.40036 1.93976 1.66711 1.53334 1.65106 1.41123 1.37181
threshold=3.2840069489742656 65.471590826249894 -0.14604883212705333 12.477347683392553 1.0000000180025095e-35 2.9515056648872813 12.403650227881956 1.3715453404262175 -0.72471648052172577 -0.30360062695456158 0.0021948009931448006 0.082630190477628263 0.059454595540923055 0.00032399662146710006 2.4995749860761409e-06 -0.013202786860797048 105.39539804284581 0.71396616770661325 1.7602457818890473e-06
decision_type=2 2 2 2 2 2 2 2 2 2 2 2 2 2 2 2 2 2 2
left_child=1 2 3 18 7 -6 15 -4 11 -10 -9 12 -8 -13 -2 -3 -17 -11 -1
right_child=14 6 4 -5 5 -7 8 10 9 17 -12 13 -14 -15 -16 16 -18 -19 -20
leaf_value=0.035646494883169969 -0.036658800081431159 0.022780858192511685 0.019113532523333917 -0.020112991210568969 -0.016249570892358244 0.030516979867795543 -0.0037104410945532442 -0.0253273986556465 -0.017858751455833623 0.012490227254694909 0.0081520752332562424 -0.025141080755741379 0.036320378264133715 0.019656503852014735 0.0007668853515481977 -0.014729540110670026 0.017083616108767932 -0.0074299526751893316 0.0058638980603890915
leaf_weight=3.1269574854522961 3.4841661266982547 11.430932778865101 1.2425782112404729 2.7623009891249239 1.6751658511348062 2.254654229618609 2.784344260580836 11.825052928179501 8.7915991470217705 11.21570546645671 1.8016585689038027 1.8612159630283716 5.1181235946714878 1.4178083054721353 1.3024606942199168 2.4269013106822959 3.3009947249665856 4.1847215127199897 3.0275289914570749
leaf_count=38 34 78 34 78 40 18 31 216 80 85 38 20 36 13 23 20 38 45 85
internal_value=0.00145947 0.0031683 -0.00478344 0.00840652 -0.0112098 0.00992879 0.00742173 -0.017026 0.00293338 -0.00202916 -0.0206552 0.013859 0.021971 -0.00487486 -0.0260539 0.0164302 0.00306821 0.00687081 0.0218034
internal_weight=85.0349 80.2482 27.7159 8.91679 18.7991 3.92982 52.5323 14.8693 35.3735 24.192 13.6267 11.1815 7.90247 3.27902 4.78663 17.1588 5.7279 15.4004 6.15449
internal_count=1050 993 547 201 346 58 446 288 310 210 254 100 67 33 57 136 58 130 123
is_linear=0
shrinkage=0.03


Tree=172
num_leaves=20
num_cat=0
split_feature=11 2 7 13 12 2 0 15 16 11 11 16 7 7 16 7 3 14 13
split_gain=4.15423 2.86118 2.42122 2.19989 3.87104 2.95827 2.6017 2.17925 2.14361 2.40294 3.24658 2.53052 2.07394 2.04818 2.30163 2.58493 2.2083 1.80705 1.60214
threshold=3.2840069489742656 65.471590826249894 16.472868217054266 1.7602457818890473e-06 0.00051212471817395008 63.878363936655987 74.762110204117604 12.403650227881956 0.016994541994323906 -0.72471648052172577 -0.3248769825258041 0.082630190477628263 18.677325581395355 7.7935222672064786 0.023465128209159306 16.84397163120568 105.13157894736842 213.13874878196279 2.4995749860761409e-06
decision_type=2 2 2 2 2 2 2 2 2 2 2 2 2 2 2 2 2 2 2
left_child=1 2 -1 4 12 6 -5 13 -9 11 -11 -10 -4 16 15 -15 -3 -6 -2
right_child=18 7 3 5 17 -7 -8 8 9 10 -12 -13 -14 14 -16 -17 -18 -19 -20
leaf_value=-0.027441318802803764 -0.035957888006333864 -0.012780321481099546 0.019764197415696884 -0.014060973643144384 0.052727177453459652 -0.041652905429143773 0.012705337157290433 -0.029862067239054716 0.026196032788726335 -0.016407338462627541 0.0071852492505778522 -0.0047464075598322459 -0.031883562759413786 0.027515032224194019 0.040441264416851141 -0.011171087334105705 0.021756913338654052 0.013453741154811152 0.00074562905922291578
leaf_weight=3.5531160940881845 3.4480199404060832 3.6082021165639189 0.85692673595622393 7.6364312584046257 1.5135992793366311 1.9614678155630816 5.4939665263518691 1.5939227752387513 7.2719125365838391 7.8468391569331279 15.293633650522681 3.2511650435626507 2.1680952478200197 3.5384849021211249 4.5126399546861649 2.5043533844873309 2.8873965386301279 4.3911950122565031 1.3022560765966771
leaf_count=91 34 30 11 271 10 27 54 16 62 71 128 33 43 29 31 22 24 40 23
internal_value=0.00142514 0.00309179 -0.00465113 -0.00105601 0.010532 -0.00813426 -0.00262339 0.00723185 0.00285217 0.00457385 -0.00072199 0.0163991 -0.0161285 0.0160436 0.0241717 0.011073 0.00221428 0.0247309 -0.0254694
internal_weight=84.6336 79.8833 27.5748 24.0217 8.92982 15.0919 13.1304 52.3086 35.2575 33.6636 23.1405 10.5231 3.02502 17.0511 10.5555 6.04284 6.4956 5.90479 4.75028
internal_count=1050 993 547 456 104 352 325 446 310 294 199 95 54 136 82 51 54 50 57
is_linear=0
shrinkage=0.03


Tree=173
num_leaves=20
num_cat=0
split_feature=13 8 13 2 8 17 7 10 16 6 12 10 15 16 7 13 12 8 8
split_gain=1.78824 3.44008 3.13882 2.79757 2.67487 2.65929 2.5782 2.53696 2.94371 2.12694 2.5567 2.02938 1.6706 3.32197 2.62463 2.87895 2.26532 1.75964 1.64121
threshold=1.7756563524216916e-06 710.06719761075169 1.4769372258710349e-06 62.546572280178843 725.51785714285722 2.8806199897623208 5.195681511470986 -0.1367395479093951 0.068669563667295361 116.00001104639695 0.0017902930012949501 0.11160993258327241 12.403650227881956 0.055720132686425457 7.7935222672064786 3.7068029929872846e-07 0.00043664473363180003 680.4646791397098 779.48435277382657
decision_type=2 2 2 2 2 2 2 2 2 2 2 2 2 2 2 2 2 2 2
left_child=2 6 3 -1 -3 18 -2 -4 -9 10 -7 -11 14 17 15 -5 -15 -14 -6
right_child=1 4 7 12 5 9 -8 8 -10 11 -12 -13 13 16 -16 -17 -18 -19 -20
leaf_value=-0.029883585872606734 -0.03833948604202491 -0.050745810353449869 0.036140090694483533 0.023091028280713858 0.0022105035981538875 -0.0020437863251131991 0.024167333541310326 0.019683363545007906 -0.023406302828103288 0.00011353899963434208 0.031356199348383615 -0.051825146171525706 9.3950518912372998e-05 0.0082688999668727985 0.023444360899530517 -0.018184818021742623 -0.018272633993495449 -0.028619400301407069 -0.031636971901894739
leaf_weight=2.3982275840826324 0.55517111718654888 1.3243683837354208 4.440878133289516 2.3054090738296491 1.5085214395076061 8.0932453502900881 4.6363949221558869 4.4541264325380308 1.9402318759821353 1.2348069800063961 2.6040152153000227 1.1468653753399847 2.7662297412753132 20.360877604223791 7.3976290263235569 3.970545238815248 3.2228818945586672 4.9521786039695144 4.8606930947862566
leaf_count=97 3 12 31 18 8 70 90 37 21 37 44 8 28 161 51 36 25 48 225
internal_value=0.00138884 -0.005093 0.00433527 0.000922452 -0.0106404 -0.00751021 0.0163179 0.0188376 0.0059877 4.36279e-05 0.00602397 -0.0247686 0.00269432 -0.0010461 0.0114203 -0.00242768 0.00445331 -0.0180754 -0.0232464
internal_weight=84.1733 25.9641 58.2092 47.374 20.7725 19.4481 5.19157 10.8352 6.39436 13.0789 10.6973 2.38167 44.9758 31.3022 13.6736 6.27595 23.5838 7.71841 6.36921
internal_count=1050 497 553 464 404 392 93 89 58 159 114 45 367 262 105 54 186 76 233
is_linear=0
shrinkage=0.03


Tree=174
num_leaves=20
num_cat=0
split_feature=11 2 10 15 10 15 6 5 7 16 11 11 16 5 7 16 7 3 10
split_gain=3.89811 2.60537 2.4224 3.53372 2.3722 1.99573 1.98559 2.09925 1.97187 1.9681 2.26312 3.01132 2.43358 1.95572 1.86909 2.25563 2.46938 2.09075 1.48011
threshold=3.2840069489742656 65.471590826249894 -0.14604883212705333 12.477347683392553 0.024086834703555403 12.403650227881956 116.00001104639695 79.299991857658554 17.57352941176471 0.016994541994323906 -0.72471648052172577 -0.3248769825258041 0.082630190477628263 48.852707835102137 7.7935222672064786 0.023465128209159306 16.84397163120568 105.13157894736842 1.8327001458846046
decision_type=2 2 2 2 2 2 2 2 2 2 2 2 2 2 2 2 2 2 2
left_child=1 2 3 8 -4 14 7 -6 -1 -7 12 -12 -11 -10 17 16 -16 -3 -2
right_child=18 5 4 -5 6 9 -8 -9 13 10 11 -13 -14 -15 15 -17 -18 -19 -20
leaf_value=-0.024084197602751808 -0.036720911075837782 -0.012438964989154089 -0.035133884800874302 -0.019441573701843913 -0.0067618044114725944 -0.028478696008009778 -0.037476526912273891 0.025935616773141719 0.05418366770179732 0.02566695874682997 -0.015873775040200617 0.0068928076984751856 -0.004710022042311311 0.013582921846889369 0.026666260032845737 0.039640168498470102 -0.011378531956807858 0.021288760629244147 0
leaf_weight=0.63225142564624714 3.0848962990567079 3.5823300462216165 2.9465635328087982 2.681496178265661 11.976796656148506 1.6058524679392565 1.4961234126240004 1.9558945561293501 1.6421769061125813 7.1732168896123749 7.814667464233934 15.229521442204716 3.2578059080988169 3.8311873881611973 3.4546018401160818 4.3984888568520546 2.4941309546120465 2.8634885493665934 1.5965581694617865
leaf_count=23 32 30 74 78 195 16 25 52 10 62 71 128 33 90 29 31 22 24 25
internal_value=0.00134887 0.00297052 -0.00447914 0.00822339 -0.0107275 0.00693017 -0.00567701 -0.00180579 0.0209744 0.00273765 0.00440485 -0.000733325 0.0159401 0.0270563 0.0154428 0.0233164 0.0102948 0.00218225 -0.0248914
internal_weight=83.718 79.0366 27.1625 8.78711 18.3754 51.8741 15.4288 13.9327 6.10562 35.0811 33.4752 23.0442 10.431 5.47336 16.793 10.3472 5.94873 6.44582 4.68145
internal_count=1050 993 547 201 346 446 272 247 123 310 294 199 95 100 136 82 51 54 57
is_linear=0
shrinkage=0.03


Tree=175
num_leaves=14
num_cat=0
split_feature=2 13 4 13 13 5 13 11 17 11 3 14 4
split_gain=1.69132 2.71935 1.93606 2.46904 1.28656 3.0317 2.84612 2.68118 2.57141 1.9904 1.76133 0.855063 0.0554411
threshold=54.123801220575423 5.7162776198724939e-06 42.109216182044591 2.8937399569150599e-06 1.4769372258710349e-06 36.414472404790679 1.7756563524216916e-06 0.64300198999057356 1.9590200070427655 -0.35979845878549294 84.93436388173231 323.497535454049 34.287781205400918
decision_type=2 2 2 2 2 2 2 2 2 2 2 2 2
left_child=-1 2 4 -4 5 8 10 -8 -2 -7 -6 12 -3
right_child=1 11 3 -5 6 9 7 -9 -10 -11 -12 -13 -14
leaf_value=-0.029137600229650736 0.028300956236062325 0.0099561260450217858 0 -0.05009899576686571 -0.0095071315133182441 -0.0045534987110238618 -0.0090561840305514625 0.01867144388100813 -0.00028264954958377307 -0.031377079423906537 0.02503577905986969 -0.0056826450381614515 0.032719362550465203
leaf_weight=1.6038146275095631 2.9725503982044748 0.64046559110283796 2.1143008191138501 1.4615607503801582 1.399784329347314 6.3788673435337842 11.359888176899402 4.2023298041895023 33.921052326215431 4.400199194904415 7.8719425573945045 0.53375424444675434 2.942310681566596
leaf_count=126 31 10 24 12 24 62 164 42 313 40 53 7 100
internal_value=0.000380822 0.00104404 -0.000216294 -0.0214878 0.000819601 -0.00201715 0.00637176 -0.00130583 0.00200954 -0.0159669 0.0194548 0.024502 0.0298456
internal_weight=81.8028 80.199 76.0825 3.57586 72.5066 47.6727 24.8339 15.5622 36.8936 10.7791 9.27173 4.11653 3.58278
internal_count=1008 882 765 36 729 446 283 206 344 102 77 117 110
is_linear=0
shrinkage=0.03


Tree=176
num_leaves=14
num_cat=0
split_feature=2 13 4 13 13 14 11 13 10 11 7 14 4
split_gain=1.63367 2.61659 1.82722 2.32284 1.21504 2.85752 3.50624 2.70825 2.55998 2.33313 1.08929 0.83913 0.166639
threshold=54.123801220575423 5.7162776198724939e-06 42.109216182044591 2.8937399569150599e-06 1.4769372258710349e-06 190.83791579313353 -0.3093629468715004 1.7602457818890473e-06 0.21878587454720691 0.64300198999057356 24.190177638453502 323.497535454049 34.03819406972616
decision_type=2 2 2 2 2 2 2 2 2 2 2 2 2
left_child=-1 2 4 -4 5 8 -7 10 -2 -9 -6 12 -3
right_child=1 11 3 -5 7 6 -8 9 -10 -11 -12 -13 -14
leaf_value=-0.028990912198066269 -0.006386052378428651 0.0039849775574401034 0 -0.048569591665145365 0.02927127846476554 0 -0.031445226343830311 -0.0077915021730754937 0.0099562682470906473 0.017873866203962571 0.0063382051144606731 -0.0055256306054488795 0.032603494925315196
leaf_weight=1.5646699424833048 15.488374229986219 0.489993361756205 2.1143008191138501 1.4654441522434352 4.8096912335604447 7.5450540585443377 5.6559285866096598 11.980447890236976 18.943440855946392 4.2148021757602683 3.7514302060008049 0.53527183644473542 3.0138351027853787
leaf_count=126 177 8 24 12 34 59 44 168 166 43 38 7 102
internal_value=0.0003653 0.00101232 -0.000213851 -0.0208674 0.000793487 -0.00196096 -0.0138077 0.00620048 0.00252096 -0.000859308 0.0197577 0.0242475 0.0296554
internal_weight=81.5727 80.008 75.9689 3.57974 72.3892 47.6328 13.201 24.7564 34.4318 16.1953 8.56112 4.0391 3.50383
internal_count=1008 882 765 36 729 446 103 283 343 211 72 117 110
is_linear=0
shrinkage=0.03


Tree=177
num_leaves=14
num_cat=0
split_feature=2 13 4 13 16 10 13 14 7 2 14 17 4
split_gain=1.57829 2.51708 1.72511 1.93306 1.20372 2.72775 1.67821 3.09228 2.28031 0.934193 0.823755 0.524307 0.165907
threshold=54.123801220575423 5.7162776198724939e-06 42.109216182044591 2.4770281922059912e-06 0.22712598204937709 0.16659506857015313 1.4769372258710349e-06 200.86017965532798 43.050193050193052 67.361711322385489 323.497535454049 3.753527839127464 34.03819406972616
decision_type=2 2 2 2 2 2 2 2 2 2 2 2 2
left_child=-1 2 4 -4 6 9 7 -2 -8 -6 12 -7 -3
right_child=1 10 3 -5 5 11 8 -9 -10 -11 -12 -13 -14
leaf_value=-0.028843962148039446 -6.4755399554187749e-05 0.0038910173808861495 0.00049722904619686412 -0.04138438436568341 -0.024497841340370852 0.03330878070360558 0.0090774424368252477 -0.020712070653921978 -0.024399287656425059 0.0057584038607396536 -0.0053732395451085548 0.010530410427572834 0.032478508120835081
leaf_weight=1.5265484179835755 33.614076525438577 0.48919801041483868 1.784289296716451 1.7989215692505238 1.6917587909847482 3.04809695109725 20.255185860209171 8.0919172875583154 1.8771347440779198 1.5748129487037656 0.53675232827663411 2.1310790702700615 2.9362282766960561
leaf_count=126 336 8 20 16 26 27 216 61 38 12 7 13 102
internal_value=0.000352332 0.000983563 -0.000208875 -0.0202673 0.000770627 0.0113628 -0.000599365 -0.00418253 0.00600623 -0.00928243 0.0239978 0.0248814 0.029473
internal_weight=81.356 79.8295 75.8673 3.58321 72.2841 8.44575 63.8383 41.706 22.1323 3.26657 3.96218 5.17918 3.42543
internal_count=1008 882 765 36 729 78 651 397 254 38 117 40 110
is_linear=0
shrinkage=0.03


Tree=178
num_leaves=10
num_cat=0
split_feature=2 13 12 13 11 7 11 14 4
split_gain=1.52484 2.42099 2.19218 2.08697 1.68637 2.01852 1.26706 0.854408 0.165076
threshold=54.123801220575423 5.7162776198724939e-06 0.0013828065479886502 3.457173443159008e-06 2.9156621944001206 2.4099883855981421 0.12536716402384743 324.76392892045232 34.03819406972616
decision_type=2 2 2 2 2 2 2 2 2
left_child=-1 2 3 4 6 -6 -2 8 -3
right_child=1 7 -4 -5 5 -7 -8 -9 -10
leaf_value=-0.028696714227461236 -0.001397190164080924 0.0037991591466023486 -0.029671228227950056 0.030504285698705398 0.015940838902818312 -0.029785193532796201 0.0079991687839361496 -0.0070264618454219099 0.032335860701396012
leaf_weight=1.4894248077180225 50.299043060746044 0.48842504620552052 2.11040159408003 1.9486124170944084 1.0046928524970997 3.2749571306630969 17.148317829705775 0.50772321224212635 2.891215146984905
leaf_count=126 522 8 22 21 9 37 154 6 103
internal_value=0.000339945 0.000955659 -0.000203631 0.000638864 -0.000172064 -0.0182467 0.000955702 0.0237472 0.0293016
internal_weight=81.1628 79.6734 75.786 73.6756 71.727 4.27965 67.4474 3.88736 3.37964
internal_count=1008 882 765 743 722 46 676 117 111
is_linear=0
shrinkage=0.03


Tree=179
num_leaves=9
num_cat=0
split_feature=9 0 13 6 10 15 9 10
split_gain=1.3369 1.36158 1.0914 2.32571 1.58285 3.02523 2.63919 1.03998
threshold=549.28571428571433 104.02426433801409 8.5806203385474208e-06 116.00001104639695 0.21878587454720691 12.795450712666181 613.21428571428589 0.11160993258327241
decision_type=2 2 2 2 2 2 2 2
left_child=-1 2 3 4 6 -6 -2 -5
right_child=1 -3 -4 7 5 -7 -8 -9
leaf_value=0.028086656848685308 -0.046816428079564876 -0.029286018671808974 0.02473480562899788 -0.0011141282771773727 0.0029289498444014296 0.038598250236572179 -0.0018868792980587829 -0.046852802105025272
leaf_weight=1.4335552663542319 1.1248665517196048 1.3218896202743042 1.5159225538372982 0.88163785403594319 32.886535741854459 2.219727247953414 38.352891442365944 1.2628496917895971
leaf_count=45 16 16 74 21 327 17 478 14
internal_value=0.00032931 -0.000167768 0.000322627 -0.000152203 0.000713051 0.00537272 -0.00335794 -0.0302728
internal_weight=80.9999 79.5663 78.2444 76.7285 74.584 35.1063 39.4778 2.14449
internal_count=1008 963 947 873 838 344 494 35
is_linear=0
shrinkage=0.03


Tree=180
num_leaves=14
num_cat=0
split_feature=16 2 3 2 3 3 4 4 15 17 7 17 15
split_gain=2.33055 1.53346 1.7441 1.64436 1.63402 3.29071 2.15943 2.95752 1.89181 1.40812 1.12427 1.0278 0.43689
threshold=0.013241861680725752 89.07751268487533 116.18279487611152 54.123801220575423 80.847043130280142 78.285249729008612 22.649306112288325 21.587020928170876 12.501116182161811 2.9515056648872813 8.9898989898989914 2.5980496513623446 12.384631273116161
decision_type=2 2 2 2 2 2 2 2 2 2 2 2 2
left_child=11 3 -3 -2 5 9 7 -6 -8 -5 -7 -1 -13
right_child=1 2 -4 4 6 10 8 -9 -10 -11 -12 12 -14
leaf_value=0.00045960083329263293 -0.028886894344336063 -0.034182349084829353 0.0094723618790674806 -0.027634171355288378 -0.0027373138139584032 0.059403424679153327 0 -0.035893773207385175 0.014089273970091288 0.020321796293693045 0.019980000154717664 0.010509563626291556 0.036250967420350048
leaf_weight=2.0301244012080124 1.5019822141621251 2.2730682883411641 1.0664899433031676 1.5326442595105612 14.412902330048384 1.0925804711878302 30.493942370638251 2.8826765809208146 11.787164616864173 0.67674854211509217 2.7750201509334147 1.4093897901475432 2.5160547746345401
leaf_count=29 126 27 22 87 137 6 323 31 129 9 48 16 24
internal_value=0.0015725 0 -0.0194989 0.00103734 0.00181045 0.0165055 0.000236091 -0.00861057 0.00393749 -0.0114021 0.0330896 0.0194328 0.0282447
internal_weight=76.4508 70.4952 3.33956 67.1557 65.6537 6.07699 59.5767 17.2956 42.2811 2.20939 3.8676 5.95557 3.92544
internal_count=1014 945 49 896 770 150 620 168 452 96 54 69 40
is_linear=0
shrinkage=0.03


Tree=181
num_leaves=19
num_cat=0
split_feature=16 14 2 9 8 7 13 17 13 13 13 17 14 7 1 13 17 15
split_gain=2.21992 1.65417 2.88287 2.65478 3.40522 3.15642 3.4641 2.39936 2.16543 2.70892 2.76687 1.9487 1.94688 2.6982 1.46307 1.33758 0.983904 0.419336
threshold=0.013241861680725752 175.68682271623069 71.733613371838644 815.357142857143 850.59543817527015 2.7402402402402406 5.0083035359381608e-07 4.2204367101364282 9.762288679027428e-07 1.1035622759538596e-06 1.2396689070171034e-06 2.3382169528094012 217.12591032797465 11.528239202657808 6.4710652570349101 5.6764304525982159e-07 2.5980496513623446 12.384631273116161
decision_type=2 2 2 2 2 2 2 2 2 2 2 2 2 2 2 2 2 2
left_child=16 3 8 5 -5 6 7 -2 14 -10 -11 -7 -4 -14 -3 -13 -1 -18
right_child=1 2 12 4 -6 11 -8 -9 9 10 -12 15 13 -15 -16 -17 17 -19
leaf_value=0.00044641410984926419 -0.022460219662305339 -0.0011203263273939028 0.031395933173633345 0.04083608060810625 -0.025298231194101069 0.0066627526158490836 0.03421479569273693 0.0084138928788732997 0.026822844139343126 -0.030192152016359067 0.0021070323271739936 -0.0058935848394801454 -0.04558156078646642 0.025841872719862446 -0.042235298469215324 -0.037499327936115164 0.010251424752698751 0.035624987370336092
leaf_weight=2.0303413840010753 4.7739021880552226 1.7247103229165071 4.7726853690110138 2.0217177141457792 0.90659226430580009 1.3806602545082549 2.0608995575457802 3.9788310686126351 3.5697476379573336 2.4775308561511329 31.920295721851289 1.890094321221113 0.739065336063504 0.97267613932490349 1.6159467622637746 5.5429207868874073 1.4041320690885188 2.4856779938563704
leaf_count=29 68 19 42 22 53 11 13 29 24 23 521 22 5 30 13 50 16 24
internal_value=0.001532 0 0.00319503 -0.00664325 0.0192113 -0.0107305 0 -0.00815003 0.000182618 0.00231377 -0.000213156 -0.0239485 0.0216354 -0.00415399 -0.0225299 -0.0300457 0.019017 0.0277041
internal_weight=76.2684 70.3483 47.7927 22.5556 2.92831 19.6273 10.8136 8.75273 41.3082 37.9676 34.3978 8.81368 6.48443 1.71174 3.34066 7.43302 5.92015 3.88981
internal_count=1014 945 677 268 75 193 110 97 600 568 544 83 77 35 32 72 69 40
is_linear=0
shrinkage=0.03


Tree=182
num_leaves=18
num_cat=0
split_feature=11 11 3 3 3 12 17 11 2 5 11 14 0 17 3 5 9
split_gain=1.39525 2.12093 1.8911 5.19381 3.56914 1.86501 1.61839 1.60295 1.49865 1.4355 1.21484 1.14953 1.45778 1.14198 1.09586 0.694226 0.428059
threshold=1.0486000632960588 0.42974916616251663 111.55398160167056 114.59775762719435 105.13157894736842 0.00053076675814680012 6.4468647391560072 -0.98118120717503621 73.362501372972574 21.951092851415229 3.2840069489742656 212.70728870575962 80.301521124004083 2.3845546160782591 113.66732586244784 61.85528223897726 631.07142857142878
decision_type=2 2 2 2 2 2 2 2 2 2 2 2 2 2 2 2 2
left_child=1 2 4 -4 6 9 7 -1 13 -2 11 -7 15 -3 -12 -13 -6
right_child=5 8 3 -5 16 10 -8 -9 -10 -11 14 12 -14 -15 -16 -17 -18
leaf_value=0.013152606337306912 0 9.8868283066603065e-05 -0.055774992772337877 0.025673202727440034 0.012080627617857897 0.048625108390322434 -0.027662065303519279 -0.0015718954229181968 -0.002820114657015556 -0.0342523598484148 -0.030105018039712685 -0.029366177728618804 0.028410191753911448 0.035641946574257448 0.0061172922089368208 0.00281842977947145 0.030914716478473749
leaf_weight=7.8897997103631416 1.9297016654163579 1.2520348597317923 1.6185895353555673 1.0580096147023139 2.797494599595665 0.5912018604576591 1.7583760516718019 38.832422093022622 1.8062910931184886 3.0399584979750216 1.434152150526643 0.87564987409859973 1.3312979852780698 3.7206084076315165 1.2034118059091268 1.1722567230463026 3.6042141998186707
leaf_count=102 18 20 12 45 27 3 19 528 22 34 24 14 29 36 22 27 32
internal_value=0.00149554 0.00325597 0.00131595 -0.0227345 0.00258266 -0.00797453 -0.000154743 0.000873282 0.0190337 -0.0217212 0.00208641 0.0128262 0.00448324 0.0274625 -0.0128627 -0.010273 0.0234582
internal_weight=75.9155 64.3378 57.5589 2.6766 54.8823 11.5776 48.4806 46.7222 6.77893 4.96966 6.60797 3.97041 3.3792 4.97264 2.63756 2.04791 6.40171
internal_count=1014 843 765 57 708 171 649 630 78 52 119 73 70 56 46 41 59
is_linear=0
shrinkage=0.03


Tree=183
num_leaves=20
num_cat=0
split_feature=17 12 12 2 14 8 17 8 2 4 11 13 17 14 11 11 11 11 15
split_gain=1.34797 3.67083 2.74482 1.87506 5.80721 2.87697 2.3973 1.72443 1.52611 2.87355 2.69093 2.37493 2.2991 2.22899 1.32407 1.7561 0.914346 0.682251 0.500689
threshold=3.7117665998028868 0.00012946019929460003 0.00014133601018875003 71.733613371838644 208.45374681185345 700.23809523809541 3.8267838040600495 636.88152504294976 68.459703173903122 23.807107816314247 -0.45782953914798352 1.7602457818890473e-06 2.0898392213753794 241.19076436976943 0.21227029170281783 -0.68843238904368531 -0.55049246106477356 -0.83825491465011581 12.430816597150301
decision_type=2 2 2 2 2 2 2 2 2 2 2 2 2 2 2 2 2 2 2
left_child=1 -1 -3 4 16 7 -6 17 11 -10 -11 13 -13 -4 15 -8 -2 -5 -9
right_child=3 2 8 5 6 -7 14 18 9 10 -12 12 -14 -15 -16 -17 -18 -19 -20
leaf_value=-0.033253144830098509 -0.012433144054025508 0.044863836418751003 0.0047770130673659627 -0.0025669823105467734 0.035634225104518559 0.036740978850849329 0.012716316905522891 0.0028376244652187424 -0.027007930416792642 0.035201571815177572 -0.0078968766540394707 -0.031492447092625893 -1.8170153040543672e-05 0.033601356548694408 0.022757811162714556 -0.015145260543984903 -0.041538956306638369 0.02994116899345085 -0.015122413751121966
leaf_weight=2.9981727569829664 2.5022838152945042 1.121966924984007 15.364907560171565 0.52894198521971736 2.6730731651186934 3.8541117385029793 3.6538491351529974 2.5801693350076675 4.9815590465441328 1.630307115614414 5.0537768620997667 2.6557526630349448 9.4336800440214557 2.8739739879965773 2.422162851318717 4.274766949936744 2.2988844253122869 2.3453653748147172 2.4312248714268208
leaf_count=57 22 8 192 5 16 26 52 15 59 9 58 137 175 17 34 44 19 50 19
internal_value=0.00145836 -0.00169616 0.000500684 0.00646891 0.000150161 0.0157272 0.0107204 0.0047497 -0.000717077 -0.00994689 0.00253694 0.00275556 -0.00738005 0.00964103 0.00372002 -0.00193332 -0.0275448 0.0230651 -0.00541397
internal_weight=75.6789 46.1141 43.1159 29.5648 17.825 11.7398 13.0239 7.8857 41.994 11.6656 6.68408 30.3283 12.0894 18.2389 10.3508 7.92862 4.80117 2.87431 5.01139
internal_count=1014 712 655 302 187 115 146 89 647 126 67 521 312 209 130 96 41 55 34
is_linear=0
shrinkage=0.03


Tree=184
num_leaves=20
num_cat=0
split_feature=16 14 17 7 7 7 17 1 14 14 10 4 15 15 6 6 7 5 17
split_gain=2.06061 1.47022 2.49723 5.32812 3.69024 2.38039 2.01164 2.41074 2.53604 4.0237 1.87925 1.54267 1.50328 1.46255 1.86505 2.76058 1.79074 1.13279 0.910014
threshold=0.013241861680725752 175.68682271623069 2.312722006374393 2.7402402402402406 5.798319327731094 2.4695121951219519 2.2479022495391128 4.3590486364044692 199.48420282074736 235.26307619485837 0.50940801664902036 18.058876087386118 12.454777340529846 12.52796421696317 63.406391656215483 68.363014134993833 22.540322580645164 23.190027082095646 2.5980496513623446
decision_type=2 2 2 2 2 2 2 2 2 2 2 2 2 2 2 2 2 2 2
left_child=18 2 4 5 -2 12 13 -8 10 -10 -9 -6 -4 14 -3 -16 -15 -5 -1
right_child=1 6 3 17 11 -7 7 8 9 -11 -12 -13 -14 16 15 -17 -18 -19 -20
leaf_value=0.00043514278365065279 -0.028620553806581146 -0.031451487905970778 -0.018470336247921312 0 0.045821414241000037 0.033635027669399457 0.031030892260442328 0.028153141407751183 -0.016751988163671992 0.0073622964657786769 -0.004542068177248791 0.0011950347846275079 0.0073601623016314056 0.043118092303106946 0.023809302353743757 -0.032251106482861981 -0.010151197898987644 -0.033599623437718544 0.026881206207707651
leaf_weight=2.0129966223612419 1.2209869681391889 3.5348607662599516 3.4534127246588486 0.99039140716194918 2.0026215943507855 1.7891029939055441 3.0989685116801402 5.4329552166163912 9.1605976251885313 18.867140945745632 1.9748386852443216 1.264406921342015 4.4527631234377623 0.83085353672504458 1.7888049366883936 1.2592373010702429 1.2356850029900668 7.055558180436492 3.8111023548990488
leaf_count=29 32 70 35 13 30 11 25 35 103 285 19 12 43 3 23 82 32 92 40
internal_value=0.00142506 0 -0.00636858 -0.0115112 0.0131142 0.0032073 0.00297165 0.00595636 0.00359793 -0.000444106 0.019093 0.0299895 -0.00363765 -0.00989889 -0.0169369 0 0.0108827 -0.0294367 0.0184086
internal_weight=75.2373 69.4132 22.2292 17.7412 4.48802 9.69528 47.1839 38.5345 35.4355 28.0277 7.40779 3.26703 7.90618 8.64944 6.5829 3.04804 2.06654 8.04595 5.8241
internal_count=1014 945 268 194 74 89 677 467 442 388 54 42 78 210 175 105 35 105 69
is_linear=0
shrinkage=0.03


Tree=185
num_leaves=20
num_cat=0
split_feature=16 11 16 16 12 12 14 17 10 9 11 17 6 12 6 16 14 16 3
split_gain=1.88763 2.83073 2.56559 2.59607 2.17049 3.22889 2.12385 3.71012 3.09314 2.82261 2.97216 1.79194 1.55838 1.30583 1.03157 0.978476 1.62331 0.964909 0.842088
threshold=0.22712598204937709 -0.69853923799312534 0.07990810703782962 0.073188042953675772 0.00057465627211675013 0.0010310431868587003 150.50208088574104 4.2597745348051506 0.55690443817465829 641.07142857142878 1.7543504242175971 2.4801615628267126 54.231858372753656 0.00030097757452685005 39.333277591121423 0.083252258583052463 242.19032632590134 0.089999939027359616 100.84048146098506
decision_type=2 2 2 2 2 2 2 2 2 2 2 2 2 2 2 2 2 2 2
left_child=2 13 3 6 -5 -6 7 8 -1 -8 -11 -3 17 -2 -9 -14 -17 -4 -18
right_child=1 11 12 4 5 -7 9 14 -10 10 -12 -13 15 -15 -16 16 18 -19 -20
leaf_value=-0.04136260526230278 -0.037694549438154458 -3.6766167840911322e-05 0.014378868729113347 0.03236226936949909 -0.041394162986204214 0.029160344108671507 0.025788887423851214 0.023590133368295706 -0.0020637657497300779 0.00066668055680985713 -0.02634691463786663 0.03207657722273171 -0.056954967615474451 0.002275719351164295 -0.0055563794946640365 -0.039712717893417203 -0.0156629920747061 -0.015434097183133129 0.025189881829957888
leaf_weight=4.6582491877488774 1.0938154626637699 2.0678295921534282 1.4331469256430849 3.5634984720963976 1.0403894174378367 1.0727530701551584 3.4737209179438642 2.0366516327485447 3.1890444613527507 35.26228439155966 3.968967640772461 4.5942880683578551 1.0309613021090624 1.5634754667989907 1.9185286276042459 1.7511797337792816 1.0147972251288591 2.417624925263226 0.66337806219235051
leaf_count=83 15 28 14 27 15 15 67 16 29 459 53 47 14 21 15 23 29 34 16
internal_value=-0.00124521 0.0112833 -0.00300753 -0.000785096 0.0182721 -0.00452189 -0.00285456 -0.0140654 -0.0259964 0.000199343 -0.00205001 0.0218122 -0.0185438 -0.0138595 0.00892394 -0.0305156 -0.0203287 -0.00349611 0
internal_weight=77.8146 9.31941 68.4952 60.1841 5.67664 2.11314 54.5074 11.8025 7.84729 42.705 39.2313 6.66212 8.31109 2.65729 3.95518 4.46032 3.42936 3.85077 1.67818
internal_count=1020 111 909 779 57 30 722 143 112 579 512 75 130 36 31 82 68 48 45
is_linear=0
shrinkage=0.03


Tree=186
num_leaves=20
num_cat=0
split_feature=16 16 1 10 4 10 15 10 1 17 6 4 8 8 14 2 16 2 2
split_gain=1.78847 2.4462 2.50928 2.8279 4.35476 2.9866 2.37413 1.66763 1.66242 1.56573 1.5064 1.32484 1.2039 1.18797 0.946344 1.44281 0.913448 0.356428 0.288181
threshold=0.22712598204937709 0.07990810703782962 3.5192028853389545 -0.098580027655005883 32.163331124940804 -0.014546377104367547 12.493678804522942 0.25846074590621843 9.9572382115969642 1.6825211807242519 54.231858372753656 18.233944486449499 772.18045112781977 663.83658008658028 257.447203376343 59.701522694943755 0.089999939027359616 65.779210266825629 64.965236074092886
decision_type=2 2 2 2 2 2 2 2 2 2 2 2 2 2 2 2 2 2 2
left_child=1 2 -1 4 9 -5 -7 11 -6 -4 16 -2 -13 -9 18 -16 -3 -15 -12
right_child=7 10 3 5 8 6 -8 13 -10 -11 14 12 -14 17 15 -17 -18 -19 -20
leaf_value=-0.030538681361692261 -0.031891121672624624 0.013982104468451053 -0.014305405135894789 -0.038821767588417162 -0.018503935989959377 -0.0056416636737752898 0.015069156848012581 0 0.019196883946866881 0.022167589482431273 -0.019046331076154471 0.020985211053434139 -0.010866405361421864 0.017319462536773775 -0.037641965843100228 0.02047516700825382 -0.015036344196884306 0.044384013396096884 -0.047634151557385811
leaf_weight=2.3466866698581716 0.90177021129056623 1.4324488528072818 0.98595863766967795 2.0394185278564612 5.0329048521816722 29.928529951488613 5.8298008863348505 1.1369164646603165 1.1651710821315644 12.584809131221844 1.1340590019244703 2.2655039299279456 1.7316225618124006 1.5077807339839639 0.60831970744766273 0.69570978358387947 2.4098951555788517 1.6987186577171085 1.9674905678257344
leaf_count=93 19 14 29 29 55 357 61 13 30 125 25 18 29 22 19 19 34 10 19
internal_value=-0.00121962 -0.00293774 -0.000764221 0.000448356 0.00966161 -0.00430394 -0.00214884 0.0110261 -0.010748 0.019213 -0.0181687 -0.000442123 0.0065259 0.024355 -0.0300422 -0.00524936 -0.00337687 0.0334735 -0.0390397
internal_weight=77.4035 68.1612 59.9133 57.5666 19.7688 37.7977 35.7583 9.24231 6.19808 13.5708 8.24792 4.8989 3.99713 4.34342 4.40558 1.30403 3.84234 3.2065 3.10155
internal_count=1020 909 779 686 239 447 418 111 85 154 130 66 47 45 82 38 48 32 44
is_linear=0
shrinkage=0.03


Tree=187
num_leaves=20
num_cat=0
split_feature=16 11 16 16 1 17 9 5 4 1 0 6 4 16 3 16 2 17 4
split_gain=1.69358 2.64758 2.33004 2.44257 2.00177 1.71804 1.56632 3.31739 1.48921 2.18632 2.0531 1.45256 1.10663 0.902103 1.68504 0.866741 0.278015 0.194833 0.174433
threshold=0.22712598204937709 -0.69853923799312534 0.07990810703782962 0.073188042953675772 3.5192028853389545 2.4801615628267126 776.07142857142856 36.685216382073513 19.847996580597933 5.5589837315853794 69.135803117341155 54.231858372753656 24.60604829203049 0.081816438207470907 100.84048146098506 0.089240788528696713 65.36968939404953 3.0304520902166208 19.307000812906612
decision_type=2 2 2 2 2 2 2 2 2 2 2 2 2 2 2 2 2 2 2
left_child=2 12 3 4 -1 -3 7 -5 10 -10 -6 15 -2 -13 16 -4 -15 -17 -7
right_child=1 5 11 6 8 18 -8 -9 9 -11 -12 13 -14 14 -16 17 -18 -19 -20
leaf_value=-0.030322285643163398 -0.032669710774609846 -0.00030667093911034357 0.015350341648564584 0.033536000187092532 0.03534342040317949 0.015086463775390808 0.03861116985340262 -0.022174286915490032 -0.019827910795425924 -0.0010017321429624608 0.0016294791493393526 -0.059388869641567116 0.0036324143359348737 -0.016578559712918817 0.013405778038221162 -0.020723170269205924 -0.043428965828483164 -0.0008435456703598204 0.036138997200906957
leaf_weight=2.1833917531184843 1.2925060903653505 2.0633607616182399 1.2572311949916168 1.7863821983337396 1.9590723267756391 1.288686705753207 2.0097409407608211 1.82613880187273 6.6161709635052821 34.556299125775695 8.8578064050525409 0.78659757273271669 1.3361708875745533 1.384154629660771 0.81923306547105301 1.4754571830853822 1.3672389984130857 1.1015918934717772 3.2193304924294353
leaf_count=86 22 28 12 16 53 13 22 19 92 401 90 9 14 45 18 23 10 13 34
internal_value=-0.0011937 0.0107492 -0.00286731 -0.000746972 -0.00275922 0.0210218 0.017827 0.0047275 -0.00148807 -0.00414039 0.00827812 -0.0177875 -0.0136608 -0.0295378 -0.0207057 -0.0032606 -0.0320285 -0.013695 0.0312298
internal_weight=77.1866 9.20005 67.9865 59.795 54.1727 6.57138 5.62226 3.61252 51.9893 41.1725 10.8169 8.1915 2.62868 4.35722 3.57063 3.83428 2.75139 2.57705 4.50802
internal_count=1020 111 909 779 722 75 57 35 636 493 143 130 36 82 73 48 55 36 47
is_linear=0
shrinkage=0.03


Tree=188
num_leaves=20
num_cat=0
split_feature=16 11 16 16 14 17 10 16 9 14 17 6 14 6 17 14 2 10 17
split_gain=1.60808 2.51932 2.22571 2.31543 1.98247 3.53615 3.03308 2.72495 2.79939 1.84654 1.65996 1.3891 1.22028 0.965342 0.935995 0.883413 1.35832 0.877869 0.944457
threshold=0.22712598204937709 -0.69853923799312534 0.07990810703782962 0.073188042953675772 150.50208088574104 4.2597745348051506 0.55690443817465829 0.070250275659928613 641.07142857142878 221.10014179920304 2.4801615628267126 54.231858372753656 183.24031154085222 39.333277591121423 3.5530351487631724 257.447203376343 59.701522694943755 0.38721405557350824 3.1923425157637051
decision_type=2 2 2 2 2 2 2 2 2 2 2 2 2 2 2 2 2 2 2
left_child=2 12 3 4 5 6 -1 8 -6 -5 -3 17 -2 -7 -9 -13 -17 18 -4
right_child=1 10 11 9 7 13 -8 14 -10 -11 -12 15 -14 -15 -16 16 -18 -19 -20
leaf_value=-0.041061158550613354 -0.036829670674699458 -0.00029791553738784733 -0.0309992899571815 0.031478448198253704 0.029013600761393619 0.023122582983252149 -0.001853682229868028 -0.046796974755182921 -1.9031660015406703e-05 -0.0021507661908916668 0.030743186195551955 -0.037749717902198977 0.002155986251618162 -0.005088489563784649 -0.0061760579958340563 -0.036575924978128178 0.0202825078707339 0.014616945369199923 0.0033092899367526784
leaf_weight=4.5019821245223266 1.0599213466048243 2.0632241989951563 1.3121270043775428 3.3072771958541116 3.1333497934974721 2.0124398749321704 3.179000910371542 1.2913579880259924 36.889072838006541 2.2870995602570474 4.4494601632468402 3.0415896696504205 1.5491440054029224 1.9240227444097397 1.1687656156718729 0.59570253384299554 0.68448173627257347 1.3460529102012513 1.1605470180511472
leaf_count=83 15 28 24 29 61 16 29 17 485 28 47 44 21 15 16 19 19 16 8
internal_value=-0.00116476 0.0105247 -0.00279398 -0.000722703 -0.00268146 -0.0136118 -0.0254519 0.000262075 0.00224581 0.0174069 0.0205999 -0.0174256 -0.0133492 0.00880619 -0.0296655 -0.0289768 -0.00473466 -0.00318127 -0.0142278
internal_weight=76.9566 9.12175 67.8349 59.6944 54.1 11.6174 7.68098 42.4825 40.0224 5.59438 6.51268 8.1405 2.60907 3.93646 2.46012 4.32177 1.28018 3.81873 2.47267
internal_count=1020 111 909 779 722 143 112 579 546 57 75 130 36 31 33 82 38 48 32
is_linear=0
shrinkage=0.03


Tree=189
num_leaves=19
num_cat=0
split_feature=16 1 16 10 4 10 15 10 6 17 13 4 6 16 10 16 12 16
split_gain=1.52367 2.20516 2.27527 2.62695 4.04555 2.77992 2.19709 1.54871 1.49008 1.45303 1.42011 1.0478 1.25224 1.2599 0.889082 0.758609 0.505253 0.349861
threshold=0.22712598204937709 3.5192028853389545 0.07990810703782962 -0.098580027655005883 32.163331124940804 -0.014546377104367547 12.493678804522942 0.16659506857015313 54.231858372753656 1.6825211807242519 2.9991978714781878e-06 18.233944486449499 49.649980750514466 0.38663706557206329 -0.40833989887275124 0.089999939027359616 0.00047276614538910007 0.083252258583052463
decision_type=2 2 2 2 2 2 2 2 2 2 2 2 2 2 2 2 2 2
left_child=1 -1 3 4 9 -5 -7 11 15 -3 -6 -2 -13 -14 -10 -4 -9 -16
right_child=7 2 8 5 10 6 -8 16 14 -11 -12 12 13 -15 17 -17 -18 -19
leaf_value=-0.030208258648399548 -0.031187374232477149 -0.013781596335488406 0.014464736324263551 -0.037517927526338611 -0.023202660202448096 -0.0054419541338118502 0.014565530150811069 0.027910799996726531 0 0.021428299201003292 0.0046647998963009439 0.033267911162009556 0.013657634181377786 -0.029010202710167118 -0.054130330609217556 -0.012892562129929343 0.0051205079153038213 -0.024849461007919856
leaf_weight=2.4427430846262714 0.85115322540514027 0.97751235961914318 1.3830797579139464 2.0332762186881146 3.4081231472082427 29.774543673731387 5.7744966414757064 3.3999831322580576 0.86241511767730106 12.512133495649321 2.7707981183193624 0.87526032328605685 1.0980583666823807 1.1088795773684976 0.95169390179216895 2.1810279283672571 1.7151807486079631 2.4491226819809526
leaf_count=105 18 29 11 29 30 357 61 24 16 125 55 4 18 19 11 27 28 53
internal_value=-0.00114322 -0.00273148 -0.00160934 0.000424646 0.00932797 -0.00416765 -0.00207609 0.010281 -0.0166825 0.0185735 -0.0103531 -0.00320485 0.00431704 -0.00680868 -0.0284861 -0.00135256 0.0210889 -0.0352126
internal_weight=76.5695 67.521 65.0782 57.2509 19.6686 37.5823 35.549 9.04852 7.82734 13.4896 6.17892 3.93335 3.0822 2.20694 4.26323 3.56411 5.11516 3.40082
internal_count=1020 909 804 686 239 447 418 111 118 154 85 59 41 37 80 38 52 64
is_linear=0
shrinkage=0.03


Tree=190
num_leaves=20
num_cat=0
split_feature=11 13 2 14 13 5 11 10 12 7 2 16 2 14 16 17 0 17 9
split_gain=1.89104 2.92604 1.80193 1.93475 3.53015 3.94387 3.85779 1.8866 1.62498 1.65008 1.5664 1.29596 1.97406 2.31676 1.43491 1.58145 1.33484 1.2654 1.01032
threshold=1.1139857990578539 4.7238274522898077e-06 66.508355232803083 263.37046501226342 1.7214633054709371e-06 46.629921333049232 -0.055215666156084496 -0.80068530725340203 0.0010542455757130502 30.429292929292938 87.683054393305454 0.034226137968377007 67.578482998586466 121.74960558057809 0.075727760499163174 4.9125068365419748 83.89564245434309 3.2109339378390911 774.64285714285722
decision_type=2 2 2 2 2 2 2 2 2 2 2 2 2 2 2 2 2 2 2
left_child=2 -2 3 4 5 6 -1 -6 -5 -10 11 12 -4 -14 16 -16 -13 -11 -9
right_child=1 -3 10 8 7 -7 -8 18 9 17 -12 14 13 -15 15 -17 -18 -19 -20
leaf_value=-0.023440907331937891 -0.017293201709623097 0.027289922895187013 -0.023715183230237941 0.022644175876544728 0.016911594725364989 0.025043431501447607 0.016677891616707873 -0.080338912299591461 -0.038446458305706969 -0.01634858729007976 -0.013940546057463333 0.028835238606690482 -0.018418369222014577 0.014558039462689239 0.010254651589562165 -0.019073075773674484 0.0084359916802831461 0.013662179185351907 -0.030096972307208508
leaf_weight=6.8574863122776151 8.9223154475912434 1.4163711965084065 2.2344826944172373 3.8536220770329219 0.48505976237356652 3.6611770566087207 2.9562142866198027 0.49912902805954162 0.84263590909540642 1.6670485278591511 2.7191017717123023 7.0079827103763837 2.3493528356775633 8.0621090452186746 8.2993262847885472 1.9163600243628014 5.9331509177573025 4.0247842501848936 3.3298080828972161
leaf_count=121 113 46 20 34 7 40 28 7 7 97 41 44 25 72 62 19 49 68 111
internal_value=0.00111871 -0.0106951 0.0030081 -0.00267502 -0.0087424 -0.00087852 -0.0110068 -0.0320494 0.0074132 -0.00132282 0.00723887 0.00896528 0.000968821 0.00672706 0.0131802 0.00433068 0.0198492 0.00422402 -0.039288
internal_weight=77.0375 10.3387 66.6988 28.177 17.7889 13.4749 9.8137 4.314 10.3881 6.53447 38.5219 35.8028 12.6459 10.4115 23.1568 10.2157 12.9411 5.69183 3.82894
internal_count=1011 159 852 520 314 189 149 125 206 172 332 291 117 97 174 81 93 165 118
is_linear=0
shrinkage=0.03


Tree=191
num_leaves=20
num_cat=0
split_feature=11 13 2 14 13 5 11 10 12 7 2 0 10 7 10 12 17 17 10
split_gain=1.78336 2.7896 1.70271 1.83375 3.37831 3.72597 3.67464 1.81399 1.55307 1.56164 1.4802 1.21367 1.15819 1.72044 2.52214 1.69405 2.58253 1.84525 0.97469
threshold=1.1139857990578539 4.7238274522898077e-06 66.508355232803083 263.37046501226342 1.7214633054709371e-06 46.629921333049232 -0.055215666156084496 -0.80068530725340203 0.0010542455757130502 30.429292929292938 87.683054393305454 74.762110204117604 0.22472252275902888 4.5983086680761112 0.4508141590731129 0.00025123346245605008 4.0272800142523666 2.3626416248887545 0.22472252275902888
decision_type=2 2 2 2 2 2 2 2 2 2 2 2 2 2 2 2 2 2 2
left_child=2 -2 3 4 5 6 -1 -6 -5 -10 12 -11 15 -14 -15 16 -4 -17 -12
right_child=1 -3 10 8 7 -7 -8 -9 9 11 18 -13 13 14 -16 17 -18 -19 -20
leaf_value=-0.023016674912823176 -0.016814668523051451 0.027120179510682466 -0.030428814727491902 0.022213447769632185 0.016608189348891345 0.024322584789276742 0.016215568173063515 -0.038641277871771788 -0.037419035885306595 -0.0096063691661039969 -0.03724269889049478 0.017433440886286847 0.028873906033654147 0.025016729357931661 -0.0033461968738441508 -0.017786707495305698 0.0077823693036194689 0.014268932894069315 0
leaf_weight=6.7774316188879311 8.9040791979059559 1.3836014000698913 2.7605881076306131 3.8130551953800005 0.48099253885447968 3.6595809268765143 2.9521972171496653 3.7858150822576127 0.84254552610218514 2.6910856631584466 0.90424574073404018 2.9658057074993849 5.2177516277879503 4.4509918484836799 6.990896959323436 1.721133206039666 3.3272176757454872 11.207723183557389 1.819772897288203
leaf_count=121 113 46 40 34 7 40 28 118 7 129 15 36 32 29 73 12 21 84 26
internal_value=0.00108591 -0.0104128 0.00292642 -0.00262126 -0.00855278 -0.000842138 -0.0107636 -0.0314884 0.00723061 -0.00130826 0.00704126 0.00410557 0.00872791 0.014539 0.00754845 0.00343076 -0.00927185 0.00966755 -0.0135132
internal_weight=76.6565 10.2877 66.3688 27.9685 17.656 13.3892 9.72963 4.26681 10.3125 6.49944 38.4003 5.65689 35.6763 16.6596 11.4419 19.0167 6.08781 12.9289 2.72402
internal_count=1011 159 852 520 314 189 149 125 206 172 332 165 291 134 102 157 61 96 41
is_linear=0
shrinkage=0.03


Tree=192
num_leaves=15
num_cat=0
split_feature=1 4 0 10 17 17 4 10 4 17 3 1 1 10
split_gain=1.63779 2.36532 1.33456 2.13269 1.70148 1.73506 2.3591 1.55235 1.28898 1.28423 0.847182 0.73728 1.39164 0.0396228
threshold=10.255826312758895 42.109216182044591 73.237110179619251 -0.14604883212705333 1.4521374983104891 2.1361903369577431 20.010294676416258 -0.19242966344261267 18.428057040232247 1.8892442536772809 112.75188099974058 12.705696304730045 13.917821244257793 0.29759525383550628
decision_type=2 2 2 2 2 2 2 2 2 2 2 2 2 2
left_child=1 2 3 7 -4 9 -7 8 -1 -6 -3 13 -13 -2
right_child=11 10 4 -5 5 6 -8 -9 -10 -11 -12 12 -14 -15
leaf_value=0.0097940857286662047 0.0156904006754248 -0.036716072484863797 0.02857303710627792 -0.02940116601052874 0 0.015742976757851773 0 0.036994561250841676 -0.018085183979949748 -0.033405749162696917 -0.002245882770726966 -0.03078815109330197 0.024592531446307093 0.032977213895590718
leaf_weight=2.5547252094838768 1.5604783995077007 1.9752932749688619 2.1437953561544409 3.0535466882865858 1.7999443355947726 10.723312911577521 42.154355807229877 0.81278809951618303 3.1214374129194766 1.995675330981612 1.2330311564728615 0.62511879345402099 0.83441272610798478 1.6010433933697639
leaf_count=56 25 18 10 202 19 85 341 16 108 27 19 12 46 27
internal_value=0.00105868 -2.84376e-05 0.00112698 -0.00914799 0.00285761 0.00178341 0.00324913 0.000228946 -0.00506559 -0.0174251 -0.0248435 0.0181747 0 0.0261072
internal_weight=76.189 71.5679 68.3596 9.5425 58.8171 56.6733 52.8777 6.48895 5.67616 3.79562 3.20832 4.62105 1.45953 3.16152
internal_count=1011 901 864 382 482 472 426 180 164 46 37 110 58 52
is_linear=0
shrinkage=0.03


Tree=193
num_leaves=12
num_cat=0
split_feature=15 1 15 1 2 17 1 15 17 1 15
split_gain=1.79531 1.58281 2.09098 1.83616 2.00798 2.58118 1.77262 1.12116 1.06307 0.382557 0.184933
threshold=12.887388803266168 10.255826312758895 12.815948769352589 3.3840154458862992 66.508355232803083 5.3208945630462283 4.6604919212975977 12.416117313597058 4.6912133929496447 6.3377395559270413 12.516763533691622
decision_type=2 2 2 2 2 2 2 2 2 2 2
left_child=1 2 3 -1 5 -5 -6 8 -3 -4 -9
right_child=-2 7 9 4 6 -7 -8 10 -10 -11 -12
leaf_value=-0.028363976756798241 -0.035016613075096147 0.020550168842480138 0.031548909056336151 -0.0039940199868339112 0.016866032599649715 -0.047772954946648717 0.0010894903531597851 0.031767848207991639 -0.03286217137669193 0.0076616499533829945 0.0075977217122252944
leaf_weight=1.9881402598693956 1.1162694660015393 0.52823404036462196 2.0292539233341809 23.975015256786723 8.1187763903290016 1.200565518811344 31.518209387548268 2.5803039316087966 0.56874489970505238 1.5153389764018355 0.80491521535441268
leaf_count=90 16 20 19 419 60 14 266 57 10 18 22
internal_value=0.00103189 0.00165571 0.000498284 -0.000664418 0.000181443 -0.00638118 0.00443078 0.0187588 -0.00506784 0.0226505 0.0272645
internal_weight=75.9438 74.8275 70.3453 66.8007 64.8126 25.1756 39.637 4.4822 1.09698 3.54459 3.38522
internal_count=1011 995 886 849 759 433 326 109 30 37 79
is_linear=0
shrinkage=0.03


Tree=194
num_leaves=16
num_cat=0
split_feature=15 11 0 15 17 17 17 0 4 16 17 16 12 11 7
split_gain=1.7143 1.67192 3.25967 3.53493 2.91426 2.29194 4.31193 2.01529 2.20683 2.0314 1.89948 1.76816 1.51375 1.35868 0.791675
threshold=12.887388803266168 -0.44519362530016909 89.602178545890311 12.800975345436244 2.4801615628267126 4.3935778084496038 3.753527839127464 93.207261309199879 15.398392632822942 0.0097937913995697016 6.1233309231938344 0.074538030700535413 0.00012708088798715005 1.6601446977531362 1.9615384615384619
decision_type=2 2 2 2 2 2 2 2 2 2 2 2 2 2 2
left_child=1 7 3 5 -4 6 -3 8 -1 -10 -7 -11 -6 -14 -9
right_child=-2 2 4 -5 12 10 -8 14 9 11 -12 -13 13 -15 -16
leaf_value=-0.027377527100704294 -0.034398353191683786 -0.012590839724677351 -0.025376930795470942 0.024953875138662901 -0.011249349000530753 -0.034550908274466767 0.019823823789925605 0 -0.037397786044521798 0.015735080272142585 0.0010516971676976124 -0.0009567324244953762 0.036605390028812808 0.007213227389359339 -0.032152612174840535
leaf_weight=1.3232193470466906 1.1042245239950705 16.788399053271871 1.3487059064209441 2.6469658873975268 0.99425341561436642 5.1194359045475712 4.5806494187563649 1.4804218569770449 0.65646752808243292 22.853645991766829 1.5942965466529129 7.1483588085975489 4.0466729290783405 2.6795974066480994 1.4094383949413893
leaf_count=71 16 281 19 26 10 46 34 18 9 256 15 91 60 45 14
internal_value=0.00100328 0.00161222 -0.00253366 -0.00726109 0.0130618 -0.0104818 -0.00544275 0.00642343 0.00866501 0.0104021 -0.0257648 0.0116684 0.020399 0.0256129 -0.0168405
internal_weight=75.7748 74.6705 39.799 30.7297 9.06923 28.0828 21.369 34.8716 31.9817 30.6585 6.71373 30.002 7.72052 6.72627 2.88986
internal_count=1011 995 536 402 134 376 315 459 427 356 61 347 115 105 32
is_linear=0
shrinkage=0.03


Tree=195
num_leaves=19
num_cat=0
split_feature=3 9 17 17 14 8 17 3 3 2 13 13 17 14 3 14 11 17
split_gain=1.63363 1.5421 2.97582 3.10086 2.06419 3.92399 3.67084 1.91976 2.30202 2.11533 1.69971 2.14042 1.27089 1.21738 0.993281 0.621263 0.167218 0.702863
threshold=118.14369362240863 794.64285714285722 1.8989994014163509 2.3964569750037366 188.92033200604541 839.73469387755097 3.1556723335469896 81.002968286205302 100.84048146098506 60.475193332365812 2.8156046393540884e-07 1.2396689070171034e-06 4.7449695456918368 234.42020542687925 88.701260470468611 220.18103536902981 -0.14366789458218718 1.9488074793278354
decision_type=2 2 2 2 2 2 2 2 2 2 2 2 2 2 2 2 2 2
left_child=1 2 -1 15 5 16 7 9 -9 -6 12 -12 -5 -8 -15 -4 17 -3
right_child=-2 4 3 10 6 -7 13 8 -10 -11 11 -13 -14 14 -16 -17 -18 -19
leaf_value=0.025440404566952114 0.028034793430538215 0.041876146027001945 -0.035133975614256886 -0.0009747573255753884 -0.025344899956552477 -0.026256081864539458 -0.0091025258959634738 -0.028068165282414376 0.016004560617067114 0.025247596235675653 -0.011257898882580452 0.0027937700040396303 0.029433795374290521 0 0.029544298271324796 -0.0086521997842429737 0.044186476605753332 0.00870893412033104
leaf_weight=2.826772389933466 1.7052603689953674 1.1943575367331507 3.4421773189678779 2.1755970362573853 0.99698250694200607 1.1251186234876511 1.1374737434089173 5.742095957044512 1.1433527655899522 2.0621046712622046 21.632210776209831 17.150489560794085 2.290568970143795 1.4566436633467672 4.357130385003984 1.5711526302620766 1.7621400188654686 1.7001201333478091
leaf_count=19 85 6 40 19 130 74 10 134 14 29 160 159 14 21 63 11 8 25
internal_value=-0.000113855 -0.000842254 -0.00376588 -0.00558762 0.00560013 0.0209112 9.19429e-05 -0.0113786 -0.0201959 0.00752908 -0.00289096 -0.00497561 0.014267 0.0168559 0.02251 -0.0277529 0.0332508 0.0243381
internal_weight=75.4717 73.7665 51.089 48.2622 22.6775 5.78174 16.8958 9.94454 6.88545 3.05909 43.2489 38.7827 4.46617 6.95125 5.81377 5.01333 4.65662 2.89448
internal_count=1021 936 422 403 514 113 401 307 148 159 352 319 33 94 84 51 39 31
is_linear=0
shrinkage=0.03


Tree=196
num_leaves=19
num_cat=0
split_feature=3 16 17 17 5 4 16 3 16 17 17 10 3 13 4 3 8 6
split_gain=1.57945 1.48358 3.20757 3.16585 3.36711 2.04626 1.85989 1.61331 1.85632 1.74699 1.96368 1.37115 1.27755 2.38947 1.11163 1.0798 1.07261 0.713241
threshold=118.14369362240863 0.034226137968377007 5.1218990814787526 2.4312192143704459 51.150334011944828 19.545097759383477 0.40041404880533876 111.55398160167056 0.067900278084995866 2.752727462075931 1.9590200070427655 -0.086253256555805083 105.66054453628344 1.0346725997155201e-06 17.310927713384601 93.22985957132299 770.66856330014241 62.596601290448291
decision_type=2 2 2 2 2 2 2 2 2 2 2 2 2 2 2 2 2 2
left_child=1 2 3 5 15 14 7 9 -9 10 -3 -11 13 -4 -1 -5 -6 -7
right_child=-2 6 12 4 16 17 -8 8 -10 11 -12 -13 -14 -15 -16 -17 -18 -19
leaf_value=0 0.027919081739820686 0.0092094138479247977 -0.018265816831198572 -0.043366861161140795 0.027323486154707022 -0.029887297168523438 -0.030901949915672855 0.0076559764542140684 -0.03162615296114623 0.019605792428270177 -0.013444290316288951 0.0048768270506981976 0.033703251682606385 0.027546752009068958 0.033055869860029119 -0.020614115227355023 -0.0058866283422870126 -6.239909084216327e-05
leaf_weight=1.739077439764521 1.6620262744836498 6.0332534073386324 2.0683696232736106 3.3890855715144408 1.1153572485782199 1.2052233489230277 1.3428852111101139 1.7443284131586541 2.2863748893141747 8.8096636133268493 7.5673763072118163 18.291521597420797 1.7893556095659731 1.8146151751279829 2.140593028627336 7.1825357433408499 2.8057012038771063 2.0847330729011446
leaf_count=61 85 120 14 53 18 21 19 10 20 92 133 151 16 23 19 56 56 54
internal_value=-0.000102821 -0.000815174 -0.00636998 -0.0116978 -0.0197586 0.00423139 0.00242196 0.00355596 -0.0141263 0.0054109 -0.00318225 0.00982947 0.0133069 0.00254442 0.0190736 -0.0285274 0.0032586 -0.0124326
internal_weight=75.0721 73.4101 27.3346 21.6623 14.4927 7.16963 46.0754 44.7325 4.0307 40.7018 13.6006 27.1012 5.67234 3.88298 3.87967 10.5716 3.92106 3.28996
internal_count=1021 936 391 338 183 155 545 526 30 496 253 243 53 37 80 109 74 75
is_linear=0
shrinkage=0.03


Tree=197
num_leaves=19
num_cat=0
split_feature=3 9 17 17 4 13 14 0 17 3 10 3 14 3 14 16 11 17
split_gain=1.52779 1.42218 2.73885 2.90562 2.80356 2.62982 1.96285 3.69918 3.4623 1.80754 2.50713 2.21886 1.13918 0.966443 0.611037 0.31091 0.1362 0.659157
threshold=118.14369362240863 794.64285714285722 1.8989994014163509 2.3964569750037366 42.109216182044591 1.2396689070171034e-06 188.92033200604541 71.511968831969696 3.1556723335469896 81.002968286205302 -0.18323479923329733 100.84048146098506 234.42020542687925 88.701260470468611 220.18103536902981 0.057615898813469658 -0.14366789458218718 1.9488074793278354
decision_type=2 2 2 2 2 2 2 2 2 2 2 2 2 2 2 2 2 2
left_child=1 2 -1 14 5 -5 7 -3 9 10 -8 -11 -10 -14 -4 -6 17 -9
right_child=-2 6 3 4 15 -7 8 16 12 11 -12 -13 13 -15 -16 -17 -18 -19
leaf_value=0.024562559466281889 0.027802515331495543 -0.026088279713316724 -0.034440967009455634 -0.0064988001682957878 -0.017424456027759858 0.0093802676156068514 0.028073979847251438 0.040849331039746965 -0.0087084493562314368 -0.027704988285073322 -0.026068134499087986 0.015722545488603273 0 0.029025681884957369 -0.0081019860272548618 -0.045380729751983234 0.042732937917936593 0.0084981652916214772
leaf_weight=2.7946812696754924 1.6199798504821945 1.0912604895420397 3.3642333690077058 25.69864003919065 1.5326129812747233 14.615280808880923 1.9271370125934506 1.1825500391423704 1.1286250315606583 5.6323219141922891 1.1063383163418614 1.1356429047882555 1.4623577045276759 4.262433422729373 1.5605148393660782 1.1706469040364025 1.7595582120120523 1.6932676667347548
leaf_count=19 85 74 40 191 19 128 57 6 10 134 102 14 21 63 11 14 8 25
internal_value=-9.82602e-05 -0.000794522 -0.00360766 -0.00535995 -0.00275383 -0.000658856 0.00543683 0.0204264 1.25831e-05 -0.0112028 0.00716866 -0.0198584 0.0164142 0.0219465 -0.0270193 -0.0317881 0.0323301 0.0237349
internal_weight=74.7381 73.1181 50.7366 47.9419 43.0172 40.3139 22.3815 5.72664 16.6549 9.80144 3.03348 6.76796 6.85342 5.72479 4.92475 2.70326 4.63538 2.87582
internal_count=1021 936 422 403 352 319 514 113 401 307 159 148 94 84 51 33 39 31
is_linear=0
shrinkage=0.03


Tree=198
num_leaves=15
num_cat=0
split_feature=3 11 12 14 11 3 8 14 0 12 10 14 5 11
split_gain=1.47777 1.21834 3.51798 2.66042 2.29386 1.73329 1.68117 2.894 2.00504 1.50482 0.714396 0.5434 0.417992 0.0219795
threshold=118.14369362240863 0.69551507943809765 0.00082732938847780008 268.4480560889894 0.56904228661012535 111.55398160167056 667.41883116883116 88.613378446768721 80.819045712206275 0.00032632022102510003 0.86148912604327421 236.33791640999993 56.179920962243152 1.9301860155089103
decision_type=2 2 2 2 2 2 2 2 2 2 2 2 2 2
left_child=1 4 9 12 5 6 7 -1 -8 10 -3 13 -4 -11
right_child=-2 2 3 -5 -6 -7 8 -9 -10 11 -12 -13 -14 -15
leaf_value=-0.0094188719658310927 0.027685060099049391 0.0086950228641597196 0.041091738436022783 -0.017833616386840997 0.029476740324771138 -0.02697732606223327 0.002863618149776188 0.032458223000724123 -0.010554600287679612 -0.021708183881862405 -0.015909701293741661 -0.0091384921249940652 0.01337482469258462 -0.040661781473575589
leaf_weight=2.2676139986142507 1.5790897579863656 1.760324091650544 1.4658152759075158 1.552968203788623 2.3529128297232083 1.9885343862697471 34.774455322884023 3.608353029936552 13.903079813346265 1.4047632263973353 2.1621881537139416 1.3622957803308962 1.5619830777868626 2.624219661578536
leaf_count=27 85 15 7 29 20 24 555 27 122 18 21 15 29 27
internal_value=-9.31969e-05 -0.00077413 -0.00875506 0.0121972 0.00106954 -0.000109575 0.000862461 0.0159081 -0.000921116 -0.0193987 -0.00418027 -0.0296471 0.028637 -0.0354657
internal_weight=74.3686 72.7895 13.8946 4.58077 58.8949 56.542 54.5535 5.87597 48.6775 9.31379 3.92251 5.39128 3.0278 4.02898
internal_count=1021 936 161 65 775 755 731 54 677 96 36 60 36 45
is_linear=0
shrinkage=0.03


Tree=199
num_leaves=18
num_cat=0
split_feature=3 9 17 17 4 5 14 0 17 3 3 2 14 3 14 2 15
split_gain=1.42948 1.31025 2.53388 2.78177 2.59117 2.2405 1.85033 3.51038 3.2881 1.71702 2.10871 1.9541 1.08883 0.936371 0.584707 0.285176 0.218462
threshold=118.14369362240863 794.64285714285722 1.8989994014163509 2.3964569750037366 42.109216182044591 39.520451696573836 188.92033200604541 71.511968831969696 3.1556723335469896 81.002968286205302 100.84048146098506 60.475193332365812 234.42020542687925 88.701260470468611 220.18103536902981 64.764880442846561 12.404382892771617
decision_type=2 2 2 2 2 2 2 2 2 2 2 2 2 2 2 2 2
left_child=1 2 -1 14 5 -5 7 -3 9 11 -11 -8 -10 -14 -4 -6 -9
right_child=-2 6 3 4 15 -7 8 16 12 10 -12 -13 13 -15 -16 -17 -18
leaf_value=0.023766062969187183 0.027566683029697298 -0.025960200782132233 -0.033858398420970312 -0.0055913392591073812 -0.013135975722129373 0.0094326596054159981 -0.025183578429613038 0.044611719601317872 -0.0085299943115763055 -0.027344531293038113 0.015070778425406498 0.023938073448248418 0 0.028549137346444976 -0.0079384991235531659 -0.040037743977260967 0.023313055902558073
leaf_weight=2.76733399555087 1.5393253872171033 1.0679768538102532 3.3024662360548964 26.972500089555979 1.1685667093843215 13.19756361749023 0.96872778609395238 1.4400747604668138 1.1245671864598978 5.5322185209952295 1.131921801716089 2.042466034181416 1.4647176424041388 4.1918245004490018 1.5580097874626515 1.5513040218502281 3.1843794090673327
leaf_count=19 85 74 40 204 16 115 130 10 10 134 14 29 21 63 11 17 29
internal_value=-8.985e-05 -0.000754015 -0.00345605 -0.00514275 -0.00259871 -0.000569657 0.00526185 0.0198454 0 -0.0110556 -0.0195804 0.00686943 0.0160133 0.0214772 -0.0264822 -0.0304192 0.0313844
internal_weight=74.2059 72.6666 50.5177 47.7504 42.8899 40.1701 22.1489 5.69243 16.4564 9.67533 6.66414 3.01119 6.78111 5.65654 4.86048 2.71987 4.62445
internal_count=1021 936 422 403 352 319 514 113 401 307 148 159 94 84 51 33 39
is_linear=0
shrinkage=0.03


Tree=200
num_leaves=20
num_cat=0
split_feature=10 11 7 8 5 7 10 1 3 17 14 8 14 10 6 14 5 3 10
split_gain=1.83421 2.63727 2.46642 2.95084 2.3061 2.24616 2.43499 2.2532 2.37157 1.58314 2.21401 1.56549 1.42846 1.54896 1.35781 1.64121 2.06472 1.32869 0.757051
threshold=0.5932813220082952 1.0000000180025095e-35 34.330357142857146 743.90888278388286 64.070798151777694 30.116279069767447 0.22472252275902888 3.7693435721751709 81.002968286205302 2.6396781202920132 338.50782548186703 708.93147502903616 199.48420282074736 0.33715594620406381 71.5833720316203 182.29019832641393 20.473827081050931 89.45697046681488 0.31484060864897695
decision_type=2 2 2 2 2 2 2 2 2 2 2 2 2 2 2 2 2 2 2
left_child=2 11 5 -4 14 6 7 -1 -9 -5 17 -2 18 -14 15 16 -3 -11 -8
right_child=1 4 3 9 -6 -7 12 8 -10 10 -12 -13 13 -15 -16 -17 -18 -19 -20
leaf_value=-0.030759064900991798 -0.0027308366661786673 0.0062871106654103365 -0.079759081562637571 -0.030346397032325716 0.030243113565894056 0.026407712194163824 0 0.030561246807285832 -0.001393400406922559 -0.014799041143385726 -0.042302055779308977 -0.038006487229994515 0.017746108651788151 -0.014533380109803437 -0.032598919687012388 0.012914982431891842 -0.029405790772840588 0.019212610992514114 0.022768773400478455
leaf_weight=2.0534566212445524 2.0318773910403278 2.6184982070699316 0.45117230853065748 1.7993940409505738 1.8098908676765848 4.2707812814041963 1.5566416410729278 2.1604253998957601 26.644974295282736 1.2729389355517922 0.77888138778507698 3.2374582760967314 2.375231805490329 2.8095624372363091 1.3498358977958549 4.055896757170558 2.8427762193605304 3.4755322001874447 9.0917991558089835
leaf_count=76 27 29 7 152 42 46 20 30 245 45 9 38 16 21 15 48 28 68 78
internal_value=0.000674713 -0.00764363 0.00327575 -0.012237 0 0.00572138 0.00371276 -0.00111191 0.000996871 -0.00665717 0.000923816 -0.025267 0.0132522 0 -0.00547396 -0.00101587 -0.0119475 0.00935906 0.0194922
internal_weight=76.687 17.9462 58.7408 7.77792 12.6769 50.9629 46.6921 30.8589 28.8054 7.32675 5.52735 5.26934 15.8332 5.18479 10.867 9.51717 5.46127 4.74847 10.6484
internal_count=1040 227 813 281 162 532 486 351 275 274 122 65 135 37 120 105 57 113 98
is_linear=0
shrinkage=0.03


Tree=201
num_leaves=20
num_cat=0
split_feature=6 13 11 6 9 1 11 16 0 9 15 17 9 1 16 16 12 11 6
split_gain=1.36256 2.01538 1.51537 3.37944 2.09092 1.83495 2.70225 1.53675 2.26569 4.57544 2.42141 2.20532 1.79814 1.76887 1.66678 1.49705 1.10872 0.71744 0.658332
threshold=116.00001104639695 9.9108937937506813e-06 -0.64195227019310341 40.340651487113142 733.21428571428589 5.1962208124601537 -0.81171421453161863 0.015982005348161753 80.592390886600654 678.92857142857144 12.474382974561188 2.752727462075931 777.857142857143 8.1446533023432881 0.07625680080088626 0.011153840740538951 0.00055062204279000013 -1.0919380588913561 35.982217880584336
decision_type=2 2 2 2 2 2 2 2 2 2 2 2 2 2 2 2 2 2 2
left_child=2 -2 3 18 17 16 -7 15 10 11 14 -10 -12 -11 -9 -4 -6 -5 -1
right_child=1 -3 7 4 5 6 -8 8 9 13 12 -13 -14 -15 -16 -17 -18 -19 -20
leaf_value=-0.0083958233635528894 -0.035224074627936017 0.019130652093919832 -0.0122062549508301 0.0068802692569997787 0.035636540737247605 -0.011726326142028174 0.018436474504719497 -0.011166611940596987 -0.024016095781804914 -0.01834985987619546 0.031851431503657546 0.0080862115845961677 0.0047227919395235879 -0.052144065686948494 0.020813814785392869 0.022885107400355813 -0.001147010119491392 0.030574203146976738 -0.0406964302221971
leaf_weight=1.9148486491758405 2.0083722572308029 0.71332488674670447 1.3053456372581411 1.9994195811450479 2.2408359830733384 7.3145584412850466 4.0684106179978654 9.7653291835449654 2.2770500471815494 7.5321782752871496 3.2448592577129585 9.7802351322025043 7.5757417939603329 1.9027851447463033 1.5766796108800907 3.940716439858079 0.84423162869643409 5.3555580507963922 1.044921899680048
leaf_count=47 38 35 28 14 27 97 41 170 29 66 18 120 138 14 17 43 41 41 16
internal_value=0.000646174 -0.019742 0.00146566 0.00751423 0.0116994 0.00475298 -0.000617848 -0.00154758 -0.0034545 -0.0104054 0.00316788 0.00162916 0.01335 -0.0259553 -0.00631569 0.0135274 0.0249088 0.0247142 -0.0217371
internal_weight=76.4054 2.7217 73.6837 24.7828 21.823 14.468 11.383 48.9009 43.6549 21.4922 22.1626 12.0573 10.8206 9.43496 11.342 5.24606 3.08507 7.35498 2.95977
internal_count=1040 73 967 324 261 206 138 643 572 229 343 149 156 80 187 71 68 55 63
is_linear=0
shrinkage=0.03


Tree=202
num_leaves=20
num_cat=0
split_feature=10 11 10 2 5 13 2 2 5 4 0 6 14 5 13 9 9 2 4
split_gain=1.71657 2.48827 2.36665 2.88123 2.20291 1.52744 2.08069 3.34361 1.94939 2.25495 1.44156 1.25617 1.53361 1.96898 0.696612 0.80806 1.44339 0.512029 0.43558
threshold=0.5932813220082952 1.0000000180025095e-35 0.54994647630899529 59.448012789947555 64.070798151777694 9.0358532911734588e-07 72.853480647024853 71.367935968954654 32.941475665875892 23.846954363847946 85.005903631874403 71.5833720316203 182.29019832641393 20.473827081050931 8.5806203385474208e-06 794.64285714285722 851.78571428571433 63.39626252546104 27.53210660840104
decision_type=2 2 2 2 2 2 2 2 2 2 2 2 2 2 2 2 2 2 2
left_child=2 10 3 14 11 8 7 -7 9 -5 17 12 13 -3 15 -1 -17 -2 -14
right_child=1 4 -4 5 -6 6 -8 -9 -10 -11 -12 -13 18 -15 -16 16 -18 -19 -20
leaf_value=-0.052203596924725246 -0.015675596963899006 0.0062076360382813771 0.031267610338675089 -0.0082079511376335137 0.029858224352223177 0.0072864578584388075 0.029101940880299333 -0.034542773828046311 -0.03642445308717597 0.01715009706701805 -0.0028929667187096572 -0.031451045599056822 0 -0.028790382572652842 0.011070701338070497 0.0084817157450923775 -0.029343425738961596 -0.047263484067533973 0.019434275208398442
leaf_weight=0.76066185534000297 1.2204759612213849 2.5972926169633848 2.4887486349325618 10.009148655459283 1.7756315362639714 29.976287453901026 3.5387392137199631 1.706922274082898 1.3829654003493477 4.4848474022001019 2.0225831950083375 1.3470248458906997 1.3751199049875138 2.8122648457065225 0.39593112934380759 1.2138220788910987 2.3784106962848455 1.9815535880625246 2.6433704551309347
leaf_count=4 22 29 23 133 42 314 39 12 21 31 27 15 16 28 11 14 211 16 32
internal_value=0.000628056 -0.00745859 0.00315197 0.00179178 0 0.00393108 0.00743526 0.00483694 -0.00365282 -9.21489e-05 -0.0246443 -0.00534307 -0.00100712 -0.0116346 -0.0202154 -0.0239196 -0.0158662 -0.0369714 0.0125059
internal_weight=76.1118 17.7753 58.3365 55.8477 12.5507 51.0989 35.2219 31.6832 15.877 14.494 5.22461 10.7751 9.42805 5.40956 4.74883 4.35289 3.59223 3.20203 4.01849
internal_count=1040 227 813 790 162 550 365 326 185 164 65 120 105 57 240 229 225 38 48
is_linear=0
shrinkage=0.03


Tree=203
num_leaves=17
num_cat=0
split_feature=10 10 2 3 13 7 1 3 16 16 16 7 13 9 9 16
split_gain=1.6295 2.25016 2.7467 1.88227 2.1578 2.55926 1.80259 2.45673 1.43053 1.53991 1.31006 1.28087 0.673827 0.742735 1.40609 0.423217
threshold=0.5932813220082952 0.54994647630899529 59.448012789947555 116.50507848568795 2.8156046393540884e-07 34.741379310344833 3.5192028853389545 81.002968286205302 0.020821885705732852 0.14454890151701819 0.31581776537768852 34.330357142857146 8.5806203385474208e-06 794.64285714285722 851.78571428571433 0.018578020288373603
decision_type=2 2 2 2 2 2 2 2 2 2 2 2 2 2 2 2
left_child=1 2 12 4 -2 8 10 15 -6 -10 -4 -9 13 -1 -15 -8
right_child=3 -3 6 -5 5 -7 7 11 9 -11 -12 -13 -14 14 -16 -17
leaf_value=-0.05079766147127799 0.016647557518733778 0.030580483935564517 -0.029725001096529837 0.026645236310938538 0.0016132849427115212 0.018766284259125111 0.045805453500647117 0.0046288063812961943 -0.029798461070033779 -0.00040302532337757049 0.016987487941759871 -0.015001005108979332 0.010866620286835672 0.0082578471207061712 -0.029236294206776082 0.018458794504067594
leaf_weight=0.76102305948734184 2.156846563331789 2.4708503948058924 2.2070712330751117 1.2204137251246709 2.1725176940672091 1.6651761275716115 1.1190495621412986 41.449621142819524 8.1985597296152246 2.2506127515807739 0.54539183899760235 3.0689582088962188 0.39318602951243509 1.2120648734271529 2.3168097182642668 2.5586210172623396
leaf_count=4 19 23 69 57 22 27 7 349 83 19 9 79 11 14 211 37
internal_value=0.000603914 0.00306692 0.00173842 -0.00730044 -0.010147 -0.0144882 0.0038216 0.00523232 -0.0192243 -0.0238153 -0.0191463 0.00317777 -0.019904 -0.0235909 -0.0156588 0.0285663
internal_weight=75.7668 58.1026 55.6318 17.6641 16.4437 14.2869 50.9487 48.1962 12.6217 10.4492 2.75246 44.5186 4.68308 4.2899 3.52887 3.67767
internal_count=1040 813 790 227 170 151 550 472 124 102 78 428 240 229 225 44
is_linear=0
shrinkage=0.03


Tree=204
num_leaves=20
num_cat=0
split_feature=10 11 10 7 13 7 0 15 0 1 1 0 15 6 14 4 4 15 14
split_gain=1.53389 2.34446 2.13896 2.58863 2.49259 2.38431 2.31103 1.86386 2.09057 1.65452 1.62042 1.39787 1.38601 1.48277 1.43015 1.20228 1.14132 0.690313 0.685009
threshold=0.5932813220082952 1.0000000180025095e-35 0.54994647630899529 34.330357142857146 8.5806203385474208e-06 30.116279069767447 80.592390886600654 12.39193934929394 80.146797097772904 3.7413284500828605 5.5050740664666629 85.005903631874403 12.490706330750063 46.586987495224612 179.19456203996202 35.141333169844408 19.039132521202507 12.418319989567957 210.33718564432749
decision_type=2 2 2 2 2 2 2 2 2 2 2 2 2 2 2 2 2 2 2
left_child=2 11 3 5 6 7 15 8 -1 -9 16 -2 13 -12 -15 -5 -3 -7 -14
right_child=1 10 -4 4 -6 17 -8 9 -10 -11 12 -13 18 14 -16 -17 -18 -19 -20
leaf_value=-0.025403587678638959 -0.036180042508913254 0.0036057862964321901 0.029906916599326688 -0.0058072408938312538 0.022903567623083172 0.037602518003552209 -0.085848491115282158 -0.015523295966393728 0.002199918608354356 0.0074580213893826386 0.028633560866551219 -0.0024967216843301268 0.0025538782781826873 -0.037161100212624087 0 -0.036901620158257938 -0.031147681745010855 0.010152846788842073 0.033144251220155435
leaf_weight=4.1126179413404298 3.1427053115330663 1.1419147690758102 2.4532265018206081 3.8707209042040622 1.1466948506422339 2.1809355756267896 0.41135567426681507 2.9274144968949249 5.5113010695204139 31.593860186170787 1.0320264929905514 2.0165852042846382 1.3446020111441614 1.1404534764587877 3.7908139124047011 1.7124974215403197 2.0512432684190571 2.04502556566149 1.9184212114196268
leaf_count=65 38 15 23 198 51 16 3 83 46 276 14 27 12 9 61 23 29 29 22
internal_value=0.000593621 -0.00709441 0.00298498 0.00168965 -0.0149543 0.00423456 -0.0229454 0.0020727 -0.00942739 0.00538334 0 -0.0238826 0.00640268 -0.00179358 -0.00920025 -0.0163539 -0.0180763 0.0255543 0.0218816
internal_weight=75.5444 17.5788 57.9657 55.5124 7.14127 48.3712 5.99457 44.1452 9.62392 34.5213 12.4195 5.15929 9.22632 5.96329 4.93127 5.58322 3.19316 4.22596 3.26302
internal_count=1040 227 813 790 275 515 224 470 111 359 162 65 118 84 70 221 44 45 34
is_linear=0
shrinkage=0.03


Tree=205
num_leaves=20
num_cat=0
split_feature=15 15 15 16 3 14 10 7 7 14 3 15 16 11 6 3 15 15 3
split_gain=1.54049 2.54315 1.70977 2.17441 2.17629 2.12362 1.67156 2.42958 1.49756 2.11457 2.13273 1.54052 1.58467 1.23676 1.19007 0.907053 0.629196 0.351195 0.187003
threshold=12.813667920722397 12.542929681188101 12.469198122797634 0.062651545639375916 90.614992179935982 173.49248026995028 0.17766941157358068 13.423423423423426 23.746867167919806 277.46455928319159 93.22985957132299 12.462538214587026 0.012071159939734301 -0.34846967202776752 70.219543570584904 107.27986846912681 12.839455884963222 12.872576822434459 92.206477732793545
decision_type=2 2 2 2 2 2 2 2 2 2 2 2 2 2 2 2 2 2 2
left_child=1 2 8 4 5 -4 13 -8 9 10 -1 12 -10 -5 15 18 -2 -18 -3
right_child=16 14 3 6 -6 -7 7 -9 11 -11 -12 -13 -14 -15 -16 -17 17 -19 -20
leaf_value=-0.01548488540791306 0.031444744780142378 -0.01744537713633134 0.032392972827463416 0.0010540944844211208 0.036549049634690259 -0.025911851638801022 -0.0021050907121846095 0.030855451369453252 -0.024169363953415422 -0.038920835100620561 0.0018563830314179814 -0.026045718463877852 0.013144284565811497 -0.023853058945646387 0.0051418233307148646 -0.0024454546926662136 0.015204116502680829 -0.0051307293007270627 -0.042152758102662335
leaf_weight=8.9233159101568216 1.8510400713421393 1.1791255339048796 0.8809686847962469 4.69642780837603 3.9896650165319443 1.2135167806409297 4.357979467138648 3.394171257968992 0.98029745602980156 1.5029527847655106 21.004031267482787 1.0447288933210064 11.562968596117569 2.6030554415192428 1.2089340654201803 1.3292183689773081 1.6765112625434997 0.98518091836012889 1.990038378164172
leaf_count=149 17 24 7 77 39 27 46 51 22 12 199 18 224 39 26 10 25 21 18
internal_value=0.00114124 2.061e-05 0.00173067 0.00876934 0.0238051 0 0.00237661 0.0121533 -0.00151956 -0.0051676 -0.00324863 0.00667563 0.00982272 -0.00762489 -0.0189727 -0.0260767 0.0179487 0.00667798 -0.0346926
internal_weight=76.3741 71.8614 66.1541 21.1358 6.08415 2.09449 15.0516 7.75215 45.0183 31.4303 29.9273 13.588 12.5433 7.29948 5.70732 4.49838 4.51273 2.66169 3.16916
internal_count=1051 988 910 286 73 34 213 97 624 360 348 264 246 116 78 52 63 46 42
is_linear=0
shrinkage=0.03


Tree=206
num_leaves=20
num_cat=0
split_feature=17 1 7 2 6 2 4 4 2 9 15 2 13 17 6 2 15 11 1
split_gain=1.73392 2.52807 2.10784 3.74598 3.49109 2.76287 1.89384 3.29193 1.63732 2.4126 2.33527 2.25636 2.27304 2.82187 2.67277 2.4314 1.69872 1.37991 1.3576
threshold=3.353300687040921 4.3590486364044692 23.606811145510843 66.508355232803083 62.126772930214543 71.733613371838644 43.917751961207671 49.085580986699405 68.237250554323751 758.92857142857144 12.409513971536631 62.827260277650986 1.3156718094215843e-06 2.4801615628267126 66.07692946860864 67.361711322385489 12.465497295283084 0.51333678122341497 5.1567425255559209
decision_type=2 2 2 2 2 2 2 2 2 2 2 2 2 2 2 2 2 2 2
left_child=8 -2 3 -3 5 -5 -4 -8 11 10 -10 -1 13 -13 17 -15 -12 -14 -18
right_child=1 2 6 4 -6 -7 7 -9 9 -11 16 12 14 15 -16 -17 18 -19 -20
leaf_value=-0.013330794869922957 0.030443839115618366 -0.027461754886674666 0.021175604264345203 -0.030243788612490496 0.024340353348103552 0.0025194789585882378 -0.057025205877841684 0.025797843636622256 0.01433239766974681 -0.037838511271447946 -0.034856733902460517 0.03052401641145585 -0.028905113974395869 -0.022964978650397809 0.013859317103638845 0.022101492661892073 -0.024012140213738868 0.0018377036758874506 0.0069101882384392955
leaf_weight=6.8722390537150231 3.3362106722779563 4.0486757792532471 7.8863100619055313 2.7537566642276969 5.3626871833112082 11.664496745914219 0.73038815800100543 0.75938503770157695 3.5310703567229194 2.495677704922854 2.4506529169157147 5.5581355756148714 3.4505162993445975 2.2162593496032059 4.0907514626160264 1.8968232115730641 1.8859510784968732 1.7907812800258396 3.294887313619256
leaf_count=322 29 34 108 25 56 107 15 23 39 30 33 38 50 26 30 13 31 15 27
internal_value=0.00110574 0.00583783 0.00319159 -0.00144734 0.00383763 -0.00369659 0.015189 -0.0139534 -0.00319623 -0.0115792 -0.00515807 0.00114073 0.00657356 0.0167481 -0.00371843 -0.00143839 -0.014633 -0.0180019 -0.00401975
internal_weight=76.0757 36.5419 33.2057 23.8296 19.7809 14.4183 9.37608 1.48977 39.5337 13.6582 11.1626 25.8755 19.0033 9.67122 9.33205 4.11308 7.63149 5.2413 5.18084
internal_count=1051 397 368 222 188 132 146 38 654 160 130 494 172 77 95 39 91 65 58
is_linear=0
shrinkage=0.03


Tree=207
num_leaves=15
num_cat=0
split_feature=15 15 1 4 3 6 1 1 13 11 15 1 8 3
split_gain=1.45177 2.39383 2.13849 1.87304 2.10872 2.27313 1.51701 1.15076 1.14254 0.769371 0.61331 0.394694 0.367675 0.297579
threshold=12.813667920722397 12.542929681188101 3.3840154458862992 42.109216182044591 115.54354736172921 87.446240478827761 7.0257623076802256 9.8925124445950541 2.8156046393540884e-07 1.9301860155089103 12.839455884963222 7.2725576148684423 655.7895902547067 100.59894667997659
decision_type=2 2 2 2 2 2 2 2 2 2 2 2 2 2
left_child=1 2 -1 7 5 -5 12 8 -4 -6 -2 -12 -3 -9
right_child=10 6 3 4 9 -7 -8 13 -10 -11 11 -13 -14 -15
leaf_value=-0.028830750421647542 0.030907625865942052 -0.0050631208253741006 0.017010917433021768 -0.052045291211946579 0.028348071802148819 -0.00093403517581511566 0.0042713924947595603 0.0074257439095709709 0.0016972033738021804 -0.0087194024300330554 -0.0013469678333079672 0.020409103025521982 -0.033163860717873216 0.030254597725122696
leaf_weight=1.892715720925479 1.8233303823508311 0.83158093690872092 4.7992393616586915 1.6811374872922891 0.95148869697004534 1.6247866069898007 1.6151967819314448 1.4099441105499857 50.603254107059911 0.72828485118225217 1.6266965193208309 1.007287672255188 3.1884027108317241 1.7786480030044911
leaf_count=87 17 5 37 13 37 25 24 14 645 26 29 17 49 26
internal_value=0.00107768 0 0.00165119 0.00264962 -0.0146932 -0.0285711 -0.0185603 0.00419901 0.00310606 0.0110045 0.0174924 0.00631787 -0.028343 0.0216051
internal_weight=75.562 71.1047 65.4695 63.5768 4.9857 3.30592 5.63518 58.5911 55.4025 1.67977 4.45731 2.63398 4.01998 3.18859
internal_count=1051 988 910 823 101 38 78 722 682 63 63 46 54 40
is_linear=0
shrinkage=0.03


Tree=208
num_leaves=20
num_cat=0
split_feature=17 1 13 4 3 3 3 4 2 9 2 2 13 1 4 4 4 13 15
split_gain=1.60117 2.40316 1.88877 2.86598 2.6024 1.71343 2.71273 1.67656 1.55082 2.31199 2.29059 2.17068 2.13608 2.75309 2.31948 1.42045 2.28631 1.36402 1.30755
threshold=3.353300687040921 4.3590486364044692 1.2567113518822595e-06 42.710582447410239 93.22985957132299 95.56326361565543 107.27986846912681 46.696544892970252 68.237250554323751 758.92857142857144 69.825484657354039 62.827260277650986 1.3156718094215843e-06 6.2148200269906448 29.349352805301894 23.566938007333636 26.99385333634152 2.4995749860761409e-06 12.45366939567891
decision_type=2 2 2 2 2 2 2 2 2 2 2 2 2 2 2 2 2 2 2
left_child=8 -2 4 -4 -3 -6 -7 -5 11 10 -10 -1 13 -13 18 -12 -17 -16 -14
right_child=1 2 3 7 5 6 -8 -9 9 -11 15 12 14 -15 17 16 -18 -19 -20
leaf_value=-0.013114319408878989 0.029784007285739329 -0.031576096938318539 0.01582596443079903 -0.032138989190775291 0.019811892013996513 -0.017271262858992695 0.014621108237256876 0.010215684351091166 0.026770367722661847 -0.037278585262586657 -0.023553805909478684 0.025540894709401515 -0.0018345910014726746 -0.010663239308081844 0.028215195416341213 0.025895471078343515 -0.014761743923060318 -0.0046056976267359623 -0.033415195492284375
leaf_weight=6.8154910132288959 3.2889275341294697 2.539621800184249 14.04489092435688 1.9432776893954717 3.1995370835065833 6.2264997176825982 3.6957844626158476 1.2230042479932306 1.5880467141978432 2.4478596728295079 4.2450324706733209 7.2614499470219034 2.7463778331875783 2.3455800637602806 2.2225873880088329 1.8291173651814459 3.4063144475221634 1.9322147099301217 2.3248876752331853
leaf_count=322 29 25 162 34 19 42 45 41 9 30 70 59 31 18 14 14 37 20 30
internal_value=0.00104904 0.00562282 0.00303149 0.00991863 -0.00436172 0.000877489 -0.00506552 -0.0150488 -0.00310114 -0.0113053 -0.00501019 0.00113291 0.00648931 0.0163737 -0.00354678 -0.0108707 0 0.0124971 -0.0172588
internal_weight=75.3265 36.1615 32.8726 17.2112 15.6614 13.1218 9.92228 3.16628 39.165 13.5164 11.0685 25.6486 18.8331 9.60703 9.22607 9.48046 5.23543 4.1548 5.07127
internal_count=1051 397 368 237 131 106 87 75 654 160 130 494 172 77 95 121 51 34 61
is_linear=0
shrinkage=0.03


Tree=209
num_leaves=16
num_cat=0
split_feature=15 15 1 4 3 6 1 1 13 0 15 4 1 15 3
split_gain=1.3759 2.22391 2.02146 1.71503 1.94064 2.38007 1.43217 1.0862 1.08722 0.649272 0.58706 0.532101 0.440094 0.385325 0.13962
threshold=12.813667920722397 12.542929681188101 3.3840154458862992 42.109216182044591 115.54354736172921 93.10947834478533 7.2725576148684423 9.8925124445950541 2.8156046393540884e-07 94.209044680320389 12.839455884963222 49.085580986699405 11.067814287867899 12.875865424953231 91.403807899971596
decision_type=2 2 2 2 2 2 2 2 2 2 2 2 2 2 2
left_child=1 2 -1 7 5 -5 9 8 -4 14 -2 -6 -9 -12 -3
right_child=10 6 3 4 11 -7 -8 12 -10 -11 13 -13 -14 -15 -16
leaf_value=-0.028576740565878916 0.030320020391680316 -0.016006973760660841 0.01661268686782065 -0.049565041910122072 0.027266352848885015 0 0.0085871148932686638 0.029866607772143984 0.00157901374337636 -0.0026540127570284892 0.014964984547841101 -0.0029671884984403441 0.0032325293856046043 -0.0069328044046531459 -0.039114528649354406
leaf_weight=1.8284204682568077 1.7981736785732199 1.1081272715236985 4.7338025318458667 1.8111113328486674 0.80282697011716642 1.4868793059140442 1.2000638465397058 1.9383104192093008 50.3104229925666 1.0948613733053205 1.672383261844516 0.85488187521696091 1.1860110685229299 0.92810260807164002 2.1408396922051907
leaf_count=87 17 30 37 14 36 24 21 19 645 7 26 27 21 20 20
internal_value=0.00101907 0 0.00155984 0.00252403 -0.0141139 -0.0274101 -0.0180718 0.00401478 0.00295409 -0.0261394 0.0171048 0.0106863 0.0211004 0.00607152 -0.0328423
internal_weight=74.8952 70.4966 64.9527 63.1242 4.9557 3.29799 5.54389 58.1685 55.0442 4.34383 4.39866 1.65771 3.12432 2.60049 3.24897
internal_count=1051 988 910 823 101 38 78 722 682 57 63 63 40 46 50
is_linear=0
shrinkage=0.03


Tree=210
num_leaves=14
num_cat=0
split_feature=15 15 2 7 7 5 7 6 7 10 6 14 14
split_gain=1.38231 1.44445 1.33634 3.19194 2.30287 2.80414 1.62652 1.62615 3.61307 1.28269 1.25539 0.601263 0.211001
threshold=12.879155775483905 12.795450712666181 72.103057417198656 7.4085365853658542 7.7935222672064786 29.311262528315108 23.606811145510843 60.120491744979127 4.2109929078014199 0.17766941157358068 39.785805995712103 173.49248026995028 217.12591032797465
decision_type=2 2 2 2 2 2 2 2 2 2 2 2 2
left_child=1 2 4 7 10 -6 -7 8 -4 -3 -1 -5 -13
right_child=-2 9 3 11 5 6 -8 -9 -10 -11 -12 12 -14
leaf_value=0.00010395565786473044 -0.031142500506763988 -0.0020835035126526408 0.0029072581139830225 0.0020016783954553423 0.037933434003039876 -0.0087892824421724695 0.0029311307554145982 0.025968813266931744 -0.031454341958350097 0.032334983672379206 -0.037336802210904255 0.032909250093291979 0.01118488558193478
leaf_weight=0.92562682228162829 1.2019029292277981 1.4117530833464109 11.857474003452813 1.2236664351075877 1.4269555639475573 22.864029299933463 19.302531403722242 1.6086546219885338 3.4399600084871045 2.1844652704894543 2.5890764065552503 3.5645368252880871 1.1372789656743405
leaf_count=28 16 28 118 12 10 251 421 9 34 21 31 37 28
internal_value=-0.000498286 3.4469e-06 -0.0009204 0.0049658 -0.00384124 -0.00185481 -0.00335883 -0.00154133 -0.00477896 0.018321 -0.0269164 0.0237467 0.0286217
internal_weight=74.7379 73.536 69.9398 22.8316 47.1082 43.5935 42.1666 16.9061 15.2974 3.59622 3.5147 5.92548 4.70182
internal_count=1044 1028 979 238 741 682 672 161 152 49 59 77 65
is_linear=0
shrinkage=0.03


Tree=211
num_leaves=18
num_cat=0
split_feature=12 0 17 4 14 16 17 9 4 2 17 10 17 5 2 9 9
split_gain=1.07958 1.51598 1.54159 1.52703 2.10446 1.60963 1.31554 1.20256 2.10942 1.93101 2.9974 2.20545 0.768648 0.854602 1.51472 0.334803 1.05191
threshold=0.0021948009931448006 73.641156708834203 1.8426568235530525 15.553697510219246 222.90647711715863 0.4052418486726061 3.4392550268835396 794.64285714285722 22.295304656206422 72.103057417198656 2.4801615628267126 -0.46734598498608487 2.5194354281707021 109.22900458886461 57.573707649811162 901.78571428571445 904.64285714285722
decision_type=2 2 2 2 2 2 2 2 2 2 2 2 2 2 2 2 2
left_child=1 3 -3 4 5 -1 15 9 -9 11 -11 -4 -2 -14 -15 -5 -17
right_child=12 2 7 6 -6 -7 -8 8 -10 10 -12 -13 13 14 -16 16 -18
leaf_value=-0.027963669435276634 -0.022381942454246462 0.019200661074294006 -0.041875230185367922 -0.031096701223124138 0.03265623417502788 0.034890956821042061 0.0014771669442873736 0.028032818494603422 -0.0044937196011696429 -0.030023822607791593 0.0073432608319189728 -0.0055476973870107619 0.034413547991254304 -0.029598723295473178 0.025405331826619384 0.028276632219682647 -0.025538971484126
leaf_weight=1.6033721680287256 0.28916188841685597 3.6171935545280567 1.5449387617409254 4.1969572380185127 1.3442746159853411 0.34025552868843068 1.7743508405983446 3.2751965653151265 3.5049333199858665 2.0063778948970166 21.133364204782993 25.159925723448396 1.6882730151992293 0.634955443907529 1.0279232629109172 0.33216603100299813 0.99786747572943568
leaf_count=92 18 26 13 140 27 1 19 17 27 34 203 202 39 14 61 2 109
internal_value=-0.000477291 -0.0013439 0.000454962 -0.0117668 0.00439593 -0.0143234 -0.0194114 -0.000721366 0.0109615 -0.00238937 0.00385893 -0.00790963 0.0151678 0.0198317 0.00221315 -0.0265576 -0.00896357
internal_weight=74.4715 70.8312 60.2419 10.5892 3.2879 1.94363 7.30134 56.6247 6.78013 49.8446 23.1397 26.7049 3.64031 3.35115 1.66288 5.52699 1.33003
internal_count=1044 912 522 390 120 93 270 496 44 452 237 215 132 114 75 251 111
is_linear=0
shrinkage=0.03


Tree=212
num_leaves=18
num_cat=0
split_feature=12 0 3 10 9 17 9 0 7 6 11 11 14 17 5 13 6
split_gain=1.03236 1.45 1.62974 1.66418 1.55346 1.46142 1.13332 2.29766 1.87542 1.70489 1.02485 1.10566 0.983429 0.745806 0.823212 1.3755 0.262409
threshold=0.0021948009931448006 73.641156708834203 79.021706809396377 -0.51931295640868247 817.50000000000011 1.8426568235530525 794.64285714285722 75.692262775953111 21.244358478401036 49.8301325176757 -0.91718556826150544 -1.0278313086691717 258.86027242436677 2.5194354281707021 109.22900458886461 8.5806203385474208e-06 88.615211086920368
decision_type=2 2 2 2 2 2 2 2 2 2 2 2 2 2 2 2 2
left_child=1 2 3 -1 -5 -3 7 -7 -9 -8 11 -4 -11 -2 -15 -16 -12
right_child=13 5 10 4 -6 6 9 8 -10 12 16 -13 -14 14 15 -17 -18
leaf_value=0.023945861553459454 -0.022084862787826062 0.01874082615559208 -0.026551637034747923 0.034194510812470727 -0.027348820992125419 -0.037384659762764325 0.031824682039457167 -0.0042605117597724991 0.0099765029870780529 -0.012961394428544659 -0.031501138453790593 0.014900948823956208 0.014237234192605319 0.034107915784087617 -0.031755267074802848 0.022506139817615792 -0.001492054763461013
leaf_weight=1.8234757885802539 0.28565850807353799 3.5975249502807847 0.90583734214305911 0.3388280868530259 1.6664589133579282 1.5328602474182833 2.1830736119300118 37.702353768050671 10.527080181986092 2.3913078028708696 3.9207270438782871 1.2208043797872958 2.2016989029943943 1.6537195364944639 0.53566399309784163 1.0940339912194756 0.52031655004248012
leaf_count=29 18 26 26 1 183 15 11 351 86 18 116 18 15 39 11 64 17
internal_value=-0.000465176 -0.00130964 -0.0116091 0.00324637 -0.0143947 0.000437473 -0.00070523 -0.00232802 -0.0010767 0.0106365 -0.0206381 -0.00180783 0 0.0149863 0.0196556 0.00213183 -0.0287562
internal_weight=74.1014 70.5323 10.3964 3.82876 2.00529 60.1359 56.5384 49.7623 48.2294 6.77608 6.56769 2.12664 4.59301 3.56908 3.28342 1.6297 4.44104
internal_count=1044 912 390 213 184 522 496 452 437 44 177 44 33 132 114 75 133
is_linear=0
shrinkage=0.03


Tree=213
num_leaves=15
num_cat=0
split_feature=15 15 2 14 2 17 13 16 13 17 14 5 10 10
split_gain=1.29493 1.34253 1.23929 2.67782 2.20092 2.22565 3.4329 2.02628 1.87215 2.36624 1.41929 1.95821 1.21088 0.368488
threshold=12.879155775483905 12.795450712666181 72.103057417198656 175.68682271623069 71.367935968954654 4.6355968065822406 5.7162776198724939e-06 0.098837695622866525 6.3477595849929328e-07 2.6195004988591157 217.12591032797465 37.369795988409287 0.17766941157358068 -0.40833989887275124
decision_type=2 2 2 2 2 2 2 2 2 2 2 2 2 2
left_child=1 2 4 8 5 7 -7 -1 9 -4 13 -12 -3 -5
right_child=-2 12 3 10 -6 6 -8 -9 -10 -11 11 -13 -14 -15
leaf_value=0.0026517902590929335 -0.030358188703476285 -0.002002247774751362 -0.02968668492704836 0.0078637212949531007 -0.033517110393281188 -0.029788749743683233 0.019598620700596526 -0.023402871667388116 -0.020196614648787949 0.0090085420775698685 -0.035514055804103627 0.025613662823182927 0.031704737131609512 0.033354258151347571
leaf_weight=34.920460987603292 1.1808584337122727 1.3882253607735031 1.5167206935584605 1.051607374101877 2.0398052232339969 5.1656723320484152 1.5144096172880379 2.8032501199049866 3.701157519593834 10.786518790759144 0.77734272740781285 0.90469328267499804 2.1298750147689134 3.8825828458648166
leaf_count=563 16 28 35 8 22 48 41 67 29 92 8 26 21 40
internal_value=-0.000452295 3.40745e-05 -0.000856529 0.00483147 -0.00369579 -0.00218622 -0.018026 0.000579597 -0.00165756 0.00379551 0.0207658 -0.00136031 0.0178872 0.0287816
internal_weight=73.7632 72.5823 69.0642 22.6206 46.4436 44.4038 6.68008 37.7237 16.0044 12.3032 6.61623 1.68204 3.5181 4.93419
internal_count=1044 1028 979 238 741 719 89 630 156 127 82 34 49 48
is_linear=0
shrinkage=0.03


Tree=214
num_leaves=8
num_cat=0
split_feature=15 15 15 10 17 15 7
split_gain=1.2334 1.27581 1.1896 1.17131 1.05116 0.997775 1.00256
threshold=12.879155775483905 12.795450712666181 12.336613316562257 0.17766941157358068 7.8404154017454593 12.346041928419888 7.7935222672064786
decision_type=2 2 2 2 2 2 2
left_child=1 2 -1 -3 5 -4 -7
right_child=-2 3 4 -5 -6 6 -8
leaf_value=0.025472361629134344 -0.029736114982681344 -0.0019466222588528158 -0.027106713328739047 0.031282872732176267 0.027598277234565489 -0.007063936922191226 0.00099604286096871553
leaf_weight=1.4013530947267998 1.1716284304857243 1.3879202732350671 1.3059480341617007 2.0957082603126764 0.98883466818369825 19.605198299512267 45.528709347709082
leaf_count=20 16 28 16 21 17 211 715
internal_value=-0.000442852 3.07381e-05 -0.000835133 0.0175218 -0.00146321 -0.00198165 -0.00139112
internal_weight=73.4853 72.3137 68.83 3.48363 67.4287 66.4399 65.1339
internal_count=1044 1028 979 49 959 942 926
is_linear=0
shrinkage=0.03


Tree=215
num_leaves=20
num_cat=0
split_feature=4 12 13 5 14 11 11 2 14 7 4 2 8 6 1 7 6 1 10
split_gain=1.74181 2.28124 1.71642 1.98697 2.09869 2.09066 2.44767 2.35847 1.94091 2.93927 1.58888 1.53478 1.21913 1.16544 0.44163 0.424532 1.29117 0.397937 0.302237
threshold=40.981406048639322 0.0021948009931448006 2.9991978714781878e-06 51.923093370545629 240.56267248159568 -0.83825491465011581 0.69551507943809765 67.361711322385489 267.43373873800749 26.928147659854982 16.483473954243465 54.123801220575423 700.23809523809541 142.62969411128503 9.4279255285373722 34.741379310344833 97.107395974094814 10.255826312758895 -0.5706534069860586
decision_type=2 2 2 2 2 2 2 2 2 2 2 2 2 2 2 2 2 2 2
left_child=2 12 3 4 5 7 -7 -1 10 -10 -5 13 17 -4 -3 -13 18 -2 -17
right_child=1 14 11 8 -6 6 -8 -9 9 -11 -12 15 -14 -15 -16 16 -18 -19 -20
leaf_value=-0.034318522334491473 0.01248117617706202 -0.0069668326269510519 -0.026676966471957452 0.017902449316710322 0.023791866814200906 0.0096872461250062589 -0.0082256786057350196 -0.0004518592577335785 -0.035993624975501147 0.020611658765058348 -0.040722855625777252 0.032589064100955259 -0.032033178532096945 0.030374527418031587 0.026505533477200662 0.011589324388396226 0.033507615594944501 -0.014174783853250862 -0.013560738716848347
leaf_weight=2.4681435471866262 0.86845574108883627 0.26034224312752474 0.99344602727796771 0.36274216813035254 4.6155441403388968 31.42650148877874 8.516799627337603 7.3120408966206014 1.1331578604876997 2.3747418284183368 2.3789226524531841 3.2238313835114241 3.2731107994914055 0.32664793729782104 1.2603824434336273 0.48473223019391287 1.4141244720667598 0.93161671329289675 1.0775137117598208
leaf_count=61 18 4 94 6 40 317 88 66 10 35 79 39 27 1 73 11 20 13 30
internal_value=0.00297857 -0.0115089 0.00443996 0.002689 0.00457821 0.00269033 0.00578189 -0.00956299 -0.0130784 0.00100411 -0.0315535 0.0179328 -0.021377 -0.00930262 0.0188479 0.0242633 0.013504 0 -0.00372466
internal_weight=74.7028 6.59391 68.1089 60.5886 54.339 49.7235 39.9433 9.78018 6.24956 3.5079 2.74166 7.5203 5.07318 1.32009 1.52072 6.2002 2.97637 1.80007 1.56225
internal_count=1032 135 897 702 572 532 405 127 130 45 85 195 58 95 77 100 61 31 41
is_linear=0
shrinkage=0.03


Tree=216
num_leaves=20
num_cat=0
split_feature=4 6 6 12 5 11 4 4 11 17 17 11 3 4 2 16 9 8 11
split_gain=1.65604 2.49095 1.86316 1.55666 3.04403 1.98446 1.86919 3.68766 1.86214 1.46562 1.38538 1.35751 1.44433 1.04808 1.02021 0.916969 0.78121 0.25489 0.226614
threshold=42.109216182044591 88.615211086920368 69.214279885018627 0.0009219543186709502 51.923093370545629 2.8133766266959461 22.649306112288325 21.54725187872042 -1.0109000907722212 5.3705195908557108 2.1361903369577431 -0.92107629949900927 77.276974325641874 43.206163803959363 54.123801220575423 0.013525477730634151 608.21428571428589 801.840411840412 0.97242452630754772
decision_type=2 2 2 2 2 2 2 2 2 2 2 2 2 2 2 2 2 2 2
left_child=3 2 -2 4 5 6 7 -1 -5 -8 17 -6 -13 -3 15 -12 -7 -10 -4
right_child=1 13 18 8 11 16 9 -9 10 -11 14 12 -14 -15 -16 -17 -18 -19 -20
leaf_value=0.0044440403882437911 0.00074021250046427925 -0.021204420841844249 -0.059037262066760278 -0.01994466133550343 0.0050078400673333389 0 0.014636879441504038 -0.029266023596604896 0.0068228898412919436 -0.0040607530089359217 0.02984200175360233 0.01314163464643766 -0.039987084305970186 0.024102700395106536 0.027164602309045539 -0.024621200432335223 -0.026953993816304311 -0.023020262692085351 -0.025940439662514973
leaf_weight=21.818582959473137 1.0623408625833684 0.48239626735448871 1.0188528103753927 1.0603341714013357 1.0266623818315563 1.5087580140680068 21.543474162928764 3.2695368393324307 0.1366550475358953 4.238008525222539 0.32432225346565058 0.4061089744791383 2.7056676442734897 1.5658678403124211 7.3515099450014532 0.65011543314903975 2.2889999710023403 0.66905528621282429 1.1558919288218019
leaf_count=288 26 9 8 25 18 13 168 36 1 47 1 13 59 54 100 37 23 84 22
internal_value=0.00290447 -0.0129926 -0.0292986 0.00418267 0.00223465 0.00417276 0.0057872 0 0.015 0.0114436 0.0195547 -0.0221537 -0.0319261 0.0115454 0.023334 -0.00261171 -0.0162761 -0.0144518 -0.0446786
internal_weight=74.2831 5.28535 3.23709 68.9978 58.8058 54.6674 50.8696 25.0881 10.192 25.7815 9.13166 4.13844 3.11178 2.04826 8.32595 0.974438 3.79776 0.80571 2.17474
internal_count=1032 119 56 913 665 575 539 324 248 215 223 90 72 63 138 38 36 85 30
is_linear=0
shrinkage=0.03


Tree=217
num_leaves=15
num_cat=0
split_feature=12 6 11 11 17 2 2 7 1 17 13 0 17 6
split_gain=1.23187 1.69717 1.3942 2.14099 1.86097 1.75536 1.5302 1.47597 1.37366 1.35149 0.910289 0.709719 0.68996 0.196961
threshold=0.0022217094413434506 118.35784134234927 0.71396616770661325 0.45601915229375761 5.5078310742604204 63.015789402596006 62.686706809326829 27.951388888888893 4.3590486364044692 1.3298036539118665 2.7653897366907556e-06 67.672484834910492 3.1923425157637051 49.141477518663734
decision_type=2 2 2 2 2 2 2 2 2 2 2 2 2 2
left_child=1 2 3 6 5 8 7 -1 -4 -8 -7 -2 -13 -5
right_child=11 -3 4 13 -6 10 9 -9 -10 -11 -12 12 -14 -15
leaf_value=-0.028168808144080942 -0.007764328268506775 -0.031616375425961504 0.036561111266127315 0.035173559378255871 0.026096994858653206 -0.019239113548861857 0.030232438435804383 0.00073044168139433784 -0.0041640123009112446 0.0038650880953780197 0.0029359222444325043 0 0.033177869008469363 0.015498247848229079
leaf_weight=2.4746466324431813 0.48379131965339128 1.2206377475522447 1.0554067129269236 1.8124498762190335 1.3584563555195917 8.4863556539639813 1.7742350101470936 3.6499412402044982 1.7595518659800289 43.091261307243258 1.7579645961523045 0.60213148128241334 2.3214806921314448 2.0756575893610716
leaf_count=88 26 20 13 12 17 91 11 156 38 412 21 14 92 21
internal_value=0.0028229 0.00190989 0.00258839 0.0047983 -0.00559164 -0.00928921 0.00306938 -0.0107293 0.0108062 0.00503944 -0.0151522 0.0202692 0.0260036 0.0260742
internal_weight=73.924 70.5166 69.2959 54.8782 14.4177 13.0593 50.9901 6.12459 2.81496 44.8655 10.2443 3.4074 2.92361 3.88811
internal_count=1032 900 880 700 180 163 667 244 51 423 112 132 106 33
is_linear=0
shrinkage=0.03


Tree=218
num_leaves=15
num_cat=0
split_feature=12 6 11 11 17 2 2 7 14 1 16 0 17 6
split_gain=1.17987 1.61989 1.31263 2.04908 1.7738 1.6596 1.44593 1.41998 1.40809 1.31132 0.868544 0.689631 0.679888 0.191871
threshold=0.0022217094413434506 118.35784134234927 0.71396616770661325 0.45601915229375761 5.5078310742604204 63.015789402596006 62.686706809326829 27.951388888888893 263.37046501226342 4.3590486364044692 0.016994541994323906 67.672484834910492 3.1923425157637051 49.141477518663734
decision_type=2 2 2 2 2 2 2 2 2 2 2 2 2 2
left_child=1 2 3 6 5 9 7 -1 -8 -4 -7 -2 -13 -5
right_child=11 -3 4 13 -6 10 8 -9 -10 -11 -12 12 -14 -15
leaf_value=-0.027740077646366917 -0.0075879475239012655 -0.031051056476178389 0.035806064917642211 0.034645724423006771 0.025733311340054597 0.0045513233060363511 0.0032119834570364502 0.00070903863768181159 0.022763829974876651 -0.004048857577211777 -0.018427729255064008 0 0.033000440418776582 0.015128248526794709
leaf_weight=2.4395875280024475 0.48252980178222005 1.207594867562874 1.0475615430623286 1.7867754064500325 1.3380497521720816 1.4993681916967023 41.225423767697066 3.6503249125089496 3.6018709540367118 1.7581734540872274 8.7065867073833925 0.60213148128241334 2.2653306580614299 2.0652363346889615
leaf_count=88 26 20 13 12 17 20 389 156 34 38 92 14 92 21
internal_value=0.00275462 0.00186442 0.00252686 0.00467186 -0.00542807 -0.00903316 0.00298362 -0.0104669 0.00489692 0.0105193 -0.0147494 0.0199775 0.0257264 0.0255882
internal_weight=73.6765 70.3266 69.119 54.7692 14.3497 13.0117 50.9172 6.08991 44.8273 2.80573 10.206 3.34999 2.86746 3.85201
internal_count=1032 900 880 700 180 163 667 244 423 51 112 132 106 33
is_linear=0
shrinkage=0.03


Tree=219
num_leaves=20
num_cat=0
split_feature=4 6 3 7 12 5 14 11 2 11 11 11 17 17 2 17 4 2 7
split_gain=1.57102 2.29758 1.7969 1.49766 1.45722 2.92166 2.48584 1.90037 2.20432 2.18619 1.80376 1.69375 1.31176 1.00866 0.970093 0.960792 0.686735 0.6274 0.266933
threshold=42.109216182044591 88.615211086920368 115.54354736172921 23.746867167919806 0.0009219543186709502 50.381737871942882 241.77396812755393 -0.83825491465011581 67.361711322385489 0.69551507943809765 -0.93272259907668709 -1.0109000907722212 2.1361903369577431 4.0272800142523666 54.123801220575423 3.5387780433176115 39.373367341626313 69.478955722182704 34.741379310344833
decision_type=2 2 2 2 2 2 2 2 2 2 2 2 2 2 2 2 2 2 2
left_child=4 2 -2 -3 5 6 7 8 -1 -9 -7 -6 -13 15 16 -12 -14 -4 -16
right_child=1 3 17 -5 11 10 -8 9 -10 -11 13 12 14 -15 18 -17 -18 -19 -20
leaf_value=-0.034203737421551819 -0.044043743235650024 -0.026076045769835923 -0.019490238078494111 0.027634004495726758 -0.019073936023154339 0.0095967048924557007 0.031706507469006377 0.0094635462833565168 -0.00048511139340742397 -0.0072880387943357076 -0.02656810093939142 -0.014305593129891003 -0.023853710201009178 -0.053050297782546767 0.03396946451466256 0.0051878446839903692 0.022669177776083762 0.022313292815380616 0.018060203564817408
leaf_weight=2.2713000584626553 2.1245739581063385 0.53185359085910011 0.4945874437689779 1.4376780977472661 1.034966789651661 1.478737026453018 2.7597398478537789 31.083972264546901 7.3435476846061647 8.7620044569484872 2.5805733639281239 0.79212281841318954 0.58727018744684567 1.0332679525017736 3.448277810588479 1.0095462547615168 0.3584885336458683 0.58110439125448465 3.7115306053310633
leaf_count=57 21 7 4 56 25 22 24 311 67 90 76 85 36 7 41 11 2 31 59
internal_value=0.00268823 -0.0129708 -0.0285945 0.0111213 0.00393541 0.00205481 0.00440512 0.00276037 -0.0090293 0.0056958 -0.0173217 0.0145484 0.0189612 -0.0265872 0.0227126 -0.0169267 -0.0028691 0.000518019 0.026498
internal_weight=73.4251 5.1698 3.20027 1.96953 68.2553 58.3227 52.2206 49.4608 9.61485 39.846 6.10212 9.93266 8.89769 4.62339 8.10557 3.59012 0.945759 1.07569 7.15981
internal_count=1032 119 56 63 913 665 549 525 124 401 116 248 223 94 138 87 38 35 100
is_linear=0
shrinkage=0.03


Tree=220
num_leaves=20
num_cat=0
split_feature=10 3 15 7 9 4 2 17 2 10 7 2 15 17 14 16 13 9 17
split_gain=2.04872 1.74709 2.00876 1.62903 2.61408 2.0465 1.9994 2.62155 2.27909 1.85112 2.61841 1.47074 1.46425 1.46011 1.40417 1.30469 1.26395 0.735973 0.877536
threshold=0.64697661998182598 116.50507848568795 12.501116182161811 35.214626391096992 757.50000000000011 33.551855172042075 76.712392746100178 5.5954845440943766 72.853480647024853 0.30483959749635153 32.392686804451522 75.201492680862529 12.385361692820368 2.909405815948348 215.90634784317083 0.068669563667295361 3.183807699612966e-06 778.92857142857144 3.7117665998028868
decision_type=2 2 2 2 2 2 2 2 2 2 2 2 2 2 2 2 2 2 2
left_child=3 2 11 6 -5 -6 8 12 9 10 -1 16 -8 -11 -4 -14 -2 -7 -19
right_child=1 -3 14 4 5 17 7 -9 -10 13 -12 -13 15 -15 -16 -17 -18 18 -20
leaf_value=-0.0014479922020789039 -0.031678144736219736 0.02581717434949015 -0.0095492403238785183 -0.063938952984334593 -0.021923544170391572 -0.012174559374811456 0.010515198757150923 0.024644475157519923 0.025743133191588961 0.029931296950161893 0.02898659021927379 0.0015473471022757737 -0.035537873575721336 0.0041589973476070458 0.023632409148731767 -0.0048788323144332872 0 0 0.031428478195215895
leaf_weight=23.669442744692791 5.8421892849728447 1.0995627776719619 2.3765414103399953 0.60990230925381084 2.7829273806419224 0.71923626028001342 1.3705776631832103 1.7397069726139305 6.1331231724470845 4.3598208443727327 2.7353852689266196 2.1221824064850807 2.9933750964701176 4.1792277842760086 1.9510025009512899 2.5878030490130186 1.5260955821722744 1.2048808874096724 1.7525775390677152
leaf_count=304 60 66 24 14 197 9 14 19 49 40 24 21 35 37 23 28 24 39 32
internal_value=0.0014959 -0.00829746 -0.0113937 0.00412899 -0.00909073 -0.00255896 0.00608145 -0.00673873 0.0088767 0.00576579 0.00168913 -0.019123 -0.015256 0.0178591 0.00492848 -0.0221865 -0.025419 0.0114963 0.0184441
internal_weight=71.7556 14.9176 13.818 56.838 7.06952 6.45962 49.7685 8.69146 41.077 34.9439 26.4048 9.49047 6.95176 8.53905 4.32754 5.58118 7.36828 3.67669 2.95746
internal_count=1059 218 152 841 291 277 550 96 454 405 328 105 77 77 47 63 84 80 71
is_linear=0
shrinkage=0.03


Tree=221
num_leaves=20
num_cat=0
split_feature=10 5 2 10 17 0 7 9 4 7 17 0 7 15 9 9 15 17 10
split_gain=1.93435 1.63908 2.61764 2.02899 1.98646 1.56726 1.78165 2.36291 1.94665 1.43984 1.86662 3.281 2.01803 1.28292 0.704371 0.656657 0.617155 0.965569 0.265306
threshold=0.64697661998182598 63.29690589418157 75.201492680862529 0.76002478969425036 2.8704941785482494 97.963947527389493 35.214626391096992 757.50000000000011 33.551855172042075 32.392686804451522 2.4312192143704459 77.63967716321234 24.357284113381677 12.511543399347948 778.92857142857144 803.21428571428578 12.447763859071189 3.5387780433176115 0.28586692733097885
decision_type=2 2 2 2 2 2 2 2 2 2 2 2 2 2 2 2 2 2 2
left_child=5 2 13 -3 -4 6 9 -8 15 10 12 -12 -1 16 -10 -9 17 -2 -7
right_child=1 3 4 -5 -6 18 7 8 14 -11 11 -13 -14 -15 -16 -17 -18 -19 -20
leaf_value=0.021394473854334118 -0.0015070191958346704 -0.036055197311730208 -0.016422856363021435 0.02889899370261674 0.024183986433163395 -0.036752917776275727 -0.059988613966882577 0.0034287937765659035 -0.011802468005150533 0.028108831877571159 -0.012153334160459705 0.0082544749982977166 -0.0064085823114414468 0 0.018097752015019172 -0.028632083802697609 -0.041441690313408754 -0.03224470308512211 -0.0054184745683834414
leaf_weight=10.233465290744787 1.9218967310152928 0.43114145123399739 1.7477074302732933 1.8422532777767626 2.401240995619446 0.79218536242842563 0.63672145502641697 0.5275920778512958 0.72275222279131446 2.7224115179851642 10.287430935772134 22.003472233191133 2.7946988041512659 1.8711197474040089 2.9254969006869942 2.2238240313017741 2.4319245112128556 2.1825887355953455 0.75649566669017076
leaf_count=139 24 10 19 57 36 17 14 6 9 25 123 181 48 23 71 191 28 21 17
internal_value=0.00145894 -0.00808517 -0.0124592 0.0143165 0.00638872 0.00402118 0.00492115 -0.00890293 -0.00251395 0.0070225 0.00563065 0.00164276 0.0151985 -0.0220786 0.011217 -0.0215276 -0.0282646 -0.0189437 -0.0245234
internal_weight=71.4564 14.8299 12.5565 2.27339 4.14895 56.6265 55.0779 7.03639 6.39967 48.0415 45.3191 32.2909 13.0282 8.40753 3.64825 2.75142 6.53641 4.10449 1.54868
internal_count=1059 218 151 67 55 841 807 291 277 516 491 304 187 96 80 197 73 45 34
is_linear=0
shrinkage=0.03


Tree=222
num_leaves=20
num_cat=0
split_feature=10 3 15 0 7 15 9 17 3 7 17 9 7 2 14 15 17 8 10
split_gain=1.83646 1.64538 1.80455 1.4971 1.68952 2.28733 2.16794 2.05703 1.38577 1.3781 1.75524 3.12806 1.90215 1.3402 1.3267 1.1103 1.55744 0.367687 0.257422
threshold=0.64697661998182598 116.50507848568795 12.501116182161811 97.963947527389493 35.214626391096992 12.447763859071189 760.71428571428589 3.353300687040921 100.59894667997659 32.392686804451522 2.4312192143704459 737.50000000000011 24.357284113381677 75.201492680862529 215.90634784317083 12.447763859071189 3.9590722699683805 796.28435157846923 0.28586692733097885
decision_type=2 2 2 2 2 2 2 2 2 2 2 2 2 2 2 2 2 2 2
left_child=3 2 13 4 9 7 -7 17 -8 10 12 -12 -1 15 -4 16 -2 -6 -5
right_child=1 -3 14 18 5 6 8 -9 -10 -11 11 -13 -14 -15 -16 -17 -18 -19 -20
leaf_value=0.02076103574321727 0 0.025650352111463031 -0.0094655118952129847 -0.036274768789318221 0.010169413788041128 -0.066028009851139158 -0.021252903935357659 0.031016674423166142 0.023901236244519061 0.027566933132982252 0.0099753034286449594 -0.0087495823703780812 -0.0062408332374324967 0.0014606820481961947 0.023011699932506617 -0.04104055895591309 -0.034769211368006342 -0.023865016057133679 -0.0052705508803103781
leaf_weight=10.23239456466399 2.8824408608488721 1.0657271675299842 2.3566135023720554 0.78005166072398313 0.17240680102258865 0.78620540723204646 2.5258995307376613 1.7532229814678428 0.65342973545193661 2.6950346915982655 17.964969246182591 14.265361132798715 2.7865374386310569 2.0969623178243637 1.913436798378825 2.4923007965553552 1.8971613142639396 1.106509134522639 0.75719146896153688
leaf_count=139 36 66 24 17 3 10 121 32 24 25 149 155 48 21 23 31 17 101 17
internal_value=0.00140659 -0.00793634 -0.0109467 0.00390182 0.00478186 -0.00871508 -0.0236905 0.0100435 -0.010612 0.00682828 0.00546888 0.00159332 0.0147494 -0.0183206 0.0045948 -0.0243742 -0.0144059 -0.0166966 -0.0240902
internal_weight=71.1839 14.7046 13.6389 56.4792 54.942 6.99767 3.96553 3.03214 3.17933 47.9443 45.2493 32.2303 13.0189 9.36887 4.27005 7.2719 4.7796 1.27892 1.53724
internal_count=1059 218 152 841 807 291 155 136 145 516 491 304 187 105 47 84 53 104 34
is_linear=0
shrinkage=0.03


Tree=223
num_leaves=20
num_cat=0
split_feature=10 11 5 12 17 7 15 17 8 10 10 7 7 12 13 11 3 3 6
split_gain=1.735 1.98068 1.65776 1.49724 3.80213 1.78615 2.16775 1.97576 1.53782 1.53321 3.50102 1.6761 1.70911 1.58764 1.31537 1.9858 1.4487 1.02452 0.808993
threshold=0.64697661998182598 1.0000000180025095e-35 63.29690589418157 0.00012946019929460003 4.2204367101364282 35.214626391096992 12.447763859071189 3.353300687040921 775.90428774639315 0.15596513700674752 0.092982464602077916 2.6671408250355619 7.7935222672064786 0.00025123346245605008 1.4519749094458444e-06 0.69551507943809765 106.19485999232835 91.007690790771065 71.5833720316203
decision_type=2 2 2 2 2 2 2 2 2 2 2 2 2 2 2 2 2 2 2
left_child=3 -2 14 4 -1 9 7 -7 -8 10 13 -11 -13 -5 15 -3 -17 -10 -16
right_child=1 2 -4 5 -6 6 8 -9 17 11 -12 12 -14 -15 18 16 -18 -19 -20
leaf_value=-0.037625689485716055 -0.026300274855443621 0.018772425444506257 0.027001836800884103 -0.017977509375233049 0.01389117618718076 -0.016407469196322334 -0.053298747650945923 0.030721572153076231 -0.028989521338833871 0.036490284173423634 -0.030879644660423665 -0.011548856803373969 0.014862801550351773 0.0088171617264714893 -0.0050335875747428331 -0.030624621301024311 0.0067329215077917559 0.0046558652079926755 -0.039342021596969291
leaf_weight=2.4605613395106039 3.7401879945537067 3.0789681742899102 1.5012298438232381 2.0222707798238906 2.4108319189399481 1.2585363948019215 1.0452100667171182 1.7184504708275197 1.298101334134117 2.6671294029802111 2.3732560130301854 2.4776876349933437 12.232994666905141 22.738131306599826 1.5774199273437264 1.9354304205626252 1.47478582104668 1.613354572560638 1.3171840743161736
leaf_count=56 53 31 49 50 16 104 16 32 102 17 27 25 125 234 25 26 21 37 13
internal_value=0.00136332 -0.00774282 -0.000911843 0.00379087 -0.0117602 0.00534157 -0.00853268 0.00993684 -0.023071 0.00758433 0.00296843 0.0145617 0.0101638 0.00644456 -0.00593147 0.00120585 -0.0138827 -0.00981357 -0.0224398
internal_weight=70.9417 14.6252 10.885 56.3165 4.87139 51.4451 6.93365 2.97699 3.95667 44.5115 27.1337 17.3778 14.7107 24.7604 9.38379 6.48918 3.41022 2.91146 2.8946
internal_count=1059 218 165 841 72 769 291 136 155 478 311 167 150 284 116 78 47 139 38
is_linear=0
shrinkage=0.03


Tree=224
num_leaves=20
num_cat=0
split_feature=11 3 9 3 11 16 9 6 17 17 14 9 2 17 6 0 3 17 9
split_gain=1.40469 1.61975 1.62018 1.67808 2.04337 3.34714 1.55378 2.34736 2.11532 1.79209 1.66004 2.06642 1.6025 2.61038 2.10637 1.99602 1.74789 1.25233 1.13623
threshold=-0.68843238904368531 80.691717112062605 610.357142857143 94.701360502714905 -0.77672946450137414 0.020613041618282802 794.64285714285722 49.649980750514466 2.1969014606566168 1.8989994014163509 249.14816022770663 808.21428571428589 71.733613371838644 4.7945308799699839 51.143789901406386 83.89564245434309 92.409352761775679 1.4460183284052499 818.92857142857167
decision_type=2 2 2 2 2 2 2 2 2 2 2 2 2 2 2 2 2 2 2
left_child=1 -1 -3 4 5 -4 9 8 17 -2 -9 -12 14 15 -11 -14 -16 -8 -10
right_child=6 2 3 -5 -6 -7 7 10 18 12 11 -13 13 -15 16 -17 -18 -19 -20
leaf_value=-0.026037222140356295 0.020154938993629783 -0.02876128968114567 0.026255058243568462 0.020131058953020978 0.022729128622851501 -0.016040503457076218 0.016463689514416603 -0.018941209907066218 0.047541586080296037 -0.037746516029977688 0.040062511987431472 -0.0049178326705286808 0.021042354188051803 0.024004693178089842 0.0080366137203760919 -0.0129321850470175 -0.014465349081976216 -0.027211757139049147 0.012239388388668419
leaf_weight=1.1026389340404446 2.1917559411376706 0.83310982026160019 2.1639411300420797 9.7707359441556019 3.3053165094461265 6.2536990186199546 1.1618499661562949 3.5891171308467165 2.2149824593216181 2.6003071917221012 1.203726005740464 2.7732061836868525 1.7557712718844403 3.1913392294663927 4.0233518928289405 8.459634395549072 11.205231745494528 0.97903236420825113 1.8490393909160046
leaf_count=95 16 18 19 110 25 95 14 100 9 27 8 147 13 51 25 105 116 37 29
internal_value=0.00131857 0.00733042 0.00922085 0.0109584 0.00295385 -0.00463469 -0.0016115 0.00674428 0.0203533 -0.00515312 -0.004145 0.00860956 -0.00708334 0.000545106 -0.0129581 -0.00665461 -0.00831103 -0.00249351 0.03288
internal_weight=70.6278 23.4294 22.3268 21.4937 11.723 8.41764 47.1983 13.771 6.2049 33.4274 7.56605 3.97693 31.2356 13.4067 17.8289 10.2154 15.2286 2.14088 4.06402
internal_count=1059 362 267 249 139 114 697 344 89 353 255 155 337 169 168 118 141 51 38
is_linear=0
shrinkage=0.03


Tree=225
num_leaves=19
num_cat=0
split_feature=3 1 6 10 7 16 15 10 16 10 11 0 8 11 10 14 13 1
split_gain=1.617 1.5584 1.8383 2.81661 2.55739 1.60272 1.85888 2.62951 2.04794 1.87248 1.35084 2.63249 1.40287 1.09515 0.882892 0.793069 1.31982 0.535496
threshold=115.54354736172921 4.3314407271410333 40.908977921082531 0.55690443817465829 4.9390243902439037 0.021589852904851905 12.499627998333436 0.33715594620406381 0.059205614062826907 0.18350987163337981 -0.68843238904368531 76.332148062800769 775.90428774639315 -0.013202786860797048 -0.60647573781613728 177.89939156422449 9.1122090893599501e-07 4.1037331432033897
decision_type=2 2 2 2 2 2 2 2 2 2 2 2 2 2 2 2 2 2
left_child=1 5 3 -3 13 15 8 -8 9 -7 11 -6 -12 -4 -2 16 -1 -10
right_child=14 2 4 -5 10 6 7 -9 17 -11 12 -13 -14 -15 -16 -17 -18 -19
leaf_value=-0.022180313905444886 -0.010149256558572739 -0.037017426657632253 0.030497163888057614 0.0058964680372862342 -0.0093852116411080582 -0.020008101123759371 -0.031818112922333823 0.021940404877699726 0.019390635585949181 0.026284964154150416 -0.013031807099750031 0.015262991703807977 7.7580922552369553e-05 0.0019942758602092743 0.027892151638015446 -0.030325677679988942 0.031688715291178622 0.050953451720849849
leaf_weight=0.75683469220530175 0.49743489362299476 3.1742983907461158 2.9419292621314526 2.1502230148762465 7.071043763775374 1.3227245315210878 1.4776242123916747 1.5713846081634981 1.3809759742580356 1.597821000497788 16.078750112559653 8.2810950740240497 12.632168248645028 2.4440620094537726 2.7007128922268739 1.0302824231330303 0.6665337011218071 2.0083859728183597
leaf_count=38 7 25 19 16 138 45 47 23 37 22 145 80 259 17 102 24 4 10
internal_value=0.000408093 -0.000562862 -0.00273949 -0.0193451 -0.000855475 0.00921637 0.0149892 -0.00334269 0.0242293 0.00435721 -0.00331118 0.00372886 -0.00717959 0.0183821 0.0209373 -0.0113528 0.00150036 0.0398774
internal_weight=69.7843 66.5861 54.7736 5.32452 49.449 11.8126 9.35892 3.04901 6.30991 2.92055 44.0631 15.3521 28.7109 5.38599 3.19815 2.45365 1.42337 3.38936
internal_count=1058 949 699 41 658 250 184 70 114 67 622 218 404 36 109 66 42 47
is_linear=0
shrinkage=0.03


Tree=226
num_leaves=16
num_cat=0
split_feature=3 4 1 10 10 10 14 13 9 7 1 14 10 15 10
split_gain=1.54792 1.52168 1.57706 2.10059 1.22832 3.06299 1.73728 1.51485 1.15881 1.14006 1.69891 1.15415 1.0409 0.295125 0.29134
threshold=115.54354736172921 39.597211942430881 9.0719343414854681 0.13797398303562772 0.13069642209462631 0.072689103766732807 59.797909680029726 1.9834068663283388e-06 578.21428571428589 2.6671408250355619 2.4850886540087491 88.613378446768721 -0.85313823316802317 12.422727686930655 0.098151288377687509
decision_type=2 2 2 2 2 2 2 2 2 2 2 2 2 2 2
left_child=1 4 -3 13 5 6 -1 -8 -6 11 -11 -10 -2 -4 -7
right_child=12 2 3 -5 8 14 7 -9 9 10 -12 -13 -14 -15 -16
leaf_value=-0.049325365999973315 -0.016551732699151622 -0.03900129043800557 0.0013693484214298789 -0.02271642691773134 -0.020917140690108429 -0.045650459423754661 0.0049281946875594411 -0.012444165299136667 -0.0009287947388160276 0.046351366326184903 0.0013844165028235767 0.02495314263722569 0.027789595902333448 0.027482764127080145 -0.015279495104617596
leaf_weight=0.53947397600860014 0.41417251247912679 1.6529006976634253 1.0021122884936633 2.5612870324403048 1.3491569012403477 1.4048950735013925 18.962271987460557 5.7947171817068002 1.9458275712095225 0.6906706730369504 23.654791480279528 4.7711058529093862 2.724117435514926 1.0585866039618848 0.99130870960652817
leaf_count=10 5 17 15 24 8 16 238 188 30 8 319 32 104 20 24
internal_value=0.000402838 -0.000540412 -0.0145054 -0.00446943 0.000889371 -0.00368185 -0.000431341 0.000707558 0.00488664 0.00616719 0.00296723 0.0171117 0.0206809 0.0168234 -0.0354033
internal_weight=69.5174 66.3791 6.27489 4.62199 60.1042 27.6927 25.2965 24.757 32.4116 31.0624 24.3455 6.71693 3.13829 2.0607 2.3962
internal_count=1058 949 76 59 873 476 436 426 397 389 327 62 109 35 40
is_linear=0
shrinkage=0.03


Tree=227
num_leaves=19
num_cat=0
split_feature=3 5 14 0 0 8 14 1 9 2 11 11 9 14 11 6 11 4
split_gain=1.48426 1.45182 2.15627 1.7513 2.30435 1.5282 1.44582 2.27916 1.7796 2.08479 1.53509 1.3388 1.05066 1.22483 0.444132 0.322592 0.0596541 0.0331097
threshold=115.54354736172921 51.923093370545629 247.08067885534754 77.206139345121628 82.165662878462527 796.28435157846923 212.70728870575962 6.1732332338743694 708.92857142857144 72.351474864977163 -0.80007286343095496 -0.15766921016635674 788.92857142857144 286.050199616459 3.5426273841812761 78.38065404919071 -0.98118120717503621 21.962971848380491
decision_type=2 2 2 2 2 2 2 2 2 2 2 2 2 2 2 2 2 2
left_child=1 2 6 5 -5 -3 8 17 9 -1 -10 -9 -7 -14 16 -4 -2 -8
right_child=14 3 15 4 -6 12 7 11 10 -11 -12 -13 13 -15 -16 -17 -18 -19
leaf_value=-0.032654797989663149 0.0015151378454797615 0.028949693691618476 0.01048721029870441 -0.041083579964361405 0 -0.039565544955685927 -0.018085027816558616 0.013322758226186218 -0.0047889762304861678 -0.00055512229421479306 0.012667953394445014 -0.016337684651150514 -0.012359386496939739 0.010856312857933176 -6.7771654071013807e-05 0.03203991699222436 0.027685485210253123 -0.036156864296008451
leaf_weight=2.0260770451277521 0.35308070061728436 1.1839842246845353 1.864022642374038 2.7390536451712242 2.0655587441287935 0.67689362168311973 1.4780041463673099 3.2425323771312833 5.8518433398567096 14.22011147206649 16.720445140264935 2.2018685080111027 4.7375563681125623 3.3639631038531661 0.50109317898750294 2.0258726701140404 2.2219306335318825 1.9007430425845084
leaf_count=17 17 14 21 26 28 5 34 29 90 139 178 24 202 106 17 13 75 23
internal_value=0.000383979 -0.000530926 0.00180039 -0.00882556 -0.0235409 -0.00126716 0 -0.0108655 0.00252326 -0.00491711 0.00800878 0.00070784 -0.0059607 -0.002339 0.0204431 0.0229855 0.0254093 -0.029861
internal_weight=69.3746 66.2985 51.5315 14.767 4.80461 9.9624 47.6416 8.82315 38.8185 16.2462 22.5723 5.4444 8.77841 8.10152 3.0761 3.8899 2.57501 3.37875
internal_count=1058 949 568 381 54 327 534 110 424 156 268 53 313 308 109 34 92 57
is_linear=0
shrinkage=0.03


Tree=228
num_leaves=20
num_cat=0
split_feature=3 4 17 1 17 14 17 1 6 9 17 16 5 16 16 5 11 17 17
split_gain=1.42333 1.41418 2.01189 2.17017 1.2461 2.66036 4.50144 1.87295 4.30724 2.56941 1.67949 1.49252 1.28148 0.756038 0.610555 0.511539 0.435718 0.231289 0.183973
threshold=115.54354736172921 39.597211942430881 4.4119555292698616 9.0719343414854681 2.752727462075931 212.70728870575962 2.3170107674840108 4.3590486364044692 40.908977921082531 669.28571428571433 2.2479022495391128 0.059880828142540608 39.520451696573836 0.017393343827824252 0.34197575966275701 58.987033664718254 3.5426273841812761 3.6339014462760031 2.4211725651372489
decision_type=2 2 2 2 2 2 2 2 2 2 2 2 2 2 2 2 2 2 2
left_child=1 4 3 -3 5 6 10 11 -9 -10 -1 17 -8 -7 -15 -5 18 -6 -2
right_child=16 2 -4 15 7 13 12 8 9 -11 -12 -13 -14 14 -16 -17 -18 -19 -20
leaf_value=0.0067310796364750585 0 -0.032008008723678087 -0.034415300350733549 0.031565519110045466 -0.0074087371995699676 0 -0.030507833912251481 -0.028761460097488166 0.026865783566394592 0.0014215819300323516 0.039074408596765531 0.03303620450488938 0.0055881606967084904 -0.030703080026991087 0 0.0021704502647856062 -6.6075992057212766e-05 0.009856654508711031 0.028956577339569658
leaf_weight=7.7512644942617062 0.44489748775959004 1.1835401933640235 2.4818320861086249 0.99467934668064151 1.1233011987060302 1.0409091962501396 3.6025094023207194 3.7167553156614295 4.0924714719876674 26.490450914017856 1.8127480866387484 3.2008892796002328 0.95411171438172449 4.2772967249620706 0.46683208155445743 1.5595983345992861 0.50109842629171897 1.3758946813177315 2.0824744345154613
leaf_count=131 3 14 29 6 18 34 63 27 47 262 14 26 10 213 15 27 17 13 89
internal_value=0.000367661 -0.000522868 -0.0140485 0 0.000852504 -0.00520039 0.00165407 0.00394497 0.00118196 0.00500065 0.0135127 0.0197468 -0.0223477 -0.022185 -0.0271734 0.0155056 0.020166 0.000955783 0.0251691
internal_weight=69.1536 66.1251 6.21965 3.73782 59.9054 19.9057 14.1206 39.9998 34.2997 30.5829 9.56401 5.70009 4.55662 5.78504 4.74413 2.55428 3.02847 2.4992 2.52737
internal_count=1058 949 76 47 873 480 218 393 336 309 145 57 73 262 228 33 109 31 92
is_linear=0
shrinkage=0.03


Tree=229
num_leaves=20
num_cat=0
split_feature=1 12 9 11 8 8 5 17 11 15 17 17 11 17 17 9 6 4 11
split_gain=1.22745 2.59411 1.76874 2.18053 2.54119 1.855 2.25473 1.73312 1.80019 1.61585 1.76933 1.61526 1.57974 1.52731 2.24936 1.25332 1.09772 1.051 0.912753
threshold=4.3314407271410333 6.2718208546063426e-05 671.78571428571433 -0.68843238904368531 785.03861003861027 775.90428774639315 51.923093370545629 2.1969014606566168 -1.1973072115830219 12.432288439984736 2.4801615628267126 5.4148114146755004 -0.6669593018316603 2.3207526361740904 2.752727462075931 806.07142857142856 37.502880199437882 15.828247523673129 2.3613725359988544
decision_type=2 2 2 2 2 2 2 2 2 2 2 2 2 2 2 2 2 2 2
left_child=7 -2 9 4 11 6 -5 8 -1 18 -11 -4 -7 -9 -15 -6 -12 -16 -3
right_child=1 2 3 5 15 12 -8 13 -10 10 16 -13 -14 14 17 -17 -18 -19 -20
leaf_value=0.046329799349039039 -0.061196874498712216 0.029753089047264817 0.021563826518979406 -0.0090420980436287761 -0.02635135587621391 -0.051978724951327424 -0.037491809261735308 0.044020579686247542 -0.016906079431235017 -0.03728788686173018 -0.01331999679580192 -0.006553339723191662 0.002317392823946926 -0.015565482820009956 0.0017730365739692781 0 0.016332706759612781 0.030569472164176541 0
leaf_weight=0.34987372346222345 0.54804019629955192 3.7235745810903591 7.6107729352079279 12.644655551761398 2.2326521640643469 0.40190066047943673 3.2411649026907972 1.4287683786824326 3.0692896199179813 0.89070256054401387 1.474130838178098 2.1689428291283548 12.140956824296156 2.0649342589313164 2.0946562218014151 4.8767553169745952 3.3634868878871202 3.2734925411641598 1.2125615105032919
leaf_count=4 3 62 75 100 21 9 30 14 126 9 15 23 251 54 35 120 64 26 17
internal_value=0.000364722 -0.00146114 -0.000714788 -0.00335475 0.00505385 -0.00845555 -0.0152325 0.00895552 -0.00845022 0.0101518 -0.000229999 0.0150211 0 0.0160253 0.00973291 -0.00825924 0.00660252 0.0201196 0.0225607
internal_weight=68.8113 56.5303 55.9823 45.3178 16.8891 28.4287 15.8858 12.281 3.41916 10.6645 5.72832 9.77972 12.5429 8.86185 7.43308 7.10941 4.83762 5.36815 4.93614
internal_count=1058 799 796 629 239 390 130 259 130 167 88 98 260 129 115 141 79 61 79
is_linear=0
shrinkage=0.03


Tree=230
num_leaves=20
num_cat=0
split_feature=16 4 1 7 8 7 10 7 12 15 9 15 7 7 7 14 12 1 1
split_gain=1.59977 2.00649 3.21473 1.66819 1.55998 1.21791 1.25992 1.21243 1.39036 1.19876 1.75998 1.95618 1.67528 1.09477 0.989764 1.29252 1.94052 0.975356 0.940103
threshold=0.070250275659928613 20.360351733025343 5.455200471993769 2.2991543340380556 714.89547038327532 5.4804804804804812 0.43274713815952714 11.237373737373739 0.00049248669447565015 12.524975408508395 736.07142857142878 12.492192390814054 7.7935222672064786 1.0000000180025095e-35 15.849282296650719 249.8309621088429 0.0010542455757130502 5.7226325401016593 4.1955815993799295
decision_type=2 2 2 2 2 2 2 2 2 2 2 2 2 2 2 2 2 2 2
left_child=1 5 -3 17 -5 13 7 -7 -9 10 12 -12 -4 -1 -6 18 -17 -2 -16
right_child=3 2 9 4 14 6 -8 8 -10 -11 11 -13 -14 -15 15 16 -18 -19 -20
leaf_value=0.0080802817098667278 -1.5529215067469171e-05 -0.028628214966596593 -0.0016863068054211582 -0.024303733816630046 0.006818235053626138 0.04375544690191327 -0.0032023493590911563 -0.0017155966997324354 0.027078374939252442 0.030778849400726213 -0.0027621022300827439 -0.043534122270339641 0.018291110731764326 -0.025398438921655348 0 0.024791046859409433 -0.013522463884148879 0.031598558053074696 -0.028720232545489183
leaf_weight=3.8198245086241505 1.7289154063910275 3.1977216026280102 7.0794283384457284 4.810933043947446 4.5413049678318194 2.1392977006034908 1.6355074492748825 2.2427890725666657 3.5403641799930483 1.209376957733183 11.523650620598344 1.0979529269970942 7.4027438114862889 1.030653645051643 1.3447075714357177 1.8292938171653075 2.9779713996686041 1.3683561868965624 3.4630503794178367
leaf_count=44 20 57 53 66 54 20 31 43 74 13 175 20 109 27 26 24 80 15 54
internal_value=0.000414475 0.00364409 -0.000513668 -0.00615756 -0.00958969 0.0128846 0.0190495 0.0239998 0.0155624 0.00264562 0.0011715 -0.006859 0.00837508 0 -0.00424338 -0.00979314 0.000653614 0.0135645 -0.0206506
internal_weight=67.9838 45.9193 31.5109 22.0645 18.9673 14.4084 9.55796 7.92245 5.78315 28.3132 27.1038 12.6216 14.4822 4.85048 14.1563 9.61502 4.80727 3.09727 4.80776
internal_count=1005 666 427 339 304 239 168 137 117 370 357 195 162 71 238 184 104 35 80
is_linear=0
shrinkage=0.03


Tree=231
num_leaves=20
num_cat=0
split_feature=16 5 4 1 5 2 7 16 3 17 17 6 7 17 5 12 15 14 3
split_gain=1.5089 1.91344 1.89821 3.06654 1.84393 1.3901 2.02177 1.35013 1.32937 1.73569 2.16501 1.59144 1.15074 2.85796 1.34568 1.87898 1.23396 0.845946 0.818092
threshold=0.070250275659928613 18.828414464886098 20.360351733025343 5.455200471993769 16.153543342399448 65.985900891561286 16.472868217054266 0.026301237652262954 111.55398160167056 4.2204367101364282 3.353300687040921 48.973818094220057 5.4804804804804812 4.4119555292698616 35.61880419556384 0.00049248669447565015 12.372227306226094 85.047787080071672 113.20836965998258
decision_type=2 2 2 2 2 2 2 2 2 2 2 2 2 2 2 2 2 2 2
left_child=2 17 12 -4 -5 6 -6 -7 9 10 11 -3 13 16 -14 -16 -1 -2 -10
right_child=1 8 3 4 5 7 -8 -9 18 -11 -12 -13 14 -15 15 -17 -18 -19 -20
leaf_value=0.014430366708590551 0 -0.026915757857080742 -0.028154035356779523 -0.042467582227329444 -0.032873461206819284 0.017962953716887543 0.0012817505004630322 0.00076000440084959744 -0.05262802603975477 -0.021281671134165382 0.020824256401864197 0 0.033238874202495793 0.025293914083461662 -0.012487535592538601 0.021504513351878557 -0.03086715958677079 0.033488945035910017 -0.0075581438998787581
leaf_weight=0.55159266502596382 1.4280072487890749 2.6532968827523344 3.156347747892144 0.68510002177208917 1.7644327171146894 8.2111865277402121 8.6849935106001777 8.8930882827844453 0.92636422440409549 5.0126488022506228 3.0984158525243393 6.6821626574965194 3.5600668363040295 2.1885147243738174 2.1286340891383588 3.841299680643715 2.0861184690147638 1.2866012887097893 0.90148612414486706
leaf_count=12 15 52 57 6 25 88 168 83 6 53 35 127 42 16 39 87 43 16 35
internal_value=0.000399547 -0.00599227 0.00354337 -0.000505556 0.00256739 0.00394515 -0.00445808 0.00924934 -0.00942631 -0.00655651 -0.000258359 -0.00772012 0.0125476 0 0.0185443 0.00888405 -0.0201177 0.016793 -0.033501
internal_weight=67.7404 21.989 45.7514 31.3951 28.2388 27.5537 10.4494 17.1043 19.2744 17.4465 12.4339 9.33546 14.3562 4.82623 9.53 5.96993 2.63771 2.71461 1.82785
internal_count=1005 339 666 427 370 364 193 171 308 267 214 179 239 71 168 126 55 31 41
is_linear=0
shrinkage=0.03


Tree=232
num_leaves=20
num_cat=0
split_feature=16 5 11 11 11 11 16 14 3 12 9 14 3 17 17 6 9 13 6
split_gain=1.42837 1.81833 1.51509 2.11411 1.69679 2.90735 1.57334 1.68862 1.26301 1.76195 3.12291 1.36413 1.26299 1.63068 2.05789 1.53204 1.01659 1.00049 1.00797
threshold=0.070250275659928613 18.828414464886098 -0.5133693132741578 -0.21501535635652105 -0.84599465872403645 -0.86779770536837131 0.059880828142540608 121.74960558057809 86.331026440540469 0.00082732938847780008 687.50000000000011 261.31747434675327 111.55398160167056 4.2204367101364282 3.353300687040921 48.973818094220057 641.07142857142878 2.0822282146709134e-06 59.566627803281186
decision_type=2 2 2 2 2 2 2 2 2 2 2 2 2 2 2 2 2 2 2
left_child=2 -2 4 16 5 6 7 -1 -5 10 -10 -11 13 14 15 -3 -4 18 -6
right_child=1 12 3 8 17 -7 -8 -9 9 11 -12 -13 -14 -15 -16 -17 -18 -19 -20
leaf_value=-0.034644325118647561 0.016407710688459448 -0.02655177637703314 -0.041455685274502302 0.020013219885792948 0.010466667972863134 -0.034327582030392642 0.03286154881547311 0.0072880269112843158 0.0077679229745114898 0.030772135238016904 -0.024296836193819275 -0.0014459571486863561 -0.032692042558866451 -0.020643634963289595 0.020415459963707389 0 -0.0094551138999000098 -0.002287141902060121 0.032333761727449881
leaf_weight=0.90671180456410905 2.7023021187633303 2.6109947068616801 1.1310455319471682 3.3706224017078084 4.4842413631267828 1.6669227451784561 1.7037116056308148 5.8458967118058354 5.834834748413412 2.3707553800195447 4.8499043229967356 1.9310806950088588 1.8246415762696404 5.0155940302647641 3.068111164495348 6.6821626574965194 5.4763775818282738 1.5829336699098338 4.3763144421391189
leaf_count=17 31 52 11 63 48 18 20 108 76 41 56 41 41 53 35 127 84 52 31
internal_value=0.000384788 -0.00584375 0.00345314 -0.00141127 0.00948114 0.000398658 0.00791576 0.00079634 0.00370512 0 -0.00659874 0.0159237 -0.00919949 -0.00638808 -0.000243882 -0.00752862 -0.0159166 0.0179133 0.0218422
internal_weight=67.4352 21.9038 45.5314 24.9646 20.5667 10.1232 8.45632 6.75261 18.3572 14.9866 10.6847 4.30184 19.2015 17.3769 12.3613 9.29316 6.60742 10.4435 8.86056
internal_count=1005 339 666 372 294 163 145 125 277 214 132 82 308 267 214 179 95 131 79
is_linear=0
shrinkage=0.03


Tree=233
num_leaves=20
num_cat=0
split_feature=16 5 11 11 11 11 10 1 9 9 9 12 12 3 9 11 3 11 7
split_gain=1.35006 1.72166 1.43511 2.0031 1.61217 2.74682 1.9258 1.90838 1.19646 2.16426 1.95707 1.37842 1.24621 1.18968 0.976157 0.941515 1.73259 1.11019 0.850171
threshold=0.070250275659928613 18.828414464886098 -0.5133693132741578 -0.21501535635652105 -0.84599465872403645 -0.86779770536837131 -0.042646647700634845 9.0719343414854681 794.64285714285722 651.07142857142878 816.07142857142878 0.00077610416847890011 0.00082732938847780008 111.55398160167056 641.07142857142878 0.51333678122341497 102.81533151157775 -0.75862356384490537 7.7935222672064786
decision_type=2 2 2 2 2 2 2 2 2 2 2 2 2 2 2 2 2 2 2
left_child=2 -2 4 14 5 6 -1 -8 9 18 -10 -12 -11 15 -4 16 17 -3 -5
right_child=1 13 3 8 -6 -7 7 -9 10 12 11 -13 -14 -15 -16 -17 -18 -19 -20
leaf_value=0.024435850730213968 0.015975549862187174 -0.00083032080931267022 -0.040668503494588691 0.0027463349155753126 0.017493953647404161 -0.03336379769125241 -0.016202766387546801 0.023862567926740384 0.033184673986141854 -0.016821397488091781 -0.028406252618192872 0.013161783617997108 0.011631552155443519 -0.031787075377480947 -0.0091819220202180515 0.0070526796306044802 0.021726673385347228 -0.020069055207820569 0.029957208552063592
leaf_weight=3.5210808510892084 2.6949596800841418 4.5699927483219698 1.12044655508362 2.8533220682293203 10.380808373563921 1.6665169837651799 3.5029493666952467 1.392480678623542 2.6733946958556762 6.4803576152771694 1.0270347682526337 1.8359530497109515 1.5493849385529754 1.823160761501639 5.4731632290640846 3.4944663643836966 1.2573821945115913 7.987453061970883 1.8470005670096723
leaf_count=60 31 69 11 42 131 18 68 17 15 64 37 59 14 41 84 44 21 133 46
internal_value=0.000370783 -0.00569259 0.00336297 -0.00137718 0.00924603 0.000371515 0.00771688 -0.00395628 0.00361701 -0.0012524 0.0151693 -0.0011928 -0.0108867 -0.0089679 -0.0155082 -0.00622329 -0.0098236 -0.0133665 0.0144652
internal_weight=67.1513 21.8274 45.3239 24.8601 20.4638 10.083 8.41651 4.89543 18.2664 12.7301 5.53638 2.86299 8.02974 19.1325 6.59361 17.3093 13.8148 12.5574 4.70032
internal_count=1005 339 666 372 294 163 145 85 277 166 111 96 78 308 95 267 223 202 88
is_linear=0
shrinkage=0.03


Tree=234
num_leaves=20
num_cat=0
split_feature=4 1 4 1 15 11 5 5 8 7 8 2 13 15 16 11 17 10 3
split_gain=1.36779 2.68756 1.68262 1.66892 1.21073 1.18559 3.06753 2.71224 2.57011 1.56222 2.35544 1.61673 1.43108 1.28829 1.02465 1.74954 1.30155 1.14722 1.52506
threshold=20.360351733025343 5.5402617990413061 26.875300614541526 3.3840154458862992 12.368583807881807 -0.46387246223421263 18.828414464886098 16.153543342399448 760.75091575091585 8.1356867071152816 667.41883116883116 71.12621526284093 1.2396689070171034e-06 12.430816597150301 0.070453921597580918 0.21227029170281783 1.4770963457182194 -0.11969258115762019 83.748836987379818
decision_type=2 2 2 2 2 2 2 2 2 2 2 2 2 2 2 2 2 2 2
left_child=3 2 -2 4 -1 7 -7 -3 13 10 -8 -11 -10 -9 17 16 -16 -5 -19
right_child=1 5 -4 14 -6 6 9 8 12 11 -12 -13 -14 -15 15 -17 -18 18 -20
leaf_value=0.017846545802191589 -0.027120243475120414 -0.052347149656745307 0.010057148646155036 0.026799712968879254 -0.027116882253666198 0.034390627562232851 0 0.032564679144501292 -0.02612519937498204 -0.0072563861973239342 -0.04230057876305908 0.018049619973225902 0.0030552362894813731 0.0081064867313988334 0.020285086774554369 0.024707996360781154 -0.025692862401206024 -0.01570895723309557 0.014621071555060617
leaf_weight=0.57841225422453435 5.4075663351686662 0.58068333193660038 1.1786195696331558 4.6757687323261088 1.876774243195541 1.5853845467790986 2.1366727761924293 4.0395355927757937 1.7254919074475754 13.027015538536942 2.450460409745574 2.6107488195411852 8.2743902258807775 4.6086565626319498 0.56529078376479391 1.3570747307967392 2.3122731881448999 1.7920859925216044 6.1019719410687685
leaf_count=14 84 5 12 51 89 16 24 38 26 195 18 59 118 55 13 16 53 64 55
internal_value=0.000362877 -0.00231871 -0.0199676 0.00712658 -0.0150661 0.000482424 -0.00421671 0.00596189 0.00820712 -0.00754497 -0.0228336 -0.00275304 -0.00189167 0.0201154 0.0106164 -0.00149524 -0.0152751 0.0149131 0.00724998
internal_weight=66.8849 47.6252 6.58619 19.2597 2.45519 41.039 21.8103 19.2288 18.6481 20.2249 4.58713 15.6378 9.99988 8.64819 16.8045 4.23464 2.87756 12.5698 7.89406
internal_count=1005 650 96 355 103 554 312 242 237 296 42 254 144 93 252 82 66 170 119
is_linear=0
shrinkage=0.03


Tree=235
num_leaves=16
num_cat=0
split_feature=1 2 13 17 5 0 13 4 3 14 12 0 4 2 9
split_gain=1.87208 2.01725 1.69738 1.57151 3.44376 2.40549 1.6902 1.53302 1.30806 1.11318 1.09085 0.868404 0.441978 0.331121 0.0291109
threshold=3.3840154458862992 60.475193332365812 2.4513113135983495e-07 1.8989994014163509 39.256735438696559 74.210410473641858 1.2110112806685599e-06 23.807107816314247 108.94959962317479 287.49039426699517 0.0010180904931245502 75.097859880953607 37.120589230746845 59.701522694943755 563.57142857142878
decision_type=2 2 2 2 2 2 2 2 2 2 2 2 2 2 2
left_child=14 9 -3 4 -4 -6 7 -5 -8 13 -11 12 -12 -2 -1
right_child=1 2 3 6 5 -7 8 -9 -10 10 11 -13 -14 -15 -16
leaf_value=0 -0.035865590196983023 0.02481638767395283 0.039166777892070424 -0.013583005589601996 -0.029572037721862274 0.020187150796765547 0.009304518434557563 0.0011614619006884337 -0.0076347189739073631 0.029022037630179468 -0.0049363159601679358 0.0057872710299583258 -0.035599992527886863 -0.0051977457825182292 -0.028887424053490009
leaf_weight=0.17721545696258445 1.8627196489833289 3.0739177623763672 2.9629830196499816 10.90096902754158 1.6536839753389361 1.6026661917567251 20.028575660660866 14.187394105829297 4.8789936830289653 0.64189419150352467 1.1329563573235653 1.470560092013329 1.0852047065272925 0.71828587725758541 1.7929719761013982
leaf_count=3 139 25 15 127 46 12 225 118 96 3 84 16 13 25 97
internal_value=0.000625013 0.00154417 0.00337916 0.0021117 0.0162168 -0.0043166 0.000268316 -0.00515444 0.00584917 -0.0135926 -0.00330857 -0.0103439 -0.0221208 -0.028962 -0.0273933
internal_weight=68.171 66.2008 59.2892 56.2153 6.21933 3.25635 49.9959 25.0884 24.9076 6.91162 4.33062 3.68872 2.21816 2.58101 1.97019
internal_count=1044 944 664 639 73 58 566 245 321 280 116 113 97 164 100
is_linear=0
shrinkage=0.03


Tree=236
num_leaves=18
num_cat=0
split_feature=2 14 12 15 15 6 13 16 7 9 17 10 17 10 10 8 2
split_gain=1.78451 1.11565 1.04696 1.03652 0.986728 1.08783 2.1646 1.82038 1.77238 1.71455 1.53161 0.870466 0.844545 0.641224 0.314994 0.306208 0.0402225
threshold=60.475193332365812 287.49039426699517 0.0010180904931245502 12.488477903462233 12.342413834162123 38.900397737897144 3.1230925621731257e-07 0.015675276256394553 2.1507863089731734 549.28571428571433 4.5806840025871152 -0.22912324925128241 4.4119555292698616 0.33018891455818672 -1.0940450215010011 768.89097744360913 56.262583847454174
decision_type=2 2 2 2 2 2 2 2 2 2 2 2 2 2 2 2 2
left_child=1 14 -3 11 -2 7 -7 -6 -8 -9 -10 -4 -11 16 -1 -16 -5
right_child=4 2 3 13 5 6 8 9 10 12 -12 -13 -14 -15 15 -17 -18
leaf_value=0 0.022980403508986443 0.028689882768497193 0.0068653647751637315 -0.017766523952219351 0.014728035459054125 0.033696562013319047 -0.031303967622990404 0.02446339931589302 0.0059535570209094607 -0.027115862541712329 -0.0068636339791347881 -0.033799436056362209 0 0.023725760706410703 0 -0.034631087332384618 0
leaf_weight=0.16390341660007868 1.9284004655200977 0.63116644322872151 0.45533539005555246 0.34006370976567246 2.1596592897549254 1.9338385369628657 1.2874537860043336 0.68883944116532791 36.279191536828876 4.7344210045412183 10.630910017993299 1.6507445496972653 1.2307497449219225 0.87780521158128977 0.22049143025651519 2.2570860552368686 0.34240007493644953
leaf_count=10 20 3 26 25 27 13 15 14 397 91 144 45 11 12 6 180 5
internal_value=0.00060426 -0.0136381 -0.00321771 -0.0101231 0.00229666 0.00153141 0.00328546 -0.00803385 0.00193591 -0.0159744 0.00297665 -0.0237351 -0.021465 0.00676674 -0.0287614 -0.0314611 -0.0114568
internal_weight=67.8125 6.939 4.29752 3.66635 60.8735 58.9451 50.1314 8.81367 48.1976 6.65401 46.9101 2.10608 5.96517 1.56027 2.64148 2.47758 0.682464
internal_count=1044 312 116 113 732 712 569 143 556 116 541 71 102 42 196 186 30
is_linear=0
shrinkage=0.03


Tree=237
num_leaves=11
num_cat=0
split_feature=1 13 2 17 14 12 14 12 15 9
split_gain=1.77156 1.86935 1.57242 1.45951 1.36184 1.33015 1.8938 1.04817 1.0062 0.0280563
threshold=3.3840154458862992 2.4513113135983495e-07 59.701522694943755 1.3298036539118665 288.07954000936689 0.00012946019929460003 102.11199379183616 0.0010180904931245502 12.488477903462233 563.57142857142878
decision_type=2 2 2 2 2 2 2 2 2 2
left_child=9 -2 4 -4 -3 -5 -7 -6 -9 -1
right_child=1 2 3 5 7 6 -8 8 -10 -11
leaf_value=0 0.024263817009754857 -0.035585719553533943 0.029211116414674852 -0.021968147548874571 0.028363945295006566 0.03411848925721786 0.00092008439431290107 -0.024268279753809522 0.0062168987121143182 -0.028698707130902064
leaf_weight=0.17395372502505679 2.991769351065158 1.7819078103639174 1.6159363649785508 2.0610908186063162 0.62057660520076741 1.5058748479932536 51.542144225910306 2.0495085146976639 1.4973092381842432 1.7207508462015537
leaf_count=3 25 140 11 26 3 7 626 68 38 97
internal_value=0.000590849 0.00147808 0.000305685 0.00189977 -0.0141777 0.000993133 0.00198136 -0.0037016 -0.0107586 -0.027187
internal_weight=67.5608 65.6661 62.6743 56.725 5.9493 55.1091 53.048 4.16739 3.54682 1.8947
internal_count=1044 944 919 670 249 659 633 109 106 100
is_linear=0
shrinkage=0.03


Tree=238
num_leaves=15
num_cat=0
split_feature=1 13 17 12 9 11 11 14 11 7 14 16 17 9
split_gain=1.7116 1.78629 1.29021 3.54346 1.94796 1.16605 2.35331 2.22868 2.17978 2.52869 1.67011 1.42865 0.322482 0.0271359
threshold=3.3840154458862992 2.4513113135983495e-07 1.8989994014163509 0.00046690989699510005 792.14285714285722 -0.68843238904368531 -0.78967331411456632 121.74960558057809 -1.0000000180025095e-35 15.18445322793149 205.63222482109464 0.29195250843322867 1.3016902451765617 563.57142857142878
decision_type=2 2 2 2 2 2 2 2 2 2 2 2 2 2
left_child=13 -2 3 -3 -5 6 7 -4 9 -7 -8 -10 -6 -1
right_child=1 2 5 4 12 8 10 -9 11 -11 -12 -13 -14 -15
leaf_value=0 0.02386141019404478 0.033226859855093056 -0.033217203831881655 0.027927847820852114 0 -0.026513843689429717 0.037536119068186186 0.0031553689534270946 0.0001108367187566524 -0.0029652711885406638 0 0.030023383459447318 -0.02974818449664297 -0.028565581442836104
leaf_weight=0.17395372502505679 2.9532319065183392 3.4893616535700849 1.6157867116853619 0.73310370650142465 0.39861211297102306 6.5260786715662098 2.7804155098274341 12.584272391861303 17.559724601684145 11.771238829242064 1.7872515495400874 1.4864254749845702 1.8391325826523823 1.6780193933518601
leaf_count=3 25 25 18 5 33 70 20 196 248 160 33 21 90 97
internal_value=0.000575439 0.00144147 0.000299039 0.0129259 -0.010247 -0.00112175 0.00488887 -0.000976924 -0.00422763 -0.0116258 0.0233976 0.00274662 -0.0246963 -0.0270326
internal_weight=67.3766 65.5246 62.5714 6.46021 2.97085 56.1112 18.7677 14.2001 37.3435 18.2973 4.56767 19.0462 2.23774 1.85197
internal_count=1044 944 919 153 128 766 267 214 499 230 53 269 123 100
is_linear=0
shrinkage=0.03


Tree=239
num_leaves=15
num_cat=0
split_feature=1 2 13 17 5 0 13 4 3 3 17 9 0 9
split_gain=1.65425 1.73656 1.44959 1.3625 3.17357 2.23487 1.53274 1.43499 1.23147 0.887947 0.478743 1.60502 0.56948 0.0262224
threshold=3.3840154458862992 60.475193332365812 2.4513113135983495e-07 1.8989994014163509 39.256735438696559 74.210410473641858 1.2110112806685599e-06 23.807107816314247 108.94959962317479 105.39539804284581 3.753527839127464 794.64285714285722 76.187677588068354 563.57142857142878
decision_type=2 2 2 2 2 2 2 2 2 2 2 2 2 2
left_child=13 9 -3 4 -4 -6 7 -5 -8 10 12 -12 -2 -1
right_child=1 2 3 6 5 -7 8 -9 -10 -11 11 -13 -14 -15
leaf_value=0 -0.030221091602574846 0.023462292172171603 0.037864854507691052 -0.013173877247601032 -0.029343271044011139 0.019364183183447996 0.00893809290461294 0.0011558249817212039 -0.007509345149326223 0.021709522383673189 -0.027046567333610542 0.011696017128465203 0.011243690163286002 -0.028432296740984807
leaf_weight=0.17395372502505679 2.4947767895646389 2.9156407089903942 2.8447233997285357 10.747681677341463 1.5998664326034489 1.5458671804517505 19.930162753444169 14.132161661982535 4.8733036050107321 0.45811914955265809 1.8055802378803494 1.7375218272209165 0.17248222231864918 1.6364072084543293
leaf_count=3 228 25 15 127 46 12 225 118 96 13 16 22 1 97
internal_value=0.000563426 0.00141056 0.00310918 0.00194934 0.0153507 -0.00462415 0.000245646 -0.00494223 0.00556891 -0.0128957 -0.0162274 -0.00742436 -0.0261462 -0.0268781
internal_weight=67.0682 65.2579 58.5894 55.6738 5.99046 3.14573 49.6833 24.8798 24.8035 6.66848 6.21036 3.5431 2.66726 1.81036
internal_count=1044 944 664 639 73 58 566 245 321 280 267 38 229 100
is_linear=0
shrinkage=0.03


Tree=240
num_leaves=20
num_cat=0
split_feature=4 8 9 13 7 6 4 4 17 17 12 10 10 2 3 12 17 2 7
split_gain=1.16651 3.03682 3.10667 1.63352 3.35617 1.61515 1.2664 2.94503 1.59928 1.23436 2.90913 1.50296 1.93571 1.96768 1.2336 1.11453 1.66568 1.47509 0.987114
threshold=35.424149703393454 700.23809523809541 780.357142857143 9.5323283620818009e-07 6.5942028985507255 47.949334200157573 22.649306112288325 20.861792030254119 5.2611881257545727 2.2326946624691217 0.00051735377730640004 -0.14604883212705333 0.13069642209462631 65.065879472964227 84.93436388173231 0.00038888952682465005 1.8892442536772809 69.135849302002967 30.429292929292938
decision_type=2 2 2 2 2 2 2 2 2 2 2 2 2 2 2 2 2 2 2
left_child=3 5 -3 4 6 -2 7 8 -1 10 -5 -11 13 -13 -14 16 -6 -18 -4
right_child=1 2 18 9 15 -7 -8 -9 -10 11 -12 12 14 -15 -16 -17 17 -19 -20
leaf_value=-0.0025864852642821356 -0.028476794515741501 -0.034281346334044845 -0.018233744867632858 0.015040222844289642 0.024744488223404814 0.026396384392540481 0.014382365872620966 -0.040106811064312499 0.029444151014481078 0.019995143601589712 -0.0245444731268087 -0.038360423651852514 -0.012902230282910414 0.00085234738995560518 0.014679719337742344 -0.047653693877482327 -0.033593350294428358 -0.0020075010468138576 0.013693871169301462
leaf_weight=5.3956827459624055 0.45131132751703207 4.4023685276042652 1.1918190913274886 3.215820108074694 0.73791817505843837 2.6243384149856865 6.7460881723090997 1.4699075398966668 1.7335913386195896 9.000626214547081 3.2037631723796949 1.4889768735738531 1.4853450555820007 3.6680340524762869 11.030634188558905 1.0833442397415636 3.0380512637784705 2.7083541229367256 2.4456597412936389
leaf_count=87 3 50 21 37 10 84 55 18 12 121 175 36 40 28 96 7 81 19 62
internal_value=0.00102169 -0.00774187 -0.0175731 0.00282515 -0.00323467 0.0167566 0.0046793 -0.00266576 0.00508682 0.00710832 -0.00432826 0.00997871 0.00462488 -0.0104132 0.0110923 -0.0195251 -0.0137177 -0.0195086 0.00222215
internal_weight=67.1216 11.1155 8.03985 56.0061 22.9129 3.07565 15.3453 8.59918 7.12927 33.0932 6.41958 26.6736 17.673 5.15701 12.516 7.56767 6.48432 5.74641 3.63748
internal_count=1042 220 133 822 289 87 172 117 99 533 212 321 200 64 136 117 110 100 83
is_linear=0
shrinkage=0.03


Tree=241
num_leaves=20
num_cat=0
split_feature=1 1 2 7 7 13 2 3 1 17 4 13 17 16 10 13 16 16 1
split_gain=1.38278 2.10186 1.46237 4.80069 2.27828 3.00171 2.04272 1.77578 2.25566 2.24461 1.2763 2.1532 2.05461 1.15386 1.07428 1.01395 0.786069 1.5479 0.754445
threshold=4.3590486364044692 3.4784143308301076 69.135849302002967 8.1356867071152816 5.798319327731094 9.5323283620818009e-07 71.733613371838644 96.662958843159089 5.1431905738463639 4.4119555292698616 22.649306112288325 7.0923418303410963e-07 4.4119555292698616 0.4052418486726061 0.58176301027995381 9.0358532911734588e-07 0.055720132686425457 0.013903455972373103 4.0887036240839487
decision_type=2 2 2 2 2 2 2 2 2 2 2 2 2 2 2 2 2 2 2
left_child=1 13 4 6 -2 -6 -4 8 -7 -9 12 -12 -8 -1 16 -5 17 -3 -18
right_child=2 14 3 15 5 7 10 9 -10 -11 11 -13 -14 -15 -16 -17 18 -19 -20
leaf_value=-0.026604165325598807 0.033611121186244833 0.034544892855589898 -0.034552694716383579 0 -0.032010992899090644 -0.025281990576613025 -0.035517928385164668 -0.00020862777836444719 0.0060947301792278839 -0.030047244915767161 0.01814355410442401 -0.014000072701169592 0.0043851399596811173 0.023695814639969493 -0.0066354490019220752 0.027720944425717566 0.0073976629114106797 -0.0070755765702539908 0.036028695936095832
leaf_weight=1.7305303607136004 1.199633516371249 1.1234697648324057 1.8023958690464521 1.3093814887106399 3.6329205408692387 2.2385734248673606 2.0077515887096506 5.3417717581614834 16.478425485198386 4.1308793658390641 4.9779489268548787 2.7922596335411072 2.2928913235664368 0.38414491806179274 1.3100565318018187 6.8429801089223474 1.536644166219048 2.0604565080720931 3.4813371655764058
leaf_count=106 7 9 16 9 52 81 23 84 268 66 44 23 14 3 22 118 29 40 28
internal_value=0.000987785 0.0103638 -0.000953324 0.00495277 -0.00498628 -0.00663602 -0.0056152 -0.0031582 0.0020682 -0.0137121 -0.000799419 0.00618029 -0.0139456 -0.0154549 0.0165169 0.0231504 0.0206117 0.00730167 0.0281631
internal_weight=66.6745 11.6266 55.0478 22.0256 33.0222 31.8226 13.8732 28.1897 18.717 9.47265 12.0709 7.77021 4.30064 2.11468 9.51196 8.15236 8.20191 3.18393 5.01798
internal_count=1042 237 805 247 558 551 120 499 349 150 104 67 37 109 128 127 106 49 57
is_linear=0
shrinkage=0.03


Tree=242
num_leaves=20
num_cat=0
split_feature=1 1 2 7 7 13 2 11 7 11 4 13 17 15 12 15 15 16 17
split_gain=1.31431 1.98952 1.38402 4.60442 2.1692 2.88212 1.96669 1.63129 3.13838 2.04123 1.20928 2.04324 1.97774 1.14529 1.0396 1.03276 1.14357 1.79145 0.836615
threshold=4.3590486364044692 3.4784143308301076 69.135849302002967 8.1356867071152816 5.798319327731094 9.5323283620818009e-07 71.733613371838644 -0.44519362530016909 18.983268983268989 -0.37076437331550455 22.649306112288325 7.0923418303410963e-07 4.4119555292698616 12.836185852375712 0.00032131615489825008 12.408047515925748 12.50186040696933 0.077520239820541917 3.7998890739485409
decision_type=2 2 2 2 2 2 2 2 2 2 2 2 2 2 2 2 2 2 2
left_child=1 13 4 6 -2 -6 -4 8 -7 -9 12 -12 -8 -1 -5 18 -17 -18 -3
right_child=2 15 3 14 5 7 10 9 -10 -11 11 -13 -14 -15 -16 16 17 -19 -20
leaf_value=-0.026435879848509657 0.032961055733717652 -0.025099084929085039 -0.034168074229807339 -0.0064500972777317691 -0.031527174786043541 0.033986808255120682 -0.035038373018503412 -0.05919085667587784 -0.0023929774668527744 -0.0077950322696793807 0.017756894555535887 -0.013590525934813519 0.0042643779674624606 0.024078695060973012 0.026470943657645945 0.028541057809406505 -0.026756913563298179 0.021705283390971015 0.016571750774063147
leaf_weight=1.7009550488437519 1.1887326482683409 0.83326965128071406 1.7696270877495432 0.77900136262178232 3.5803483175113824 2.4107813742011812 1.9760255543515066 0.67373926553409447 13.542347753304055 11.547641298151573 4.9365664888173342 2.7931116558611393 2.289964959025383 0.37660070555284608 7.2319362480193377 5.2664069378515705 0.96391331870108876 1.7670303047634659 0.64879539608955383
leaf_count=102 7 29 16 5 52 14 23 13 249 223 44 23 14 7 122 53 12 29 5
internal_value=0.000959849 0.0101288 -0.000936875 0.00484993 -0.00485593 -0.0064648 -0.00550407 -0.0030736 0.0030952 -0.0113293 -0.000779946 0.00601747 -0.0136393 -0.0152161 0.0228597 0.0160975 0.0204042 0.00319942 -0.00506639
internal_weight=66.2768 11.557 54.7198 21.7762 32.9436 31.7549 13.7653 28.1745 15.9531 12.2214 11.9957 7.72968 4.26599 2.07756 8.01094 9.47942 7.99735 2.73094 1.48207
internal_count=1042 237 805 247 558 551 120 499 263 236 104 67 37 109 127 128 94 41 34
is_linear=0
shrinkage=0.03


Tree=243
num_leaves=20
num_cat=0
split_feature=1 1 2 7 7 13 2 3 1 17 4 13 17 15 13 15 15 16 17
split_gain=1.24746 1.88299 1.30894 4.41288 2.06581 2.76607 1.89384 1.61083 2.15699 2.07008 1.14561 1.93877 1.90363 1.10716 0.983495 0.972046 1.07852 1.70236 0.804531
threshold=4.3590486364044692 3.4784143308301076 69.135849302002967 8.1356867071152816 5.798319327731094 9.5323283620818009e-07 71.733613371838644 96.662958843159089 5.1431905738463639 4.4119555292698616 22.649306112288325 7.0923418303410963e-07 4.4119555292698616 12.836185852375712 9.0358532911734588e-07 12.408047515925748 12.50186040696933 0.077520239820541917 3.7998890739485409
decision_type=2 2 2 2 2 2 2 2 2 2 2 2 2 2 2 2 2 2 2
left_child=1 13 4 6 -2 -6 -4 8 -7 -9 12 -12 -8 -1 -5 18 -17 -18 -3
right_child=2 15 3 14 5 7 10 9 -10 -11 11 -13 -14 -15 -16 16 17 -19 -20
leaf_value=-0.026213759629347851 0.032326416722293139 -0.024802190333084607 -0.033792238921127801 0 -0.031045173064946325 -0.025017339357281437 -0.034562759454520489 -1.6472734031921208e-05 0.0059235964108641142 -0.028624975000448482 0.017376116449726472 -0.013193363515992764 0.0041468100899158568 0.023540287824510158 0.027226232626620616 0.027772153206646333 -0.026277858639855666 0.021105174023477769 0.016266542510761626
leaf_weight=1.6652956455945962 1.1778373084962357 0.81935577071271637 1.7372331023216272 1.3041354604065407 3.5291915058624026 2.1948925462784308 1.9449698468670229 5.3458331788424385 16.436060591368005 4.1596972094848752 4.8962138313800097 2.7938757510855794 2.2871213629841805 0.37595480610616494 6.5687560894293711 5.25282485736534 0.95401567267254028 1.7656215640017761 0.64310310781002045
leaf_count=102 7 29 16 9 52 81 23 84 268 66 44 23 14 7 118 53 12 29 5
internal_value=0.000930279 0.00989543 -0.000921463 0.00474504 -0.00473063 -0.00630087 -0.00539487 -0.00299197 0.00200421 -0.0130158 -0.000760762 0.00585806 -0.0133379 -0.0149777 0.022561 0.015692 0.0198622 0.00307734 -0.00493729
internal_weight=65.852 11.4762 54.3758 21.5323 32.8435 31.6657 13.6594 28.1365 18.631 9.50553 11.9222 7.69009 4.23209 2.04125 7.87289 9.43492 7.97246 2.71964 1.46246
internal_count=1042 237 805 247 558 551 120 499 349 150 104 67 37 109 127 128 94 41 34
is_linear=0
shrinkage=0.03


Tree=244
num_leaves=19
num_cat=0
split_feature=16 16 11 2 10 4 9 9 12 1 12 6 16 2 7 10 11 8
split_gain=1.20768 1.81832 1.23299 1.07174 1.53175 1.37798 1.30443 1.61621 1.15117 1.41626 1.14096 0.929029 0.910782 0.848292 0.599823 0.334892 0.302429 0.467163
threshold=0.011821733605747101 0.012767876920794353 -0.82698124937443696 60.475193332365812 0.58176301027995381 43.562532553362928 803.21428571428578 788.92857142857144 0.00066246338479945008 7.6679374719184699 0.00039182186595315005 104.4875885624942 0.059205614062826907 64.764880442846561 36.851851851851855 -1.0940450215010011 -0.69094373177476498 712.35689397710314
decision_type=2 2 2 2 2 2 2 2 2 2 2 2 2 2 2 2 2 2
left_child=2 -2 -1 4 5 15 7 10 12 -10 -5 14 -8 -9 -6 -3 -4 -18
right_child=1 3 16 6 11 -7 8 13 9 -11 -12 -13 -14 -15 -16 -17 17 -19
leaf_value=-0.041018375629368553 0.028636946060141014 0 0.012815400206916886 -0.0031416167450564118 -0.02936743094412779 0.020673741842596603 0.0026870617916216221 0 -0.018447499603459063 0.019328614786013124 0.0068933457528616111 0.031416689932693094 0.026040031499014009 -0.033289914725904361 0.0080753591198107696 -0.031880686257907742 0.0071947227041145112 -0.02318008478955276
leaf_weight=1.1037490060552957 2.1121794250793746 0.20910703670233566 0.64939567539840992 21.458562341053039 0.52560391381848626 0.43089363630861033 2.6689914478920382 1.2164485389366739 2.0348166977055375 1.4069518693722782 18.932576207793318 0.83965911692939688 4.7106221984140575 1.820053177885711 0.73775290767662227 3.1351025638286947 0.56373611046001182 0.90297498600557446
leaf_count=14 20 12 8 212 17 16 49 13 58 33 234 6 51 20 16 229 9 25
internal_value=0.000901124 0.001882 -0.016641 0.000846339 -0.0111297 -0.0225667 0.00221728 -4.47412e-05 0.0114871 -0.00204834 0.0014934 0.00813147 0.0181439 -0.0208566 -0.00631326 -0.0294476 -0.00129499 -0.00987652
internal_weight=65.4592 62.2393 3.21986 60.1271 5.87812 3.7751 54.249 43.4276 10.8214 3.44177 40.3911 2.10302 7.37961 3.0365 1.26336 3.34421 2.11611 1.46671
internal_count=1042 986 56 966 296 257 670 479 191 91 446 39 100 33 33 241 42 34
is_linear=0
shrinkage=0.03


Tree=245
num_leaves=20
num_cat=0
split_feature=11 10 10 0 17 3 15 15 7 15 0 7 12 7 7 13 15 11 1
split_gain=1.08712 1.10407 2.55864 2.0236 2.27539 1.79464 1.79386 1.65887 1.55237 1.47663 1.44237 1.41116 1.55779 0.863159 1.45589 2.24638 0.849684 0.772468 0.759907
threshold=6.8052427185597955 0.15596513700674752 0.072689103766732807 85.650506203123868 2.312722006374393 107.27986846912681 12.471419674268036 12.375872951783364 15.849282296650719 12.510798021288222 74.996173859810241 9.9019607843137276 0.0008908874952385002 13.100686498855836 4.2109929078014199 4.2372720184477053e-07 12.610403590850462 -0.85270352005114447 5.2815765648813722
decision_type=2 2 2 2 2 2 2 2 2 2 2 2 2 2 2 2 2 2 2
left_child=1 2 3 4 8 -5 7 11 -1 -6 -9 -3 -13 14 15 -8 -16 -12 -15
right_child=-2 6 -4 5 9 -7 13 10 -10 -11 17 12 -14 18 16 -17 -18 -19 -20
leaf_value=0.011043024313403347 0.02697908729914968 0.026465358922157945 -0.027000565972485274 -0.038642234597803339 0.013141998030582107 0 0 -0.031821273012430686 -0.026173731568825451 -0.0066094803130666751 -0.021023525363091784 -0.030829846242268113 0.021063418223765774 0 -0.015328337911279244 0.043335486705166959 0.010853390984644265 4.1400119153399106e-05 0.02585011906957663
leaf_weight=1.2488911226391888 1.3940571821294714 2.8876712725032148 3.467373685212805 2.0013247705064705 14.053279911633583 2.2790712006390095 2.6990337325260025 1.7298568411497388 3.2224726680433378 4.1940245315199709 1.6879604039713729 0.99509594764094778 0.84871490078512579 1.4414843568229105 3.0132278599776328 1.7402651179581878 1.5248882393352685 10.481725541874765 5.1530958992661908
leaf_count=28 25 28 55 18 201 25 31 82 123 73 18 19 18 37 31 11 15 138 72
internal_value=0.00160124 0.00096705 -0.00312213 0 0.00361789 -0.0186437 0.00469544 -0.00144617 -0.0151083 0.00842746 -0.00681305 0.0135137 -0.00554502 0.0121973 0.00557442 0.0177751 -0.00583967 -0.00278338 0.0205471
internal_weight=66.0635 64.6695 30.4664 26.9991 22.7187 4.2804 34.203 18.631 4.47136 18.2473 13.8995 4.73148 1.84381 15.572 8.97741 4.4393 4.53812 12.1697 6.59458
internal_count=1048 1023 523 468 425 43 500 303 151 274 238 65 37 197 88 42 46 156 109
is_linear=0
shrinkage=0.03


Tree=246
num_leaves=20
num_cat=0
split_feature=11 4 12 4 4 13 11 13 0 9 17 5 13 13 17 9 5 6 11
split_gain=1.03184 1.05998 2.18134 1.4185 1.69202 1.60908 1.36625 3.09083 1.3077 1.25927 2.01671 1.50537 1.2023 1.13692 2.44805 1.60185 0.988916 0.976776 0.925693
threshold=6.8052427185597955 30.128140285292698 0.0015733427055044001 23.807107816314247 21.54725187872042 1.1394079375760334e-06 -0.36411011867082749 2.616778162678879e-06 77.594379801304044 625.00000000000011 3.0304520902166208 38.411818782109343 2.0196716786093808e-06 1.1271179766588823e-06 2.3845546160782591 736.07142857142878 25.424184232931001 48.496533161687765 -0.39842907999518101
decision_type=2 2 2 2 2 2 2 2 2 2 2 2 2 2 2 2 2 2 2
left_child=1 3 6 4 13 18 7 -3 -7 10 -8 -11 16 15 -15 -1 -5 -18 -6
right_child=-2 2 -4 12 5 8 9 -9 -10 11 -12 -13 -14 14 -16 -17 17 -19 -20
leaf_value=-0.0011671126813320542 0.026340995519666222 0.017940482661911832 0.014397745221529052 0 -0.03782408683354415 -0.011454403526927226 -0.027852227103217383 -0.03103826993028207 0.029977491716838927 -0.042486581692292621 0.028232377273666762 -0.012621610313366923 -0.011657506472680632 -0.024629921551986841 0.0087818152387446058 0.018679103674315294 0.039971560426516797 0.013515760437993615 -0.0032714436594311245
leaf_weight=6.9711697017774039 1.3875158049631853 3.6344695696607259 4.0616069787647566 3.806794761214408 2.3563514244742696 1.7904192475834864 0.8858302049338812 1.5689465054310856 0.95224654674530018 2.2097102385014278 1.2507435395382343 6.4330369960516691 1.7267776562366624 3.3536230782628982 4.3584911521757022 7.0161272749537602 1.630621351301669 9.066128521692006 1.2859131933655579
leaf_count=88 25 39 142 38 24 45 8 18 9 20 24 70 57 138 58 124 12 89 20
internal_value=0.00156081 0.000939996 -0.0047059 0.00356613 -0.000418385 -0.0139636 -0.00980648 0.00229983 0.00242381 -0.0158936 0.00343254 -0.020999 0.0106048 0.00347538 -0.0054926 0.00863686 0.0135225 0.0181594 -0.0268402
internal_weight=65.7465 64.359 20.0443 44.3147 28.0843 6.38493 15.9827 5.20342 2.74267 10.7793 2.13657 8.64275 16.2303 21.6994 7.71211 13.9873 14.5035 10.6967 3.64226
internal_count=1048 1023 321 702 506 98 179 57 54 122 32 90 196 408 196 212 139 101 44
is_linear=0
shrinkage=0.03


Tree=247
num_leaves=20
num_cat=0
split_feature=10 10 15 2 16 5 4 5 5 15 16 7 7 13 5 14 5 5 14
split_gain=0.915527 2.60684 1.69787 1.7676 1.58041 1.4072 1.48601 1.30032 1.99892 2.04032 0.905 0.90386 1.36311 2.14027 0.828501 1.14565 0.797977 1.00536 0.994517
threshold=0.15596513700674752 0.072689103766732807 12.471419674268036 67.796654333211748 0.079411097743027223 38.070937966598116 21.54725187872042 28.272621302884222 29.311262528315108 12.520494868780586 0.024501539146877204 12.973352033660591 4.2109929078014199 4.2372720184477053e-07 24.52330853154746 98.990161202564423 86.467853811831759 62.942930153678198 251.24920947828238
decision_type=2 2 2 2 2 2 2 2 2 2 2 2 2 2 2 2 2 2 2
left_child=1 4 3 16 7 6 -5 14 -9 -10 -8 12 13 -4 15 -1 17 18 -2
right_child=2 -3 11 5 -6 -7 10 8 9 -11 -12 -13 -14 -15 -16 -17 -18 -19 -20
leaf_value=-0.018671995459872994 -0.017885936249862566 -0.026410834858577734 0 0.018100348640665016 -0.012122687030233904 0.03036487715722061 0.010085432450837501 0.040598939138567491 0.0017235709295136709 0.042711463548702519 -0.015802624609012852 0.020612878106229283 -0.0056802617052635037 0.04259746236665983 -0.032630986854449644 0.018202731897029697 0.011591799114642802 -0.038083474894536708 0.0062113079712962371
leaf_weight=1.5369113906053931 3.8773650653893146 3.4377527727046973 2.7008244148455542 3.0491424063220602 6.2888418091461054 1.8245887137018133 1.5408996301703153 1.5041510956361914 15.032817283761689 1.0998584143817414 3.7867969712242484 6.7107832582551046 4.5086593388114125 1.699185744859278 1.0040050148963926 1.2943770065903661 0.98601859586779017 1.3455116476397959 2.215393187943846
leaf_count=26 85 55 31 36 124 40 28 9 285 9 39 114 48 11 19 9 29 30 21
internal_value=0.00151858 -0.00212902 0.00492557 -0.00104938 0.00085422 0.00714154 0.00143074 0.0048326 0.00836999 0.00494867 -0.00771458 0.0122027 0.00537594 0.0172463 -0.0104713 -0.0007447 -0.0112876 -0.014832 -0.00868067
internal_weight=65.4439 31.1987 34.2452 18.6257 27.761 10.2014 8.37684 21.4721 17.6368 16.1327 5.3277 15.6195 8.90867 4.40001 3.83529 2.83129 8.42429 7.43827 6.09276
internal_count=1048 536 512 308 481 143 103 357 303 294 67 204 90 42 54 35 165 136 106
is_linear=0
shrinkage=0.03


Tree=248
num_leaves=20
num_cat=0
split_feature=11 10 10 0 3 15 2 15 11 1 4 16 7 3 5 5 5 7 7
split_gain=0.944766 1.0004 2.29208 1.8302 1.63646 1.57448 1.58972 1.27334 1.52203 1.06714 2.21528 0.895205 1.18564 1.15725 0.984368 0.759879 0.952646 0.635478 1.17783
threshold=6.8052427185597955 0.15596513700674752 0.072689103766732807 85.650506203123868 107.27986846912681 12.471419674268036 67.796654333211748 12.418319989567957 1.1139857990578539 9.5646457576039481 35.141333169844408 0.070250275659928613 13.100686498855836 99.408423246277422 39.520451696573836 86.467853811831759 62.942930153678198 4.5983086680761112 14.119601328903657
decision_type=2 2 2 2 2 2 2 2 2 2 2 2 2 2 2 2 2 2 2
left_child=1 2 3 9 -5 6 15 8 -8 10 -1 17 13 -13 -14 16 -3 -7 -19
right_child=-2 5 -4 4 -6 11 7 -9 -10 -11 -12 12 14 -15 -16 -17 -18 18 -20
leaf_value=0.0045234789539485721 0.02530565445281412 -0.0084578316892412568 -0.025776777782517166 -0.037095649379400575 0 0.036255952021463866 0.022452148130673515 -0.0077946748755253099 -0.0094826372186083922 0.023110639989926761 -0.027974406228841182 -0.020234789856388394 0.032947088731454188 0.0073698957191836133 0.0037754017205414315 0.011323161165827779 -0.03718306560834516 -0.0033335965922951329 0.030184713601271777
leaf_weight=18.371259795269012 1.3743638125015412 6.0596268930239621 3.4193878109799689 1.9778453190810967 2.2363240602426231 1.8773796353489149 5.0328848324716073 3.350538209779188 1.6032146190991623 2.1422238806262603 1.9948280784301449 2.1602812479250115 1.9183625016594303 3.1907448875717819 2.7809454024536535 0.98157002206426103 1.3392678765812887 1.7922214958816769 1.5860817343927918
leaf_count=335 25 106 55 18 25 14 58 48 32 62 28 27 14 33 68 29 30 17 24
internal_value=0.00148605 0.000887332 -0.00301856 0 -0.017927 0.00447103 -0.00130877 0.00656289 0.0142654 0.00339574 0.00107264 0.0115649 0.00580198 -0.0033909 0.0167474 -0.0110096 -0.0144839 0.0217111 0.0119558
internal_weight=65.1894 63.815 30.1419 26.7225 4.21417 33.6731 18.3671 9.98664 6.6361 22.5083 20.3661 15.306 10.0503 5.35103 4.69931 8.38046 7.39889 5.25568 3.3783
internal_count=1048 1023 523 468 43 500 303 138 90 425 363 197 142 60 82 165 136 55 41
is_linear=0
shrinkage=0.03


Tree=249
num_leaves=20
num_cat=0
split_feature=11 10 10 0 15 2 13 11 16 11 0 16 10 14 5 13 5 5 11
split_gain=0.896398 0.948854 2.17158 1.73226 1.50333 1.49968 1.27439 1.58003 1.07687 1.17166 0.857546 0.854452 0.816183 0.741739 1.38436 1.14158 0.721937 0.905494 0.500247
threshold=6.8052427185597955 0.15596513700674752 0.072689103766732807 85.650506203123868 12.471419674268036 67.796654333211748 1.4769372258710349e-06 1.4710575643548343 0.079411097743027223 -0.37076437331550455 90.137547770779676 0.070250275659928613 -0.7703666602876883 141.20078559459742 15.913170005262879 1.1841732542764643e-06 86.467853811831759 62.942930153678198 -0.71063477042408574
decision_type=2 2 2 2 2 2 2 2 2 2 2 2 2 2 2 2 2 2 2
left_child=1 2 3 8 5 16 7 -7 9 -1 -5 -6 -10 14 -13 -15 17 -3 -4
right_child=-2 4 18 10 11 6 -8 -9 12 -11 -12 13 -14 15 -16 -17 -18 -19 -20
leaf_value=0.0135850119647803 0.024698874091929196 -0.0082196401465421537 -0.011077174455431263 -0.031082332576986969 0.021297397084927099 0.0073373670250933684 0.029397356127809089 -0.0265958675867514 0.015459522190684742 -0.0018032731241385553 -0.0024369510108914168 0.013522750353775722 -0.01428567179572212 0.021617112500804631 -0.028972367517421549 -0.00086542441638270853 0.011059814245753403 -0.03630853376770854 -0.038140261348755311
leaf_weight=10.044135614414708 1.368432433111592 6.0511963765602577 1.8320577077101918 2.0442940220236769 5.205974969547241 6.8683148110285384 1.6897985455580045 1.392078584525734 0.85184964817017306 7.3530277004465487 2.1558413654565811 1.184835626278071 4.2129694782197467 3.8918832051567733 1.2854920935351399 3.6321318711270578 0.97724172961898137 1.3328858530148862 1.5696103909285728
leaf_count=193 25 106 25 19 55 80 43 15 18 121 24 14 93 33 18 77 29 30 30
internal_value=0.00144824 0.000862662 -0.00294255 0 0.0043642 -0.00128242 0.00637414 0.00101023 0.00330068 0.00693646 -0.0174755 0.0113266 -0.00849953 0.00567611 -0.00769025 0.0105014 -0.0107161 -0.0141082 -0.025154
internal_weight=64.9441 63.5756 30.0638 26.6621 33.5118 18.3115 9.95019 8.26039 22.462 17.3972 4.20014 15.2003 5.06482 9.99434 2.47033 7.52402 8.36132 7.38408 3.40167
internal_count=1048 1023 523 468 500 303 138 95 425 314 43 197 111 142 32 110 165 136 55
is_linear=0
shrinkage=0.03


Tree=250
num_leaves=16
num_cat=0
split_feature=4 11 11 3 3 10 10 3 3 12 17 17 13 4 13
split_gain=1.14249 1.33641 1.11327 0.820652 1.7439 1.18864 1.02617 1.62418 1.86544 0.738402 0.523014 0.478427 0.235117 0.175569 0.112358
threshold=13.309036314829592 -0.19992521536406557 -1.1973072115830219 83.748836987379818 85.10647034187123 -0.49453008093906942 -1.1395933578087496 106.19485999232835 99.173691957714439 0.00091152745012140009 2.4801615628267126 1.1484459057374721 1.0982329128609661e-06 15.98637938777661 3.061414291533944e-06
decision_type=2 2 2 2 2 2 2 2 2 2 2 2 2 2 2
left_child=1 2 -1 5 12 13 9 8 -8 -6 -9 -7 -5 -2 -15
right_child=3 -3 -4 4 6 11 7 10 -10 -11 -12 -13 -14 14 -16
leaf_value=0.033697350272969231 0.02203782270205808 0.040012785199924433 -0.023629063246551254 0.032871363243484601 -0.032635041571815432 0.0044785947499749916 0.0013152313030831606 -0.0042899380713568311 -0.013395928156529206 5.9762751470268283e-05 0.013390630858474998 -0.028915568991350248 0.01066558545852017 -0.013653147830371512 0.0090759851729139973
leaf_weight=0.36095960601232946 0.48196677444502734 1.2921607545576979 0.76198507024673767 1.351287899538874 1.4194212844595306 0.25083428225479965 27.319837448652834 1.4696641629561771 10.576381342019884 0.75127781508490432 8.9321080527733994 2.4156508460873738 1.6216571703553198 0.24773022159934044 0.34070914820767939
leaf_count=6 5 16 85 7 24 15 293 16 117 29 167 183 28 13 20
internal_value=0.000411515 0.0202256 -0.0015003 -0.000406865 0.000500322 -0.0138374 -0.00077677 8.79221e-05 -0.00273597 -0.0204939 0.0105898 -0.0246415 0.0224763 0.0103191 0
internal_weight=59.5936 2.41511 1.12294 57.1785 53.4416 3.73689 50.4687 48.298 37.8962 2.1707 10.4018 2.66649 2.97295 1.07041 0.588439
internal_count=1024 107 91 917 681 236 646 593 410 53 183 198 35 38 33
is_linear=0
shrinkage=0.03


Tree=251
num_leaves=20
num_cat=0
split_feature=1 15 10 11 5 13 10 14 12 4 1 10 6 13 10 8 2 10 10
split_gain=1.49885 2.10572 1.55649 1.71409 1.51419 1.45878 1.11314 2.14782 1.05421 1.01168 1.17906 1.00868 2.30411 0.941647 0.796114 0.375567 0.267252 0.369499 0.188298
threshold=4.6360159141493122 12.361303245248665 0.56515341202418334 -0.30360062695456158 13.293496626034846 2.6082711010539704e-07 0.20061656282220808 255.75204731928844 0.00010251660897790001 17.810267648605365 3.7693435721751709 0.15596513700674752 43.614717960610513 9.5323283620818009e-07 -0.1367395479093951 576.27030812324949 68.237250554323751 0.38018758478804754 -0.88504505694658919
decision_type=2 2 2 2 2 2 2 2 2 2 2 2 2 2 2 2 2 2 2
left_child=2 16 3 9 -3 -6 7 -7 -4 10 15 12 -5 -8 -12 -1 17 -2 -14
right_child=1 4 8 11 5 6 13 -9 -10 -11 14 -13 18 -15 -16 -17 -18 -19 -20
leaf_value=0.0098222785955266075 -0.0032344386775199027 -0.047262977680764033 0.0098902072082555359 -0.030162693058526344 0.027807352779069094 -0.015991328711854626 -0.0090774029708689929 0.0053944857195786945 -0.027484103902757601 -0.030575485842418711 0.02777502867145908 0.037258674692398221 0.011122976282922737 0.0048092846318263062 0 -0.02540279694680378 0.028516951524414826 0.020691179824738754 0.03397114451068628
leaf_weight=0.16034282743930717 0.86291990277822994 0.63269401341676612 0.96369675174355451 0.77387729776091818 1.1873545758426178 13.722227147780361 6.2395474187796962 5.7717965068295589 1.4914348520105702 0.67960164486430574 1.9175332905724647 2.9170035958522931 1.2603476401418452 14.080072919372467 1.6408143371809272 1.0116548066725952 1.7442390364594755 0.95221289549954236 1.3910680767148729
leaf_count=1 25 4 15 19 10 192 81 166 36 11 20 28 13 212 38 97 19 11 26
internal_value=0.000407338 -0.00221432 0.0089136 0.0135628 -0.00418229 -0.00333114 -0.00440228 -0.00951109 -0.0118268 0.000528805 0.00615906 0.0240342 0.0111837 0.000374609 0.0151523 -0.0178318 0.0194703 0.00817542 0.0249996
internal_weight=59.4004 45.1931 14.2074 11.7522 41.6337 41.001 39.8136 19.494 2.45513 5.40995 4.73035 6.3423 3.42529 20.3196 3.55835 1.172 3.55937 1.81513 2.65142
internal_count=1024 720 304 253 665 661 651 358 51 167 156 86 58 293 58 98 55 36 39
is_linear=0
shrinkage=0.03


Tree=252
num_leaves=18
num_cat=0
split_feature=4 11 11 3 3 10 17 3 3 12 6 5 8 17 5 4 13
split_gain=1.07175 1.21301 1.03577 0.803287 1.62423 1.13898 0.974214 2.64577 1.89832 1.02458 0.927242 1.45146 1.41601 0.456639 0.225658 0.167045 0.106128
threshold=13.309036314829592 -0.19992521536406557 -1.1973072115830219 83.748836987379818 85.10647034187123 -0.49453008093906942 3.7117665998028868 95.56326361565543 106.19485999232835 0.00039182186595315005 46.489335809179941 26.982850512654217 758.86446886446913 1.1484459057374721 40.58338563456855 15.98637938777661 3.061414291533944e-06
decision_type=2 2 2 2 2 2 2 2 2 2 2 2 2 2 2 2 2
left_child=1 2 -1 5 14 15 10 9 -9 -8 11 -6 -12 -7 -5 -2 -17
right_child=3 -3 -4 4 6 13 7 8 -10 -11 12 -13 -14 -15 -16 16 -18
leaf_value=0.032445804111778213 0.021484636100971073 0.03863194774084993 -0.023317653763686847 0.03225476797476505 -0.0068699349835356169 0.0038693851802087129 0.0015248958915939008 -0.009916473912934775 0.011709306372515309 0.025453950374569306 0.0014016942125660182 0.017719760916806833 -0.015936862359811559 -0.028818522095612899 0.010265344534266821 -0.013477174535644603 0.0086654829463861088
leaf_weight=0.35918084310833365 0.47037022793665551 1.2773427888751019 0.72856789024081103 1.3155917488038533 5.1279055764898676 0.2457932688412251 2.7357297558337477 11.71991799818352 5.1056541774887583 5.1846276735886931 6.6441773127298829 3.5005090571939945 10.266296730143948 2.3513713051797822 1.6040675095282493 0.24445678060874343 0.33880665386095643
leaf_count=6 5 16 85 7 71 15 27 127 101 40 88 27 165 183 28 13 20
internal_value=0.000400552 0.0197914 -0.00119703 -0.000386738 0.000504006 -0.0138351 -0.00072019 0.00344449 -0.00314656 0.0176849 -0.00487026 0.00285101 -0.00897994 -0.0245839 0.0219072 0.00989427 0
internal_weight=59.2204 2.36509 1.08775 56.8553 53.2045 3.6508 50.2848 24.7459 16.8256 7.92036 25.5389 8.62841 16.9105 2.59716 2.91966 1.05363 0.583263
internal_count=1024 107 91 917 681 236 646 295 228 67 351 98 253 198 35 38 33
is_linear=0
shrinkage=0.03


Tree=253
num_leaves=20
num_cat=0
split_feature=15 6 6 4 4 17 12 11 13 11 15 10 11 10 17 0 14 4 6
split_gain=1.28704 1.07482 1.12453 1.05717 1.97496 1.75054 1.29601 1.3019 1.49022 2.04377 1.72242 1.08169 1.05212 1.29272 1.02226 1.01977 1.9106 0.97907 0.889817
threshold=12.378791015498365 33.774389712179733 64.334521364688456 21.364583199578842 22.552669030092066 2.8806199897623208 0.00012708088798715005 -0.30360062695456158 1.0886170533628882e-06 -0.68255663345944495 12.41685145209434 0.50307023160535336 0.42974916616251663 -0.60647573781613728 2.240757791251597 94.209044680320389 150.50208088574104 37.583466769322868 54.106821657128641
decision_type=2 2 2 2 2 2 2 2 2 2 2 2 2 2 2 2 2 2 2
left_child=1 -1 18 6 -5 12 -2 8 9 -8 -10 -9 -6 -14 -13 16 -7 -4 -3
right_child=3 2 17 4 5 15 7 11 10 -11 -12 14 13 -15 -16 -17 -18 -19 -20
leaf_value=0.03529625776640942 -0.010436750588321195 0.0062327910051738948 0.024674137689173616 -0.029834847019205392 -0.026098781017539853 -0.029699228499157033 0.023392477796880043 0.025969280099888099 0.013315765842099448 -0.020954803768262142 -0.035783976894377734 0.020843142832351481 -0.028401281062220583 0.009045700648980871 -0.024241222661383063 0.022493426863596584 0.0024320722567765731 -0.0041604149116556558 -0.021871030792268757
leaf_weight=1.2973422093782563 3.7758723643492003 2.0802044044248746 3.2320718283299357 2.5095834936946622 3.7457156401360434 1.7206515334546626 3.1456456416053697 4.6911881786654677 0.84102697391063008 1.1613180817803375 1.6446629013516938 0.76842594763729699 1.1096846573054793 2.4328891369514167 0.82540451781824231 1.8262354210019101 19.242951583117247 1.2779864757321773 1.6569331202190367
leaf_count=14 67 44 55 48 91 15 50 58 21 36 72 19 31 31 13 60 257 19 23
internal_value=0.000403288 0.0104688 0.0058278 -0.00149649 -0.004692 -0.00240287 0.00449655 0.00908234 0 0.0105499 -0.0181385 0.0188083 -0.0151339 -0.00231837 -0.000786508 0.00158582 -0.000191254 0.0159397 -0.00569101
internal_weight=58.9858 9.54454 8.2472 49.4413 32.5877 30.0781 16.8535 13.0777 6.79265 4.30696 2.48569 6.28502 7.28829 3.54257 1.59383 22.7898 20.9636 4.51006 3.73714
internal_count=1024 155 141 869 533 485 336 269 179 86 93 90 153 62 32 332 272 74 67
is_linear=0
shrinkage=0.03


Tree=254
num_leaves=20
num_cat=0
split_feature=1 15 10 11 5 17 13 7 10 2 9 14 10 6 4 4 11 9 2
split_gain=1.31215 1.91302 1.39116 1.48918 1.37877 1.42144 1.21398 1.59201 1.18101 1.29925 1.13055 1.00998 0.946983 2.21205 0.937621 1.08784 0.951028 0.327988 0.261519
threshold=4.6360159141493122 12.361303245248665 0.56515341202418334 -0.30360062695456158 13.293496626034846 3.353300687040921 2.6082711010539704e-07 7.4085365853658542 0.18766253569205232 63.015789402596006 758.92857142857144 80.710121055593305 0.15596513700674752 45.164658796812731 17.810267648605365 15.398392632822942 -1.1973072115830219 856.07142857142878 68.237250554323751
decision_type=2 2 2 2 2 2 2 2 2 2 2 2 2 2 2 2 2 2 2
left_child=2 18 3 14 -3 8 -7 -8 10 -10 -6 -4 13 -5 15 16 -1 -15 -2
right_child=1 4 11 12 5 6 7 -9 9 -11 -12 -13 -14 17 -16 -17 -18 -19 -20
leaf_value=0.02712726794909897 0.0076290840423410373 -0.044794599257911141 0.0098771376575405648 -0.019326994658328742 0.005275325559347995 0.030559030886337359 -0.014628649636467697 0.0041355700103214918 -0.02692883639543964 0.003133030588762447 -0.023380393919821822 -0.026844306604043539 0.035518666693013519 0.043240733699312216 -0.029867230821203142 0.019806079073402826 -0.018500051432818996 0.012707692441854818 0.027886106328605196
leaf_weight=0.39029113261494708 1.7860614327946671 0.64200985431671043 0.96300221234559957 1.243826326914131 1.2843065755441809 1.1224337443709398 5.1638566805049804 17.812359761446714 1.4536694099660943 7.2053179296199232 6.5559547039447352 1.4612233755178747 2.8852595041971654 0.93244243226945434 0.65701472258660931 2.433601034921594 1.7998798173503019 1.1960753091843797 1.6945612928830085
leaf_count=8 36 4 15 22 14 9 55 259 62 77 185 36 28 4 11 39 109 32 19
internal_value=0.000388632 -0.00206695 0.00842565 0.0128795 -0.00394471 -0.00311652 0.00142285 0 -0.00989604 -0.00182107 -0.0183012 -0.0112552 0.0226774 0.0101204 0.000506088 0.00599798 -0.00822979 0.0287697 0.0188325
internal_weight=58.6831 44.7205 13.9626 11.5384 41.2399 40.5979 24.0987 22.9762 16.4992 8.65899 7.84026 2.42423 6.2576 3.37234 5.28079 4.62377 2.19017 2.12852 3.48062
internal_count=1024 720 304 253 665 661 323 314 338 139 199 51 86 58 167 156 117 36 55
is_linear=0
shrinkage=0.03


Tree=255
num_leaves=19
num_cat=0
split_feature=10 10 10 14 14 4 5 10 16 15 2 11 15 4 8 2 4 11
split_gain=0.990113 1.6956 1.21425 1.04887 1.02615 0.954768 1.46854 1.61007 1.48019 1.65616 1.15838 0.978991 1.04424 0.782227 0.708092 0.586578 0.511822 0.505735
threshold=1.0781951541660193 1.1476044752865631 0.84951537865698701 211.92438860467271 141.20078559459742 36.23851575404526 25.424184232931001 0.78389589882751232 0.013241861680725752 12.50186040696933 72.853480647024853 -0.65846983723550101 12.410980773817085 47.378701072540828 787.71387929282662 65.779210266825629 34.134671367953317 -1.0626842203288003
decision_type=2 2 2 2 2 2 2 2 2 2 2 2 2 2 2 2 2 2
left_child=2 -2 5 4 -3 6 8 10 -1 -10 -8 12 -7 14 -13 -5 -4 -14
right_child=1 3 16 15 -6 11 7 -9 9 -11 -12 13 17 -15 -16 -17 -18 -19
leaf_value=0.027080850142855478 -0.044557489993835492 0.0068644310555247791 0.024630429022156654 -0.0015895502910436494 -0.028632658048087008 -0.020297817584787058 0.0044238789162838006 -0.030037127479282024 -0.022672967771240254 0.0030245350607521933 0.019872437238781595 -0.027855597715055181 0 0.0041575871485672634 -0.0024584577306853736 0.028429133888979028 0 0.031051765346762787
leaf_weight=0.86753402673639257 0.98783802823163469 1.0087056909687819 2.8935270756483069 0.83680452615953971 1.6601218591677023 0.74835287220776114 30.18517897563288 0.97339109249878575 4.9630685673328099 3.7052028458565474 5.2665295614860943 3.251228270120917 0.90463247778825517 1.3591266861185429 1.8225826919078825 1.0328282305272294 1.2827600217424331 1.1085455254651602
leaf_count=10 11 15 30 10 27 11 554 12 68 46 51 34 26 12 41 41 22 18
internal_value=0.00117609 -0.0107604 0.00235461 -0.00195541 -0.0143694 0.00110045 0.00291567 0.00570518 -0.00737709 -0.0114374 0.00685267 -0.00758433 0.00647148 -0.0140841 -0.0195363 0.0140718 0.0178033 0.0183317
internal_weight=64.858 5.5263 59.3317 4.53846 2.66883 55.1554 45.9609 36.4251 9.53581 8.66827 35.4517 9.19447 2.76153 6.43294 5.07381 1.86963 4.17629 2.01318
internal_count=1039 104 935 93 42 883 741 617 124 114 605 142 55 87 75 51 52 44
is_linear=0
shrinkage=0.03


Tree=256
num_leaves=9
num_cat=0
split_feature=15 15 11 17 9 9 17 15
split_gain=0.882167 0.898645 0.810112 0.758028 0.838844 1.39706 1.00385 0.333332
threshold=12.872576822434459 12.813667920722397 5.4392675360073799 1.3298036539118665 596.07142857142878 600.71428571428589 2.8704941785482494 12.839455884963222
decision_type=2 2 2 2 2 2 2 2
left_child=1 2 3 -1 6 -6 -5 -3
right_child=-2 7 -4 4 5 -7 -8 -9
leaf_value=0.022447728023311291 -0.024988353574643286 0.028929689637011823 -0.020787892260921953 -7.5951244057364772e-06 -0.047814675258594834 0.0004340831967916859 0.03016017938416431 0.0024610949729105967
leaf_weight=1.4233867145958345 1.0285396117251355 1.3677671049954363 1.397025299957021 1.701228428166359 0.44546730071306129 54.496422903612256 1.7721692945342509 1.0178455832647157
leaf_count=40 23 16 28 22 6 823 59 22
internal_value=0.00114531 0.00165344 0.00088278 0.0014726 0.000872752 0 0.0149581 0.0193969
internal_weight=64.6499 63.6213 61.2357 59.8387 58.4153 54.9419 3.4734 2.38561
internal_count=1039 1016 978 950 910 829 81 38
is_linear=0
shrinkage=0.03


Tree=257
num_leaves=20
num_cat=0
split_feature=10 10 7 10 7 4 1 1 11 5 7 2 10 11 10 4 16 1 17
split_gain=0.939522 1.57273 1.30659 1.14545 1.06935 0.889641 2.70206 1.93985 1.70231 1.33592 2.23217 1.71103 1.32319 0.984446 0.728183 0.486912 0.411384 0.302301 0.129013
threshold=1.0781951541660193 1.1476044752865631 12.973352033660591 0.84951537865698701 2.1507863089731734 36.23851575404526 10.395732955259732 8.5766191168803498 0.029346259781422402 25.424184232931001 1.9615384615384619 72.853480647024853 -0.72930409489146053 -1.0626842203288003 0.13797398303562772 34.134671367953317 0.074330739868774157 7.3822693001740332 2.8704941785482494
decision_type=2 2 2 2 2 2 2 2 2 2 2 2 2 2 2 2 2 2 2
left_child=3 -2 4 5 -3 7 8 9 -7 10 -1 -11 -10 14 -8 -5 -9 -4 -6
right_child=1 2 17 15 18 6 13 16 12 11 -12 -13 -14 -15 -16 -17 -18 -19 -20
leaf_value=0.0017493621543309898 -0.043171612880729217 0.012379928870343591 0 0.02410805185439166 -0.033551370490079065 -0.038552510326083457 0.01321707444688053 0.029739574018991372 -0.024582518882165203 0.00063999609392103533 -0.028503166888862771 0.01940970556924132 0.011164476046437175 0.026539532410682149 -0.027962666970666374 0 0.0038748872554477346 0.028451544443840324 -0.011024577240860494
leaf_weight=5.6818302356405166 0.98427472799084981 0.82925652386620674 0.39712227601557959 2.8449328129645428 1.1063866624608638 2.4243504991754872 0.66494190436787926 2.6438055252656336 1.6017688214778902 27.914897316426504 3.3058396426495165 5.1723238634876898 1.8555062310770152 2.00774194765836 0.609342435374856 1.2820922257378695 1.0940686285030095 1.0041615323862059 1.1354058503638951
leaf_count=69 11 11 7 30 12 24 22 34 25 524 49 50 18 43 10 22 15 36 27
internal_value=0.00111252 -0.010591 -0.0019771 0.00225976 -0.0134314 0.00104254 -0.00735217 0.00279938 -0.0196137 0.000860725 -0.00923919 0.00371419 -0.00477938 0.0136645 -0.00489332 0.0173564 0.0232489 0.0203504 -0.0243812
internal_weight=64.56 5.45661 4.47233 59.1034 3.07105 54.9764 9.16365 45.8128 5.88163 42.0749 8.98767 33.0872 3.45728 3.28203 1.27428 4.12703 3.73787 1.40128 2.24179
internal_count=1039 104 93 935 50 883 142 741 67 692 118 574 43 75 32 52 49 43 39
is_linear=0
shrinkage=0.03


Tree=258
num_leaves=20
num_cat=0
split_feature=10 10 7 10 7 4 5 7 10 6 15 15 2 9 9 14 10 17 0
split_gain=0.896533 1.49547 1.20708 1.09129 0.945708 0.844416 1.30975 2.05989 1.52875 1.30798 1.23466 1.18569 1.06263 1.01419 1.06674 0.636213 0.53589 0.494508 0.223527
threshold=1.0781951541660193 1.1682568359037313 12.973352033660591 0.84951537865698701 2.1507863089731734 36.23851575404526 25.424184232931001 1.9615384615384619 0.78389589882751232 100.38963668838755 12.50186040696933 12.410980773817085 72.853480647024853 748.92857142857144 796.42857142857144 317.69151818264794 0.072689103766732807 3.1017013109306482 84.366286048498495
decision_type=2 2 2 2 2 2 2 2 2 2 2 2 2 2 2 2 2 2 2
left_child=3 -2 4 5 -3 6 7 10 12 13 -1 -11 -8 -7 -15 -13 -9 -5 -4
right_child=1 2 18 17 -6 9 8 16 -10 11 -12 15 -14 14 -16 -17 -18 -19 -20
leaf_value=-0.0068115991020730304 -0.040196138487718101 0.011627131878676243 0 0 -0.02345931385358576 0 0.0041737116518690233 -0.0023317140365896184 -0.02965696306708759 -0.022907989170220019 0.020547860480070894 0.02809345430068327 0.019106637783888387 -0.044662503149209207 -0.0073045883797431821 0 -0.032469197517422665 0.022933665845692279 0.028022316450098131
leaf_weight=3.7006216550944355 1.0960388686507929 0.80028178542852435 0.46372547466307856 1.0411801727022965 2.1314391710329801 2.3671871507540327 30.114571942773182 0.97034405136946622 0.96128811279777338 0.77757249632850323 2.2661452032625675 1.583076003007591 5.1608028751797965 1.5455899909138682 1.6571243465878067 1.1578669291920958 2.4976037569576874 3.0523947840556502 0.91569301625713706
leaf_count=47 13 10 8 15 38 26 554 17 12 16 25 49 51 12 26 13 35 37 35
internal_value=0.00108786 -0.010396 -0.00140019 0.00220967 -0.0128245 0.00101982 0.00273187 -0.00703817 0.00537057 -0.00719323 0.00325229 0.00642064 0.00649105 -0.0162838 -0.0270478 0.0163103 -0.0251791 0.0170071 0.0200781
internal_weight=64.2605 5.40718 4.31114 58.8534 2.93172 54.7598 45.6714 9.43471 36.2367 9.08842 5.96677 3.51852 35.2754 5.5699 3.20271 2.74094 3.46795 4.09357 1.37942
internal_count=1039 104 91 935 48 883 741 124 617 142 72 78 605 64 38 62 52 52 43
is_linear=0
shrinkage=0.03


Tree=259
num_leaves=20
num_cat=0
split_feature=4 4 11 13 2 11 12 5 14 7 14 2 14 14 14 11 15 13 0
split_gain=0.831678 1.07196 1.73017 1.06714 1.14858 1.14567 2.04241 1.17601 2.01169 1.45449 0.962623 1.0825 0.919126 0.758524 0.743084 1.16154 0.496361 0.435383 0.288993
threshold=40.981406048639322 47.378701072540828 1.9301860155089103 3.9599496146975636e-06 54.123801220575423 1.0486000632960588 0.00057091883366070016 51.392364651714963 250.07941697811614 23.746867167919806 231.3726063803694 65.676349765258223 212.70728870575962 345.55087159262075 306.19987643417363 1.1716103251664214 12.397060136542452 6.1447797460912092e-07 76.995492956142201
decision_type=2 2 2 2 2 2 2 2 2 2 2 2 2 2 2 2 2 2 2
left_child=3 14 -3 5 13 7 17 10 -9 -10 11 -1 -8 -5 15 -2 -12 -7 -14
right_child=1 2 -4 4 -6 6 12 8 9 -11 16 -13 18 -15 -16 -17 -18 -19 -20
leaf_value=-0.009602405592888481 -0.040487402399520256 0.027750698543804592 -0.026821121039437963 -0.024921477502136951 0.026841638344075981 -0.007511669999861496 0.039254107084175927 -0.037922605152630282 -0.033400129007902811 0.0080864041031379064 0 0.0046835203376964256 -0.011908087024390401 0.023955678577415214 0.0034898091172912492 0 0.019917563373683729 -0.03444373570575348 0.012371272819274611
leaf_weight=5.448097617365419 1.7997542405501006 1.2999058606801557 0.70195475302170951 0.73407746944576435 2.8877055337652564 1.224880596622824 0.57950467057526145 1.5415262461174268 0.83074747957289208 4.0401661028154194 1.3304576920345415 30.818377796094865 0.98735945182852425 0.29431706690229475 0.777751073706895 1.183131397468969 4.7419183277525008 2.1808042419143021 0.59857174195349216
leaf_count=153 28 42 13 67 61 17 5 62 9 103 13 300 32 2 13 37 46 29 7
internal_value=0.00105009 -0.00963044 0.00682207 0.00217302 0.0171446 0.00100907 -0.0116634 0.00253955 -0.00919148 0 0.00440444 0.00243443 0.00987324 -0.00739131 -0.0191154 -0.0259045 0.0154539 -0.0261037 -0.000774735
internal_weight=64.001 5.7625 2.00186 58.2385 3.9161 54.3224 5.57112 48.7513 6.41244 4.87091 42.3389 36.2665 2.16544 1.02839 3.76064 2.98289 6.07238 3.40568 1.58593
internal_count=1039 133 55 906 130 776 90 686 174 112 512 453 44 69 78 65 59 46 39
is_linear=0
shrinkage=0.03


Tree=260
num_leaves=20
num_cat=0
split_feature=16 11 4 3 9 3 1 15 2 11 11 7 13 11 3 11 4 15 13
split_gain=1.1265 1.4593 1.9459 1.54746 1.36494 2.01892 2.77192 1.7231 1.66561 2.31306 1.999 1.99736 1.79812 1.39169 1.09251 0.89072 0.990034 0.825764 0.542511
threshold=0.064785344455494165 2.4412678349637038 42.109216182044591 94.915375422612186 848.92857142857156 92.206477732793545 3.5192028853389545 12.430816597150301 79.47026980580857 -0.34846967202776752 -0.40591683360101988 34.741379310344833 2.34996979539294e-06 -0.86779770536837131 94.065067565534079 0.78389257053441164 18.783613640791774 12.513780066526966 4.2402520569336942e-06
decision_type=2 2 2 2 2 2 2 2 2 2 2 2 2 2 2 2 2 2 2
left_child=4 2 3 14 5 6 -1 -8 9 11 -10 -7 -11 -6 17 16 -5 -2 -15
right_child=1 -3 -4 15 13 8 7 -9 10 12 -12 -13 -14 18 -16 -17 -18 -19 -20
leaf_value=0.017950285524191673 0.0061687761910502788 0.02960403751007859 -0.027715758773320977 -0.0073119568207960445 0.030554541090407738 0.022088523391105952 -0.037271607487517872 -0.0036925167613295951 -0.041282161501085039 -0.015423022484385729 0.00074998503393628813 -0.013465971231596022 0.014561311326090308 -0.01616953289356764 -0.033575430539812164 -0.0067953531638693223 0.018633738668565488 -0.011368181971908222 0.014408222943497147
leaf_weight=1.3965061088092641 6.7092093360843208 1.9035222214879457 1.6360395257361222 1.2934115305542935 1.9154264331446031 6.633906937669968 4.4330206932500005 2.3108798312023282 1.7338246693834665 6.5110312053002399 1.9795938204042602 1.6186374675016848 2.2931099570123479 1.25390885217348 0.85593773424625474 1.6603441359475244 9.8144868710078281 3.6456506783142686 0.68349007435608644
leaf_count=28 109 31 33 17 48 59 76 29 25 69 33 28 47 104 10 20 97 101 42
internal_value=0.000272281 0.00478363 0.00271455 0.00502181 -0.00342863 -0.00574459 -0.0183234 -0.0264257 -0.000606653 0.00323394 -0.0186564 0.014678 -0.00720061 0.0128964 -0.00288864 0.012169 0.0153067 0 -0.0037319
internal_weight=60.2819 27.5186 25.6151 23.979 32.7633 28.9105 8.14041 6.7439 20.7701 17.0567 3.71342 8.25254 8.80414 3.85283 11.2108 12.7682 11.1079 10.3549 1.9374
internal_count=1006 418 387 354 588 394 133 105 261 203 58 87 116 194 220 134 114 210 146
is_linear=0
shrinkage=0.03


Tree=261
num_leaves=20
num_cat=0
split_feature=16 5 10 13 3 9 3 6 15 2 11 6 11 13 11 16 15 10 5
split_gain=1.06162 1.83252 1.97594 1.90495 1.98187 1.29565 1.92632 2.55302 1.7355 1.57497 2.14912 2.28748 2.02657 1.70026 1.30998 1.19024 0.942805 0.933448 0.794307
threshold=0.064785344455494165 57.543961778038231 0.90255828967708529 1.4959757770535594e-06 96.662958843159089 848.92857142857156 92.206477732793545 36.976667119583134 12.430816597150301 80.15296367112812 -0.34846967202776752 72.509381335698393 -0.40591683360101988 2.34996979539294e-06 -0.86779770536837131 0.10837138109994811 12.836185852375712 0.16659506857015313 79.299991857658554
decision_type=2 2 2 2 2 2 2 2 2 2 2 2 2 2 2 2 2 2 2
left_child=5 2 3 4 16 6 7 -1 -9 10 11 -8 -11 -12 -7 -5 -2 -6 -3
right_child=1 18 -4 15 17 14 9 8 -10 12 13 -13 -14 -15 -16 -17 -18 -19 -20
leaf_value=0.016146912197093074 -0.013120615881100856 -0.017220885448894531 -0.017266359619311611 0.03347219362249744 7.380048173762774e-05 0.029681910464342771 0.027270407130909047 -0.036929065184652235 -0.0029550494796542369 -0.042357770061942773 -0.014980604523832184 -0.0038032511980050868 0.0007286571118087959 0.014243349550614131 -0.0036064127841464438 0.00011908312775618421 0.015640332443460872 0.023820448357887977 0.0044554884370667305
leaf_weight=1.4389878148213044 4.8619171720929533 4.0568210981436996 2.1551401454489669 4.544400035403668 2.5486378390341997 1.9155250577023255 4.8364163078367763 4.3533599730581045 2.2605698914267123 1.6187858148477974 6.5052631460130197 3.4496164650190622 1.9793404834344972 2.2764594593318179 1.9222901897737745 1.4459591535851357 1.1204292862676082 4.6405363501980901 2.0519491006853059
leaf_count=26 83 66 34 46 21 48 40 78 29 23 69 49 33 47 146 20 15 42 91
internal_value=0.000257716 0.00464328 0.00886239 0.0120312 0.00528211 -0.00334773 -0.00561637 -0.0179793 -0.0259809 -0.000591013 0.00308811 0.0140851 -0.0184658 -0.00699212 0.0125784 0.0260481 -0.00707219 0.0159301 -0.00950207
internal_weight=59.9824 27.4258 21.317 19.1619 13.1715 32.5566 28.7188 8.05292 6.61393 20.6659 17.0678 8.28603 3.59813 8.78172 3.83782 5.99036 5.98235 7.18917 6.10877
internal_count=1006 418 261 227 161 588 394 133 107 261 205 89 56 116 194 66 98 63 157
is_linear=0
shrinkage=0.03


Tree=262
num_leaves=20
num_cat=0
split_feature=15 6 2 11 10 11 13 13 11 10 15 10 4 10 9 4 14 15 12
split_gain=0.947017 1.82135 2.74484 2.47812 2.12119 1.93094 1.70767 1.60923 1.28703 1.20711 2.20014 1.61923 1.35058 1.31052 1.95665 1.1393 1.29511 1.28297 0.980097
threshold=12.454777340529846 62.596601290448291 67.578482998586466 -0.19992521536406557 0.31484060864897695 1.3973210253314694 1.4181401788310542e-06 2.1850429314807677e-06 2.4412678349637038 0.17186920029469674 12.474382974561188 0.90255828967708529 19.204318552210179 0.0047231473300351507 801.78571428571433 18.058876087386118 102.11199379183616 12.716033816597159 0.00037760821228685003
decision_type=2 2 2 2 2 2 2 2 2 2 2 2 2 2 2 2 2 2 2
left_child=1 3 4 -1 6 18 -3 -8 9 10 12 15 -2 14 -12 17 -17 -11 -5
right_child=8 2 -4 5 -6 -7 7 -9 -10 11 13 -13 -14 -15 -16 16 -18 -19 -20
leaf_value=-0.022524769518085061 0.03483242666683721 -0.027588076156646227 0.025896776761338818 0.020522722689569253 -0.021496548341065909 -0.018396890571098192 0.029240132018982106 -0.002237128077899362 0.028140684182976036 -0.023355140144327206 0.0085341453535409794 -0.011955417721279879 -0.0019422538199653702 -0.031564614790148673 -0.023136767711737966 0.04072134089969575 0.011428782407008625 0.021671394222066109 -0.0035364707764337254
leaf_weight=7.6738663290743743 1.6148757227347297 0.95442527066916039 3.8051423305878407 3.5532800273504126 3.6982318615191616 3.0116127280052751 2.7665132653200999 2.627163497149013 1.8047851643059392 1.4018766864901402 3.8838390703313035 2.7424070502165696 1.5687201685504986 2.2802129117189907 2.951964688138105 1.7255415664985765 8.5753344221739081 0.77506300585810084 2.2529152310453355
leaf_count=147 18 24 50 46 61 40 29 100 32 44 40 43 30 44 101 9 103 12 33
internal_value=0.00025358 -0.0034026 0.00445174 -0.0101674 -0.00355027 0.000382408 0.00661073 0.0136004 0.00413741 0.00235845 -0.00445596 0.0080542 0.0162907 -0.012125 -0.00484644 0.0127506 0.0169685 -0.00575892 0.0107775
internal_weight=59.6678 30.3432 13.8515 16.4917 10.0463 8.81781 6.3481 5.39368 29.3246 27.5198 12.2996 15.2202 3.1836 9.11602 6.8358 12.4778 10.3009 2.17694 5.8062
internal_count=1006 530 264 266 214 119 153 129 476 444 233 211 48 185 141 168 112 56 79
is_linear=0
shrinkage=0.03


Tree=263
num_leaves=20
num_cat=0
split_feature=16 11 13 6 11 3 1 13 3 1 17 17 17 15 7 1 10 14 17
split_gain=0.94799 1.30737 1.5821 1.7271 1.55718 1.50748 1.50562 1.23381 1.17883 2.06582 1.31007 1.30999 1.68811 1.63405 1.29548 1.24132 1.11611 0.985236 0.874668
threshold=0.064785344455494165 2.4412678349637038 2.5833892327671739e-06 100.38963668838755 0.69551507943809765 96.662958843159089 8.1238105208169085 1.0982329128609661e-06 80.847043130280142 6.0193982367451628 4.7619385008121737 4.3935778084496038 2.691631145014429 12.351851317920707 17.445652173913047 3.5192028853389545 0.19179022681853572 186.5165404791027 2.6376502963468851
decision_type=2 2 2 2 2 2 2 2 2 2 2 2 2 2 2 2 2 2 2
left_child=8 2 4 6 5 7 -4 -2 16 10 15 12 -11 -14 17 -10 18 -13 -1
right_child=1 -3 3 -5 -6 -7 -8 -9 9 11 -12 14 13 -15 -16 -17 -18 -19 -20
leaf_value=0.03157540054807606 -0.011619659456357815 0.027952548755668542 0.0044210992388645093 0.013752164066245279 -0.015472906547755591 0.01872019925619095 -0.035383448067385061 0.01012370332966663 0.0095809399976496592 -0.014892751996372971 0.0020329921446124747 -0.0028031578932089228 -0.017047127934821719 0.016854889323103247 0.0047798071759055129 -0.02522984874926882 -0.020680962680180794 -0.037850376596171464 -0.010734897236169839
leaf_weight=2.0193725656718016 3.8609376852400725 1.8940219131764013 1.0409074404160485 1.4317324251169337 2.405718791531398 8.3255756478756648 2.5903501436114311 5.5921369366697036 0.86317536584101784 2.4589269326534149 2.6304505821317425 1.5445943586528295 1.3248266465961922 8.8465714217163605 2.4586907544871792 7.4345237894449383 0.4944853254710323 1.744804593734443 0.38054942496819411
leaf_count=77 70 31 48 48 35 79 28 79 22 52 27 17 15 113 52 115 57 19 22
internal_value=0.000244785 0.00441282 0.00242523 -0.0122187 0.00628851 0.00947103 -0.0233567 0.000900313 -0.00317825 -0.00507123 -0.0153531 0.00093018 0.00647233 0.0120241 -0.0106371 -0.0211804 0.014516 -0.0228467 0.0235053
internal_weight=59.3424 27.1414 25.2474 5.06299 20.1844 17.7787 3.63126 9.45307 32.201 29.3066 10.9281 18.3784 12.6303 10.1714 5.74809 8.2977 2.89441 3.2894 2.39992
internal_count=1006 418 387 124 263 228 76 149 588 432 164 268 180 128 88 137 156 36 99
is_linear=0
shrinkage=0.03


Tree=264
num_leaves=20
num_cat=0
split_feature=16 11 13 6 11 3 1 13 3 1 17 2 15 14 17 3 12 14 10
split_gain=0.899338 1.23762 1.48794 1.62829 1.47488 1.43461 1.42059 1.16518 1.10688 1.95814 1.33273 1.18881 1.4521 1.76091 1.40913 1.2703 1.11554 2.02033 1.05746
threshold=0.064785344455494165 2.4412678349637038 2.5833892327671739e-06 100.38963668838755 0.69551507943809765 96.662958843159089 8.1238105208169085 1.0982329128609661e-06 80.847043130280142 6.1225954167695411 5.2611881257545727 66.719660837307913 12.383900939559053 241.19076436976943 4.6078385886144426 105.66054453628344 0.00042458005765310004 142.84397564925621 0.19179022681853572
decision_type=2 2 2 2 2 2 2 2 2 2 2 2 2 2 2 2 2 2 2
left_child=8 2 4 6 5 7 -4 -2 18 10 16 12 -11 -14 -13 -16 17 -10 -1
right_child=1 -3 3 -5 -6 -7 -8 -9 9 11 -12 14 13 -15 15 -17 -18 -19 -20
leaf_value=0.022733610910192621 -0.011319966916629036 0.027245265684990146 0.0043021124680510817 0.013442543323805381 -0.015073844359246783 0.01829829087304374 -0.034295340878463289 0.0098342232120970305 -0.027478513528235236 -0.022344426024757533 0.0076712283592860354 0.018395074247806596 -0.02170292195675861 0.013876165639142585 -0.021675411304245024 0.015576454684554816 -0.033461576572385313 0.0046150392014451874 -0.020498819430245598
leaf_weight=2.4058388057164843 3.8471205073874568 1.8875902345171187 1.0403795262682245 1.4232027296675367 2.3980902743060133 8.265246984548865 2.5954524790868163 5.5870667169219814 3.2540585030801612 3.1466916657518613 1.8297347403131414 5.5215676589868945 1.6915353881195185 3.9258585196221247 1.8919090107083323 1.2348250368377192 3.2510316157713532 3.4019801062531769 0.48494607757311303
leaf_count=99 70 31 48 48 35 79 28 79 63 49 19 67 29 69 21 25 56 34 57
internal_value=0.000234204 0.00430123 0.00235981 -0.0118355 0.00612256 0.00923155 -0.0226283 0.000864952 -0.00310803 -0.00495289 -0.0143899 0.00128264 -0.00626839 0.00244551 0.00926186 -0.00600719 -0.0188001 -0.0108056 0.0140351
internal_weight=59.0841 27.0441 25.1566 5.05903 20.0975 17.6994 3.63583 9.43419 32.04 29.1492 11.7368 17.4124 8.76409 5.61739 8.6483 3.12673 9.90707 6.65604 2.89078
internal_count=1006 418 387 124 263 228 76 149 588 432 172 260 147 98 113 46 153 97 156
is_linear=0
shrinkage=0.03


Tree=265
num_leaves=19
num_cat=0
split_feature=16 14 7 14 15 15 15 16 7 16 0 10 17 7 14 15 2 4
split_gain=1.62725 1.41977 1.80897 1.65091 1.54437 0.973422 0.893995 0.887244 2.07123 1.81144 1.48273 1.27591 0.794562 1.27416 0.757591 0.505513 0.430773 0.323645
threshold=0.021419042450016204 201.39000105637979 14.119601328903657 210.33718564432749 12.38755346896802 12.357666177173622 12.372956263499784 0.062651545639375916 2.1054964539007095 0.064247576968539111 75.097859880953607 0.21878587454720691 5.2611881257545727 12.158167036215817 241.77396812755393 12.361303245248665 62.686706809326829 23.807107816314247
decision_type=2 2 2 2 2 2 2 2 2 2 2 2 2 2 2 2 2 2
left_child=1 2 12 -3 15 -2 -7 8 -8 -9 -10 -11 13 17 -6 -5 -16 -1
right_child=5 3 -4 4 14 6 7 9 10 11 -12 -13 -14 -15 16 -17 -18 -19
leaf_value=-0.032564330893954718 0.02363354734634051 0.036207222687635841 -0.043007144723138602 0 -0.0099194624494191586 -0.014782682758472667 -0.027186630843753539 -0.034511717571124166 -0.0030475063012518344 -0.0041706138065629242 0.018451808679227372 0.0091520154403044573 0.014007403296690956 0.016016580626853363 0 -0.030122476293900979 0.027982015020406703 -0.0039905622779012823
leaf_weight=1.6623059562989499 2.1848839193698941 0.95479404088109721 1.778196756262332 0.76081667281687293 1.1586365094408395 2.180111364577896 1.1111441780813027 1.1362400625366742 3.5475820993306106 12.234716090897566 11.140608974033965 13.130416633561252 1.0552880237810311 0.76400424540042866 1.0017507560551169 1.808266313979402 1.3974042304325847 0.8129895944148301
leaf_count=47 30 8 26 19 24 29 19 19 131 223 130 186 16 5 34 34 22 13
internal_value=0.00164338 -0.00755711 -0.0181096 0.00120044 -0.00426699 0.00431165 0.00324438 0.0042769 0.00989768 0.000788564 0.0130708 0.00261698 -0.0063739 -0.0141327 0.00787385 -0.0218693 0.0177204 -0.0248638
internal_weight=59.8202 13.1545 6.07278 7.08167 6.12687 46.6657 44.4808 42.3007 15.7993 26.5014 14.6882 25.3651 4.29459 3.2393 3.55779 2.56908 2.39915 2.4753
internal_count=1015 248 107 141 133 767 737 708 280 428 261 409 81 65 80 53 56 60
is_linear=0
shrinkage=0.03


Tree=266
num_leaves=15
num_cat=0
split_feature=11 15 10 10 8 13 6 4 15 10 4 4 12 17
split_gain=1.27746 0.934159 0.925141 2.81871 1.92895 3.37461 1.88849 2.26742 1.25736 0.808477 1.27854 0.760275 1.24125 0.392066
threshold=8.9394620210005833 12.342413834162123 0.21878587454720691 -0.086253256555805083 792.76061776061772 1.2396689070171034e-06 39.333277591121423 19.545097759383477 12.452192486263559 0.73578542483890019 31.814784809088092 42.109216182044591 0.00059878186042470007 2.8386782573027869
decision_type=2 2 2 2 2 2 2 2 2 2 2 2 2 2
left_child=1 -1 3 6 5 -5 -3 -8 11 13 -11 12 -4 -10
right_child=-2 2 8 4 -6 -7 7 -9 9 10 -12 -13 -14 -15
leaf_value=0.022070664339805229 0.036135687021336585 -0.030017472350608244 -0.0051979297082806169 -0.020633220496191984 -0.03705288506125199 0.01818439498380138 0.024079419324876367 0 0.023981998181221108 -0.0096717108826163776 0.024244074255776835 -0.020653171976064907 0.016532326339603637 0.0094514126604976455
leaf_weight=1.7345758221345011 0.85321046551689406 1.2509274460608164 8.5849144232342969 5.919165384955706 2.6883693740819572 2.8705102375242859 4.7135871676728156 12.573561397846786 3.682297201594336 3.2562635807553297 1.3235628455877302 1.6284091972047452 3.1377206682227543 5.3464192003011703
leaf_count=22 12 35 125 60 116 42 75 230 55 44 43 28 66 62
internal_value=0.00159277 0.000979172 0.000246954 -0.00331473 -0.0149848 -0.00755684 0.0037916 0.0065692 0.0043209 0.0107404 0 -0.0020306 0.000455354 0.015904
internal_weight=59.5635 58.7103 56.9757 30.0161 11.478 8.78968 18.5381 17.2871 26.9596 13.6085 4.57983 13.351 11.7226 9.02872
internal_count=1015 1003 981 558 218 102 340 305 423 204 87 219 191 117
is_linear=0
shrinkage=0.03


Tree=267
num_leaves=20
num_cat=0
split_feature=16 9 0 14 7 11 15 4 15 1 1 15 4 11 8 8 1 7 0
split_gain=1.50294 1.38675 1.11676 1.1678 1.76042 0.937028 0.911174 0.875303 1.43223 1.31682 1.06028 0.946489 1.37887 0.919163 0.882549 1.78427 1.20435 0.720538 0.717849
threshold=0.021419042450016204 861.07142857142878 74.846379982924915 201.39000105637979 14.119601328903657 -0.86779770536837131 12.357666177173622 20.107627641237489 12.479572139973522 3.9584270415648 5.1431905738463639 12.836185852375712 19.204318552210179 -1.0679191682357569 810.69444444444446 743.90888278388286 8.8490770316671554 13.921188630490958 74.141274112809228
decision_type=2 2 2 2 2 2 2 2 2 2 2 2 2 2 2 2 2 2 2
left_child=1 2 -1 4 -4 -3 -2 8 9 13 17 12 -10 -8 15 -12 -16 -9 -11
right_child=6 5 3 -5 -6 -7 7 10 11 18 14 -13 -14 -15 16 -17 -18 -19 -20
leaf_value=-0.032317365408653889 0.022979394965470176 0.035730464525447349 -0.0046510955643671087 0.0046408524904080501 -0.044672892943030056 -0.0079330319808298862 0.029725002482008253 -0.028931434137205555 -0.015081111873166322 0.0052691541564640221 -0.002470858534592764 0.025641625486300744 0.028395737880861947 -0.021082180137825791 -0.026701006038228014 0.012870228334690977 0.0072969646909082806 0.00052654763128148351 0.035291163318948118
leaf_weight=1.8377492108847935 2.1476128606591365 0.94558229163521901 4.0144610549323243 4.2909771131817251 1.3307342939078806 0.55295777670107671 0.34012091101612874 1.6450042277574533 3.6066010685171932 1.2759017513599245 15.30703385372181 0.86270439822692413 0.66774713760241855 0.94305866758804591 1.980150084709748 11.831443092785774 1.4498192844912408 0.96528121549636114 3.3163411766290665
leaf_count=43 30 18 62 55 10 60 4 21 92 37 205 16 7 56 111 105 37 26 20
internal_value=0.0015546 -0.00735268 -0.011085 -0.00643722 -0.0158033 0.0182537 0.00412324 0.00308932 0.0103933 0.0204018 0.000550926 -0.00065182 -0.00710938 -0.00427085 0.0022257 0.00412989 -0.0116809 -0.0173135 0.0278793
internal_weight=59.3113 12.9725 11.4739 9.63617 5.3452 1.49854 46.3388 44.1912 11.0125 5.87542 33.1787 5.13705 4.27435 1.28318 30.5684 27.1385 3.42997 2.61029 4.59224
internal_count=1015 248 170 127 72 78 767 737 232 117 505 115 99 60 458 310 148 47 57
is_linear=0
shrinkage=0.03


Tree=268
num_leaves=20
num_cat=0
split_feature=16 9 8 14 7 10 15 10 8 13 10 10 7 7 2 15 8 8 10
split_gain=1.42861 1.31465 1.09179 1.10716 1.67687 0.91547 2.9891 2.86799 1.74797 1.94771 1.67016 1.30878 1.16702 1.53451 1.17263 0.987987 0.878777 0.763235 0.703176
threshold=0.021419042450016204 861.07142857142878 803.78378378378386 201.39000105637979 14.119601328903657 -0.086253256555805083 12.477347683392553 0.21878587454720691 792.76061776061772 1.2396689070171034e-06 0.15893966711309643 -0.30718345230324184 3.8838612368024132 13.423423423423426 66.719660837307913 12.408047515925748 890.74115539632783 815.77380952380963 -0.25516713655522477
decision_type=2 2 2 2 2 2 2 2 2 2 2 2 2 2 2 2 2 2 2
left_child=1 2 3 4 -1 6 18 8 9 10 -7 17 -9 15 -15 -14 -3 -8 -2
right_child=5 16 -4 -5 -6 7 11 12 -10 -11 -12 -13 13 14 -16 -17 -18 -19 -20
leaf_value=-0.0045156286790909578 0.012731216050538887 0.032391017872319627 -0.03208457882238433 0.0045100779032846107 -0.043684340074222852 -0.0028019796967640232 0.014139538408828228 0.018041376586201453 -0.037224496257527794 0.014649400878818365 -0.040901210881219278 -0.022582755960309925 0.0097308251479746154 0.0023829337781590748 0.025879847593068179 -0.015703034122460862 -0.011915733360171429 -0.011147997211679844 0.032244051978658927
leaf_weight=4.0138556510210019 4.7360872416757038 1.0614799249451596 1.7968947212211777 4.2859150019939989 1.3224120512604711 3.1600849144160765 2.8140726229175925 6.1704913764260736 1.9885301419999448 2.5981585655827075 1.6101711513474581 2.3033685673726714 1.6885098661296059 6.2310365884914045 2.9116281465394422 4.7373571182833984 0.43057096685515706 1.4977480005472896 3.6912989100674158
leaf_count=62 95 19 43 55 10 32 23 60 90 37 15 49 16 131 61 63 59 59 36
internal_value=0.00151709 -0.00718575 -0.0108337 -0.00626742 -0.0153991 0.0040276 0.0100996 0.000971179 -0.0127209 -0.00529649 -0.0168539 -0.00459894 0.00703318 0.00239138 0.0103895 -0.00851343 0.0177754 0.00462212 0.0219078
internal_weight=59.0497 12.9111 11.4191 9.62218 5.33627 46.1385 15.0426 31.096 9.35694 7.36841 4.77026 6.61519 21.739 15.5685 9.14266 6.42587 1.49205 4.31182 8.42739
internal_count=1015 248 170 127 72 767 262 505 174 84 47 131 331 271 192 79 78 82 131
is_linear=0
shrinkage=0.03


Tree=269
num_leaves=20
num_cat=0
split_feature=16 9 3 11 11 10 11 10 10 8 13 10 7 7 11 2 16 10 7
split_gain=1.35753 1.24589 1.07951 0.949332 1.35974 1.12393 0.876658 0.868427 2.73079 1.69971 1.85001 1.59996 1.10255 1.45203 2.03285 1.13068 0.983959 0.908959 0.702537
threshold=0.021419042450016204 861.07142857142878 106.19485999232835 -0.82698124937443696 -0.4287523111806823 0.55690443817465829 -0.86779770536837131 -0.086253256555805083 0.21878587454720691 792.76061776061772 1.2396689070171034e-06 0.15893966711309643 3.8838612368024132 13.423423423423426 -0.64195227019310341 66.719660837307913 0.10837138109994811 -0.39587701738692443 34.330357142857146
decision_type=2 2 2 2 2 2 2 2 2 2 2 2 2 2 2 2 2 2 2
left_child=1 2 3 -1 -5 -6 -3 16 9 10 11 -9 -10 14 -14 -15 18 -18 -2
right_child=7 6 -4 4 5 -7 -8 8 12 -11 -12 -13 13 15 -16 -17 17 -19 -20
leaf_value=-0.032603072790936272 0.016464165611283537 0.03441385651704218 0.0066329504583113909 0.0056935944350556692 -0.032368703003882324 0 -0.0078968859693852658 -0.002720906202716531 0.017596768132352072 -0.036941093073659177 0.014329136985823417 -0.040154725602046276 0.020823256218135612 0.0023133003290517749 -0.017780377005392593 0.025510575865903769 0.0095096875370369403 -0.02221192098082303 -0.0040295647537758042
leaf_weight=2.2027859978843463 10.549887623172252 0.93316076474729925 2.3066334339091545 2.917202746961264 2.4723000447265826 1.4661835981532929 0.54976687766611465 3.1596041240263748 6.1396083529107299 1.9450981851550748 2.5790701461955905 1.5930216340348122 1.4726918888045473 6.2290815283195098 4.9375370827037832 2.8672854135511443 1.5460900333710017 1.3991423362167541 1.450843924190848
leaf_count=26 125 18 52 39 32 21 60 32 60 90 37 15 15 131 64 61 27 29 81
internal_value=0.00147546 -0.00702564 -0.010588 -0.0153252 -0.00895343 -0.0204176 0.0173248 0.00393201 0.000944561 -0.0124788 -0.00517555 -0.0164554 0.00686623 0.00233988 -0.0082671 0.0101495 0.00986625 -0.00480917 0.0137258
internal_weight=58.717 12.848 11.3651 9.05847 6.85569 3.93848 1.48293 45.869 30.923 9.27679 7.3317 4.75263 21.6462 15.5066 6.41023 9.09637 14.946 2.94523 12.0007
internal_count=1015 248 170 118 92 53 78 767 505 174 84 47 331 271 79 192 262 56 206
is_linear=0
shrinkage=0.03


Tree=270
num_leaves=17
num_cat=0
split_feature=3 1 6 1 16 4 17 7 8 1 1 3 13 4 1 17
split_gain=1.29825 1.35506 2.48066 1.99364 1.33228 1.04105 1.30483 1.73921 1.70857 0.819954 0.7043 0.677149 0.480349 0.466323 0.852691 0.216798
threshold=83.748836987379818 4.6604919212975977 28.165873437525448 5.4394107051894549 0.034226137968377007 21.092207113533075 4.3935778084496038 23.166368515205729 810.69444444444446 4.2503119493265595 5.0564557924872391 80.847043130280142 2.0652615301619572e-07 17.737995808185072 4.1348685590113705 3.7117665998028868
decision_type=2 2 2 2 2 2 2 2 2 2 2 2 2 2 2 2
left_child=11 2 12 4 -3 -5 8 -8 -7 -4 -6 13 -2 14 15 -1
right_child=1 3 9 5 10 6 7 -9 -10 -11 -12 -13 -14 -15 -16 -17
leaf_value=-0.023811985299388383 0 -0.033632710892583045 0.0086114023614074567 0.024247229876079187 -0.020043506419681039 0.0072032437840525458 -0.013824177447113995 0.011616948340299927 -0.017430695271715271 0.031303425835047978 0.0045168188531277687 -0.029737080861910729 -0.027684061169243351 -0.023576091062467261 0.019804113284764301 0.00095068414276373078
leaf_weight=0.76194553769892071 0.93369871284812544 2.4011473744176319 3.3731878250837326 1.6608236543834198 1.5571111934259532 23.056994603015486 9.394247360643929 3.0373569291550657 2.6935624282341442 3.4354810137301683 2.4649409838020802 1.752725188154727 1.1434072859119622 0.74566957820206869 1.1266039795009417 0.1545438040047884
leaf_count=94 24 28 29 16 21 241 120 71 118 23 19 59 22 114 28 4
internal_value=-1.42972e-05 0.00121567 0.0118982 -0.00079252 -0.0162113 0.00165244 0.000530485 -0.00732577 0.00445297 0.0207828 -0.00451934 -0.0153018 -0.0154643 -0.00447542 0.00187074 -0.0170023
internal_weight=59.6934 55.152 8.88577 46.2662 6.4232 39.843 38.1822 12.4316 25.7506 6.80867 4.02205 4.54149 2.07711 2.78876 2.04309 0.916489
internal_count=1031 732 98 634 68 566 550 191 359 52 40 299 46 240 126 98
is_linear=0
shrinkage=0.03


Tree=271
num_leaves=20
num_cat=0
split_feature=3 10 1 10 1 11 1 10 3 2 2 11 11 14 13 2 11 15 16
split_gain=1.24865 1.58291 1.28202 2.67372 1.89411 1.45444 1.24866 1.14942 1.11418 1.01137 1.88478 1.5513 1.30482 1.01626 0.778678 0.53167 0.474528 0.435809 0.370887
threshold=83.748836987379818 -0.49453008093906942 4.6604919212975977 0.56515341202418334 5.4394107051894549 -0.3248769825258041 4.2503119493265595 0.15596513700674752 88.142804291527952 74.933155080213922 74.008868022952541 0.93369144346683719 0.42974916616251663 110.18216763468966 1.0216186873832356e-06 79.320184042515265 -0.57065530276794962 12.849603557290465 0.034226137968377007
decision_type=2 2 2 2 2 2 2 2 2 2 2 2 2 2 2 2 2 2 2
left_child=1 16 3 6 5 18 7 8 -2 10 12 13 -6 -11 -7 -13 -1 -3 -4
right_child=2 17 4 -5 9 14 -8 -9 -10 11 -12 15 -14 -15 -16 -17 -18 -19 -20
leaf_value=0.02844551153207197 0.017609585881833503 -0.029934361838497684 -0.040628177282725553 -0.018717808675566064 -0.0025050408018170663 -0.016795420732051255 0.034510010151811897 0.026039757690296855 -0.023179564036715325 0 -0.035340310680151338 0.0052182796826917444 0.011445830980175577 0.029756784688253435 0.013332146397819362 -0.023974110851095475 -0.0029253634837242272 0.0032546675431856451 -0.015394572826521249
leaf_weight=0.60183843492995948 0.88720183353871007 2.9272315193666141 1.6014074357226493 1.8731412924826143 23.865821635117758 1.2983165569603436 3.1008408730849624 1.662721619941294 1.325528515037149 1.4744452801533032 1.2435712192673225 0.80190314934588958 7.9129389110021284 3.4281132784672081 1.6236084531992672 1.0246978187933562 0.72797452751547076 0.20279950753319997 1.8560846894979475
leaf_count=8 7 243 16 27 323 17 18 19 27 18 15 17 135 44 15 14 38 10 20
internal_value=-1.6686e-05 -0.015152 0.00118186 0.0115952 -0.000771624 -0.015857 0.0203077 0.00760717 -0.00547358 0.00160775 -0.000477105 0.0121353 0.000899639 0.0210155 0 -0.00999545 0.0101706 -0.026821 -0.0287388
internal_weight=59.4402 4.45984 54.9803 8.84943 46.1309 6.37942 6.97629 3.87545 2.21273 39.7515 33.0223 6.72916 31.7788 4.90256 2.92193 1.8266 1.32981 3.13003 3.45749
internal_count=1031 299 732 98 634 68 71 53 34 566 473 93 458 62 32 31 46 253 36
is_linear=0
shrinkage=0.03


Tree=272
num_leaves=17
num_cat=0
split_feature=3 1 6 1 11 15 4 4 2 15 3 2 6 13 16 6
split_gain=1.19339 1.21875 2.26122 1.80408 1.39239 1.17254 0.978574 0.804552 1.32567 0.709195 0.648546 0.685191 0.678934 0.450971 0.365682 0.155496
threshold=83.748836987379818 4.6604919212975977 28.165873437525448 5.4394107051894549 -0.3248769825258041 12.493678804522942 21.092207113533075 22.552669030092066 81.002968286205302 12.492192390814054 80.847043130280142 60.475193332365812 48.973818094220057 2.0652615301619572e-07 0.034226137968377007 36.581787960540517
decision_type=2 2 2 2 2 2 2 2 2 2 2 2 2 2 2 2
left_child=10 2 13 4 14 15 -5 -8 -9 -6 11 -1 -13 -2 -3 -4
right_child=1 3 5 6 9 -7 7 8 -10 -11 -12 12 -14 -15 -16 -17
leaf_value=-0.024671105941121575 0 -0.040132444852899136 0.016730939523177439 0.023715806230554751 -0.01418602765535892 0 -0.016218101145492738 0.00020983512196555299 0.025841368853714148 0.014481202384773297 -0.029434644094401555 -0.020153083691934574 0.017414984841396381 -0.02698340118215365 -0.015005294134237075 0.034616004518827417
leaf_weight=0.90660033794119899 0.92273490433581029 1.5742009719833734 1.9917217968031762 1.622662903741001 1.4874141155742102 2.0970784053206444 2.3019806677475563 33.891286644968204 1.8356761503964651 1.4203204847872255 1.6731644290266556 0.47716126055456687 1.318041499238461 1.1185301847290245 1.8498006807640193 2.6589556038379669
leaf_count=181 24 16 15 16 21 20 27 486 37 11 59 36 23 22 20 17
internal_value=-1.83235e-05 0.00114588 0.0113371 -0.000757286 -0.0155401 0.019843 0.00156099 0.000477263 0.00167899 0 -0.0149639 -0.00420099 0.00531003 -0.0149931 -0.0282199 0.0281014
internal_weight=59.1473 54.7724 8.78902 45.9833 6.33174 6.74776 39.6516 38.0289 35.727 2.90773 4.37497 2.7018 1.7952 2.04127 3.424 4.65068
internal_count=1031 732 98 634 68 52 566 550 523 32 299 240 59 46 36 32
is_linear=0
shrinkage=0.03


Tree=273
num_leaves=17
num_cat=0
split_feature=3 1 6 1 11 15 4 4 2 15 3 2 12 13 16 11
split_gain=1.15096 1.15498 2.14606 1.7187 1.33432 1.11239 0.936484 0.760894 1.27618 0.669223 0.628443 0.660678 0.652694 0.435406 0.360704 0.304931
threshold=83.748836987379818 4.6604919212975977 28.165873437525448 5.4394107051894549 -0.3248769825258041 12.493678804522942 21.092207113533075 22.552669030092066 81.002968286205302 12.506327617318304 80.847043130280142 60.475193332365812 0.00039182186595315005 2.0652615301619572e-07 0.034226137968377007 0.071389396628216861
decision_type=2 2 2 2 2 2 2 2 2 2 2 2 2 2 2 2
left_child=10 2 13 4 14 15 -5 -8 -9 -6 11 -1 -13 -2 -3 -4
right_child=1 3 5 6 9 -7 7 8 -10 -11 -12 12 -14 -15 -16 -17
leaf_value=-0.024527464172694583 0 -0.039650454612539819 0.035464246684960725 0.023334098102430846 -0.013002869823248213 0 -0.015786435400056722 0.00020356584305493658 0.025567758710942565 0.0149809556834859 -0.029278770274897573 -0.020044241943675031 0.017015307100149858 -0.026573310662798763 -0.014624360821213817 0.014861148996755379
leaf_weight=0.88545824674656559 0.92273490433581029 1.5471625123173001 2.5663862405344844 1.6016873251646746 1.5753564257174724 2.0970784053206444 2.2967929588630787 33.890071918838657 1.8012543711811293 1.3215631134808061 1.6327536330791188 0.46758780535310496 1.3127907779999075 1.1034908229485152 1.843742663040757 2.0658101988956332
leaf_count=181 24 16 14 16 23 20 27 486 37 9 59 31 28 22 20 18
internal_value=-1.93724e-05 0.00111629 0.0110578 -0.000735668 -0.0152203 0.0193472 0.00152182 0.000464534 0.00163531 0 -0.0148324 -0.00416098 0.00513843 -0.0146762 -0.0277111 0.0274181
internal_weight=58.9317 54.6331 8.7555 45.8776 6.28782 6.72927 39.5898 37.9881 35.6913 2.89692 4.29859 2.66584 1.78038 2.02623 3.39091 4.6322
internal_count=1031 732 98 634 68 52 566 550 523 32 299 240 59 46 36 32
is_linear=0
shrinkage=0.03


Tree=274
num_leaves=20
num_cat=0
split_feature=3 10 1 10 1 11 1 10 3 2 2 11 11 14 12 2 11 15 16
split_gain=1.1101 1.48677 1.09499 2.38952 1.63712 1.27909 1.18227 1.08554 1.02155 0.899834 1.79406 1.45593 1.2263 0.981562 0.731529 0.517245 0.430253 0.415887 0.355924
threshold=83.748836987379818 -0.49453008093906942 4.6604919212975977 0.56515341202418334 5.4394107051894549 -0.3248769825258041 4.2503119493265595 0.15596513700674752 88.142804291527952 74.933155080213922 74.008868022952541 0.93369144346683719 0.42974916616251663 110.18216763468966 0.00036815950027345006 79.320184042515265 -0.57065530276794962 12.849603557290465 0.034226137968377007
decision_type=2 2 2 2 2 2 2 2 2 2 2 2 2 2 2 2 2 2 2
left_child=1 16 3 6 5 18 7 8 -2 10 12 13 -6 -11 -7 -13 -1 -3 -4
right_child=2 17 4 -5 9 14 -8 -9 -10 11 -12 15 -14 -15 -16 -17 -18 -19 -20
leaf_value=0.027675182795887755 0.016015117826288817 -0.029662978795754098 -0.039181581405029663 -0.017978813459861062 -0.0024107635714274377 -0.016463527750915016 0.03308375226273088 0.02475216937233882 -0.023134958117309774 0 -0.034526165869542991 0.0050768468901761813 0.011127812903645114 0.029258716037330629 0.012922064858293836 -0.023793863387015366 -0.0024436347940857556 0.0029477722881888148 -0.014251678622584599
leaf_weight=0.58320157648995519 0.87906177155673404 2.7452583293197672 1.5203105732798579 1.8504745028913019 23.858562163659375 1.2733757663518184 3.0362386340275407 1.6487653953954575 1.3048708811402319 1.4477074639871705 1.2394239935092617 0.80036800517700601 7.889324950403533 3.2860775492154062 1.613536389544606 1.0084175500087438 0.6995048744138328 0.19643564510624845 1.8379030460491774
leaf_count=8 7 243 16 27 323 17 18 19 27 18 15 17 135 44 15 14 38 10 20
internal_value=-2.02544e-05 -0.0147005 0.00108765 0.0107893 -0.000714454 -0.0149048 0.0191166 0.0067292 -0.00605177 0.00148366 -0.000456365 0.0115764 0.000883741 0.0204187 0 -0.00985051 0.0100918 -0.0264737 -0.0272119
internal_weight=58.7188 4.2244 54.4944 8.71941 45.775 6.24513 6.86894 3.8327 2.18393 39.5299 32.9873 6.54257 31.7479 4.73379 2.88691 1.80879 1.28271 2.94169 3.35821
internal_count=1031 299 732 98 634 68 71 53 34 566 473 93 458 62 32 31 46 253 36
is_linear=0
shrinkage=0.03


Tree=275
num_leaves=17
num_cat=0
split_feature=9 14 9 6 16 7 13 4 12 4 13 4 14 4 13 14
split_gain=1.03211 1.44968 1.36271 1.31676 1.28038 1.22162 1.19758 1.54086 1.24817 1.14701 0.990877 1.23019 0.898219 0.782034 0.724646 0.139974
threshold=708.92857142857144 110.18216763468966 689.28571428571445 27.680162053377156 0.013241861680725752 13.921188630490958 7.8151665552929883e-07 25.613661569138358 0.00027963379758860009 42.109216182044591 6.3477595849929328e-07 18.169885573708758 168.09143875133501 27.703960697591281 9.0358532911734588e-07 240.56267248159568
decision_type=2 2 2 2 2 2 2 2 2 2 2 2 2 2 2 2
left_child=2 -2 4 -3 -1 10 7 -5 -8 -7 11 -6 -12 -4 -10 -11
right_child=1 3 13 6 5 9 8 -9 14 15 12 -13 -14 -15 -16 -17
leaf_value=0.026889950153073942 0.029024040515450988 0.039366572519491695 -0.0034813008175049692 -0.030755378357278922 -0.017104797190898326 0.029567646411067971 0.035157173794842934 0.0096876424700150111 -0.023649868265906124 -0.029637212095961585 -0.033821790128739815 0.0086938260603425053 -0.0068867797296206026 -0.028833310925851417 0.0024097510795199235 0
leaf_weight=1.2825012227986068 1.7786531547899347 0.72595075750723381 2.2827633060514918 2.156830527237616 2.3435362528543902 1.6357617597095662 0.9411903377622356 1.1503210160881279 0.8757335813716044 0.21737906767521042 1.7579690143465994 5.0899113486520946 3.9927396480925381 2.8192596198059618 31.690924961760174 0.34321881679352373
leaf_count=21 31 8 29 73 40 33 7 12 17 7 16 57 46 29 584 26
internal_value=0.000247837 0.00319337 -0.00492648 0.00181598 -0.000551849 -0.00319279 0.000889626 -0.0159362 0.00268204 0.0166679 -0.00682781 4.30075e-05 -0.0160708 -0.0183519 0.00154691 -0.0152086
internal_weight=61.0846 39.3196 21.765 37.541 16.663 15.3805 36.815 3.30715 33.5078 2.19636 13.1842 7.43345 5.75071 5.10202 32.5667 0.560598
internal_count=1036 732 304 701 246 225 693 85 608 66 159 97 62 58 601 33
is_linear=0
shrinkage=0.03


Tree=276
num_leaves=15
num_cat=0
split_feature=3 2 3 3 3 3 13 1 11 5 15 6 8 17
split_gain=1.60776 1.66349 1.35988 0.789489 0.713439 0.762685 0.88456 0.693675 0.676858 0.693682 0.672416 0.554124 0.658178 0.265806
threshold=80.847043130280142 59.616779497098655 83.748836987379818 85.10647034187123 118.14369362240863 111.85106382978726 3.2550515910775245e-06 8.4464606929173787 -0.15766921016635674 39.256735438696559 12.372227306226094 43.960308533357789 819.41553287981867 2.6631817037057037
decision_type=2 2 2 2 2 2 2 2 2 2 2 2 2 2
left_child=1 -1 -2 8 5 6 -5 -7 9 -4 -3 12 -12 -6
right_child=2 10 3 4 13 7 -8 -9 -10 -11 11 -13 -14 -15
leaf_value=-0.022485541666663365 -0.028763556460421145 0.050205771788848372 0.021673450105730161 -0.0021031114869509379 0 -0.0036248052938288363 0.010426029532667696 -0.027057697004330344 0.029504252481935885 -0.01653675034659632 0.026043622295296161 0.023785849193684389 -0.02196231844185274 0.025925389838688757
leaf_weight=0.65439582709222932 1.4592653595609579 0.79056587396189604 0.67778126150369666 39.403072437504306 0.19809169135987659 3.7723528817296019 5.6950227092020205 1.8372475416399536 1.3368112763855595 0.8469606174621731 0.30303764343261752 2.2928260767366737 0.56385327223688364 1.0715765273198483
leaf_count=169 61 8 7 431 6 34 110 19 13 26 1 36 40 75
internal_value=0.000239469 0.0171278 -0.00111657 -0.00027526 -0.00118501 -0.001813 -0.00043498 -0.0121644 0.0147185 0 0.0248239 0.0162076 -0.00112029 0.0200065
internal_weight=60.9029 4.60468 56.2982 54.8389 51.9774 50.7077 45.0981 5.6096 2.86155 1.52474 3.95028 3.15972 0.866891 1.26967
internal_count=1036 254 782 721 675 594 541 53 46 33 85 77 41 81
is_linear=0
shrinkage=0.03


Tree=277
num_leaves=15
num_cat=0
split_feature=3 2 3 9 2 3 2 7 9 17 17 15 6 9
split_gain=1.52872 1.58935 1.31646 0.792168 1.84578 1.41232 1.39982 1.20289 0.984764 2.28581 1.22005 0.618868 0.520429 0.569896
threshold=80.847043130280142 59.616779497098655 83.748836987379818 708.92857142857144 72.980072463768124 117.48274728885967 71.367935968954654 5.798319327731094 694.64285714285722 6.8697821159044574 4.3935778084496038 12.372227306226094 43.960308533357789 817.50000000000011
decision_type=2 2 2 2 2 2 2 2 2 2 2 2 2 2
left_child=1 -1 -2 5 6 8 7 -5 9 -4 -10 -3 13 -13
right_child=2 11 3 4 -6 -7 -8 -9 10 -11 -12 12 -14 -15
leaf_value=-0.022323606549503647 -0.028605439007384808 0.048659518614807336 -0.007219991872372291 0.024226029219662965 0.025299479195261786 0.026122159812438778 -0.022394171542882455 0.0003352921998868285 0 0.029547356332818388 -0.036406062422520508 0.022960709146899256 0.023173870890285123 -0.02149772411360508
leaf_weight=0.64030752348480646 1.4243920516455535 0.79433492315001819 15.563378416234636 1.9714004676789105 2.8398017222061744 1.1221318126190443 2.1458082366734734 26.172839257633314 1.4442559750750654 1.5671295039355744 1.9375499635934827 0.32017667591571841 2.2855274477042258 0.53256426646839827
leaf_count=169 61 8 170 15 29 74 25 348 25 19 16 2 36 39
internal_value=0.000233104 0.0167609 -0.0010861 -0.000264824 0.00259024 -0.00476675 0.000286208 0.00219482 -0.00672062 -0.00353038 -0.0214536 0.0242644 0.0158513 -0.000998317
internal_weight=60.7616 4.57291 56.1887 54.7643 33.1298 21.6344 30.29 28.1442 20.5123 17.1305 3.38181 3.9326 3.13827 0.852741
internal_count=1036 254 782 721 417 304 388 363 230 189 41 85 77 41
is_linear=0
shrinkage=0.03


Tree=278
num_leaves=15
num_cat=0
split_feature=3 2 3 9 2 3 2 7 9 17 17 15 1 0
split_gain=1.45213 1.51834 1.27485 0.747032 1.7567 1.3559 1.32592 1.14029 0.93275 2.19297 1.15759 0.571056 0.48336 0.612641
threshold=80.847043130280142 59.616779497098655 83.748836987379818 708.92857142857144 72.980072463768124 117.48274728885967 71.367935968954654 5.798319327731094 694.64285714285722 6.8697821159044574 4.3935778084496038 12.372227306226094 3.5192028853389545 73.237110179619251
decision_type=2 2 2 2 2 2 2 2 2 2 2 2 2 2
left_child=1 -1 -2 5 6 8 7 -5 9 -4 -10 -3 13 -13
right_child=2 11 3 4 -6 -7 -8 -9 10 -11 -12 12 -14 -15
leaf_value=-0.02216055656354713 -0.028447553361538386 0.047197334190454014 -0.00700145979220474 0.0236348358976835 0.024777241250196785 0.025984565218054079 -0.021838381756592449 0.00032528051161667541 0 0.029375880195339585 -0.035497750659482054 -0.021578042324872034 0.022513141483015722 0.02527822511769786
leaf_weight=0.62661157513502885 1.3903980498434965 0.79742407542653415 15.570681537035862 1.9627256076783002 2.815153691917657 1.0951692153466854 2.1370864054188123 26.172153020859696 1.4442559750750654 1.5301326252520073 1.9301850311458109 0.5395896376576278 2.2813065629452467 0.29776927828788757
leaf_count=169 61 8 170 15 29 74 25 348 25 19 16 40 36 1
internal_value=0.000231225 0.0163953 -0.00105231 -0.000249957 0.00252125 -0.0046312 0.000278008 0.00213559 -0.0065329 -0.00342025 -0.0208911 0.0237098 0.0154923 -0.000796057
internal_weight=60.5906 4.5427 56.0479 54.6575 33.0871 21.5704 30.272 28.1349 20.4753 17.1008 3.37444 3.91609 3.11867 0.837359
internal_count=1036 254 782 721 417 304 388 363 230 189 41 85 77 41
is_linear=0
shrinkage=0.03


Tree=279
num_leaves=14
num_cat=0
split_feature=3 3 10 3 3 16 16 4 16 3 14 10 10
split_gain=1.37986 1.32137 1.46831 1.23455 0.738846 0.66078 1.37523 2.08106 1.31362 1.12907 0.648707 0.632906 0.565436
threshold=80.847043130280142 78.285249729008612 -1.0357964076926489 83.748836987379818 85.10647034187123 0.064247576968539111 0.067304954841184469 42.109216182044591 0.060760486173923801 87.591336116910256 187.48673769606592 -0.19242966344261267 0.26382285223889601
decision_type=2 2 2 2 2 2 2 2 2 2 2 2 2
left_child=1 2 -1 -2 10 8 -7 -8 9 -6 -5 -3 -12
right_child=3 11 -4 4 5 6 7 -9 -10 -11 12 -13 -14
leaf_value=0.027755455918028169 -0.028289831153654528 0 -0.025523416663527265 0.029515249658290735 -0.031649773393571966 0.025653446317396553 0.002838363191640038 -0.032707967073935217 -0.030763437989602793 -0.0010942067730507989 -0.016499034396526717 0.036747047705889956 0.017480940477989607
leaf_weight=0.65633713314309705 1.3572643048828457 0.72583226347342167 1.0610061481711444 1.2628532554954284 1.0547626838088096 2.004583788453604 20.158559218281884 1.4983903034590174 1.5090263641905028 25.506990222493187 0.7528248004382474 2.0684825219213963 0.80560718942433596
leaf_count=6 61 16 196 10 26 29 219 38 23 340 26 36 10
internal_value=0.000229433 0.0160424 -0.00310363 -0.00101938 -0.000235494 -0.00111621 0.00249188 0.000102085 -0.00426209 -0.00253424 0.0143721 0.0285465 0
internal_weight=60.4225 4.51166 1.71734 55.9109 54.5536 51.7323 23.6615 21.6569 28.0708 26.5618 2.82129 2.79431 1.55843
internal_count=1036 254 202 782 721 675 286 257 389 366 46 52 36
is_linear=0
shrinkage=0.03


Tree=280
num_leaves=20
num_cat=0
split_feature=15 7 7 7 7 17 10 1 13 8 16 4 15 10 3 15 15 4 8
split_gain=1.15329 1.12141 1.68394 1.65549 2.61799 1.16084 1.04969 0.936646 1.36852 1.849 1.42444 0.993484 0.928517 0.881592 0.611508 0.331151 0.166412 0.0544613 0.633958
threshold=12.342413834162123 7.7935222672064786 9.9019607843137276 4.2109929078014199 2.4695121951219519 5.3208945630462283 0.48639956295074371 9.1073412351453431 1.0052888293651137e-06 803.78378378378386 0.019481018821835002 46.696544892970252 12.399988201295935 0.11160993258327241 107.83072968162945 12.497396386820272 12.39193934929394 24.36351092253997 695.24402784369579
decision_type=2 2 2 2 2 2 2 2 2 2 2 2 2 2 2 2 2 2 2
left_child=-1 3 12 4 5 6 -2 8 10 -10 -4 13 -3 -9 17 -14 -13 18 -5
right_child=1 2 7 14 -6 -7 -8 11 9 -11 -12 16 15 -15 -16 -17 -18 -19 -20
leaf_value=0.024855159553910884 -0.02390541390323192 0.039179641315452103 0.019067063678790973 0 0.02889740342649378 0.011554424112090188 0.00047383606400067829 0.0014256239094567341 0.013579410276189578 -0.0041756107238962994 -0.015932334856115393 0 -0.0077587499652408973 -0.020381303671977168 -0.0037581312987971021 0.018082427842313564 0.024239967439310828 -0.035716632166779644 -0.029551707507658828
leaf_weight=1.6513691410655145 3.6666581172030401 1.6064082812517875 1.1580347463022942 0.79746274277567852 2.2009672439307906 1.9439489459618924 2.338143874425441 2.2493742313235989 14.160391674842687 7.9848241779254741 5.0122789877932519 0.16788250661920745 0.71994557511061408 4.3848254901822656 1.9636604534462092 0.71980035258457065 0.7425154916709289 1.405983770266175 1.5023992611095307
leaf_count=22 60 12 15 9 28 23 29 46 138 320 87 7 18 63 22 12 47 13 43
internal_value=0.000884829 6.27776e-05 0.00285504 -0.00659093 0.000411757 -0.00736407 -0.014069 0.000918953 0.00349897 0.00705269 -0.00868593 -0.00829075 0.0239399 -0.0126306 -0.0194372 0.00354749 0.0184856 -0.0266399 -0.0185839
internal_weight=56.3769 54.7255 38.9063 15.8192 10.1497 7.94875 6.0048 35.8601 28.3155 22.1452 6.17031 7.5446 3.04615 6.6342 5.66951 1.43975 0.910398 3.70585 2.29986
internal_count=1014 992 765 227 140 112 89 723 560 458 102 163 42 109 87 30 54 65 52
is_linear=0
shrinkage=0.03


Tree=281
num_leaves=20
num_cat=0
split_feature=15 7 6 3 17 12 12 7 7 14 12 14 2 17 10 3 4 17 6
split_gain=1.09962 1.06462 1.61477 1.5971 1.64572 2.76484 2.15128 1.58912 2.48392 1.34878 1.54269 1.32689 1.13963 1.09979 1.00198 0.892699 0.85259 0.847059 0.588324
threshold=12.342413834162123 7.7935222672064786 71.5833720316203 93.854865771812101 2.4958035565131547 0.00055444982254205003 0.00060985321386615009 4.2109929078014199 2.4695121951219519 240.56267248159568 0.00072119444540445006 299.74340324972167 75.607622010499725 5.3208945630462283 0.48639956295074371 102.81533151157775 32.163331124940804 3.4392550268835396 43.251611138055928
decision_type=2 2 2 2 2 2 2 2 2 2 2 2 2 2 2 2 2 2 2
left_child=-1 7 3 4 5 -3 -6 8 13 15 -11 -12 18 14 -2 -4 -5 -18 -9
right_child=1 2 9 16 6 -7 -8 12 -10 10 11 -13 -14 -15 -16 -17 17 -19 -20
leaf_value=0.024386364850784825 -0.023364403201025234 0.018644740451791788 -0.035249497335716987 0.024743037671352233 -0.020103092460681257 -0.021817664395606146 0.01595258713812971 -0.0060873530910366099 0.028280597769392384 0.028252108300674275 -0.014036696022440082 0.0073224748948426911 0 0.011292115189231976 0.00046020938790991621 0 -0.0068856137915952603 0.025564977847261201 -0.036759915102665727
leaf_weight=1.6347971521317948 3.641713221324606 7.2008567632874492 1.8178975523915135 5.6446977509185654 4.8387862829258657 1.7699225930846294 1.9584846878424285 1.0953276670770713 2.1839436911977828 1.3766996744088817 5.7942989874863979 4.4298828533501364 1.9533035559579728 1.93193993717432 2.3381160693243146 1.0174118005670605 1.9540912148077043 0.97025251109153021 2.5611441606306471
leaf_count=22 60 93 44 59 72 102 26 27 28 12 192 93 26 23 29 14 28 30 34
internal_value=0.000866796 6.26672e-05 0.00278591 0.00753924 0.00163086 0.0101783 -0.00919882 -0.00644569 0.000415404 -0.00501779 -0.000157821 -0.00451043 -0.0191098 -0.00715896 -0.0137012 -0.0231979 0.0179211 0.00337835 -0.028777
internal_weight=56.1136 54.4788 38.7733 24.3371 15.7681 8.97078 6.79727 15.7055 10.0957 14.4362 11.6009 10.2242 5.60978 7.91177 5.97983 2.83531 8.56904 2.92434 3.65647
internal_count=1014 992 765 410 293 195 98 227 140 355 297 285 87 112 89 58 117 58 61
is_linear=0
shrinkage=0.03


Tree=282
num_leaves=20
num_cat=0
split_feature=15 7 7 7 7 6 7 3 9 10 17 10 15 15 3 17 8 15 11
split_gain=1.04843 1.00951 1.61015 1.52185 2.35643 1.14328 1.66648 1.57692 1.3565 1.06346 1.04182 0.956202 0.88393 0.880925 0.747184 0.613519 0.576353 0.313072 0.0772048
threshold=12.342413834162123 7.7935222672064786 9.9019607843137276 4.2109929078014199 2.4695121951219519 71.5833720316203 21.244358478401036 93.854865771812101 740.357142857143 0.45610949626531277 5.3208945630462283 0.48639956295074371 12.399988201295935 12.461059201000136 101.57209530827807 4.9480617416527499 655.7895902547067 12.497396386820272 -0.78244160273951435
decision_type=2 2 2 2 2 2 2 2 2 2 2 2 2 2 2 2 2 2 2
left_child=-1 3 12 4 10 7 14 8 -4 -8 11 -2 -3 -9 -7 16 -5 -14 -18
right_child=1 2 5 15 -6 6 9 13 -10 -11 -12 -13 17 -15 -16 -17 18 -19 -20
leaf_value=0.023922430138106833 -0.022831303453052409 0.038603449123694782 -0.030783011947375143 -0.0038804051362621122 0.027674111193362463 -0.037098045017773411 -0.0064950550070402126 0.0083146165035652871 0.0021295024729999232 0.013687409030288087 0.011034305899944136 0.00044697449146903983 -0.0075729877367727814 0.031970844947812459 -0.0064266659278149861 0 -0.01152846408680982 0.017711754130018888 -0.034809606394550718
leaf_weight=1.6186921960907046 3.6176481898874027 1.5700722394976758 1.1275835745036626 1.3156324038282026 2.1672980608418584 1.7646698768949129 6.8751615485525672 5.1135281713213763 13.228161019331308 3.4381953226402402 1.9202816928736863 2.3380891815759242 0.70759465987794079 2.281211192603223 1.6972638245206324 1.1338597685098646 0.73297701502451662 0.70693368604406714 2.3748505013063554
leaf_count=22 60 12 12 17 28 27 226 68 264 72 23 29 18 34 20 12 15 12 43
internal_value=0.000848384 5.99464e-05 0.00272251 -0.00629702 0.000418884 0.000827213 -0.00580898 0.00517478 -0.000443171 1.1972e-05 -0.00695793 -0.0133409 0.0235515 0.0163418 -0.0235058 -0.0187573 -0.0237086 0.00341777 -0.0307845
internal_weight=55.7297 54.111 38.5104 15.6006 10.0433 35.5258 13.7753 21.7505 14.3557 10.3134 7.87602 5.95574 2.9846 7.39474 3.46193 5.55732 4.42346 1.41453 3.10783
internal_count=1014 992 765 227 140 723 345 378 276 298 112 89 42 102 47 87 75 30 58
is_linear=0
shrinkage=0.03


Tree=283
num_leaves=20
num_cat=0
split_feature=2 10 5 7 11 11 9 3 5 7 7 6 9 0 9 3 5 10 7
split_gain=0.931638 1.89435 1.32999 1.31339 0.910975 1.83434 1.28213 1.1375 1.07095 0.852392 0.784455 0.770626 0.758452 1.35365 0.698669 0.671155 0.491674 0.475177 0.466236
threshold=60.475193332365812 0.57381994223549659 64.070798151777694 25.760368663594473 -0.83825491465011581 -0.68843238904368531 737.50000000000011 79.620924616180801 43.517204838553319 53.452380952380956 28.38827838827839 62.126772930214543 870.357142857143 74.141274112809228 701.07142857142878 103.32118952808609 69.999174300087802 -0.14604883212705333 55.363984674329508
decision_type=2 2 2 2 2 2 2 2 2 2 2 2 2 2 2 2 2 2 2
left_child=1 9 -3 4 6 11 14 -7 -9 15 -5 -6 13 -12 -2 -1 -15 -8 -11
right_child=3 2 -4 10 5 7 17 8 -10 18 12 -13 -14 16 -16 -17 -18 -19 -20
leaf_value=-0.037236235407978067 -0.0076972268596095577 -0.015035837989039442 0.028736608007392098 0.029006806322068448 0.0052415776268600334 0.026163256697241601 -0.0077286198820115904 0.0012417924601282532 -0.012169532188759635 0.020258830143256298 -0.020696845619573325 0.030759457008385303 0.032031764929088435 0.018301024808552162 0.016586704459043745 0.00061264660763661941 -0.0018391019935586239 -0.034970754177083459 -0.017119276888416524
leaf_weight=2.3923085002461448 2.7830227781087151 0.90351855085464228 1.375846075476147 2.0643396541709063 2.4993073430377946 1.232333357911563 1.4761593281291427 20.142889858223501 7.057445289567112 0.4614613546291364 1.5095177781768141 2.4440760910511017 0.84669756342191238 2.8650772105902433 1.5698260515928266 0.31949705095030356 1.3029132991796357 1.6631698370911179 0.54550268960883841
leaf_count=155 32 21 23 24 29 21 21 240 102 9 65 21 22 28 18 11 45 36 91
internal_value=0.00082823 -0.0101508 0.0102221 0.00223811 0 0.0021141 -0.00939589 -0.000739753 -0.00215987 -0.0233644 0.0128303 0.0188125 0.00689838 0.00214139 0.000562703 -0.0318469 0.0114067 -0.0237212 0
internal_weight=55.4549 5.99813 2.27936 49.4568 40.8682 33.3761 7.49218 28.4327 27.2003 3.71877 8.58855 4.94338 6.52421 5.67751 4.35285 2.71181 4.16799 3.13933 1.00696
internal_count=1014 310 44 704 520 413 107 363 342 266 184 50 160 138 50 166 73 57 100
is_linear=0
shrinkage=0.03


Tree=284
num_leaves=19
num_cat=0
split_feature=15 7 7 7 7 6 14 4 5 4 3 11 15 15 3 6 4 3
split_gain=0.997981 0.960645 1.51066 1.44692 2.20517 1.06032 2.05298 1.70963 1.47872 1.29475 1.05449 0.99982 0.987903 0.846174 0.615247 0.394817 0.0482346 0.860132
threshold=12.342413834162123 7.7935222672064786 9.9019607843137276 4.2109929078014199 2.4695121951219519 73.048767662675274 235.69412153239611 23.957212304308161 50.381737871942882 21.587020928170876 99.64426832974975 -0.42110665701189193 12.380980466496863 12.399988201295935 107.83072968162945 48.973818094220057 24.36351092253997 96.885942039782478
decision_type=2 2 2 2 2 2 2 2 2 2 2 2 2 2 2 2 2 2
left_child=-1 3 13 4 10 7 -7 9 -8 -4 -2 -9 -12 -3 16 -15 17 -5
right_child=1 2 5 14 -6 6 8 11 -10 -11 12 -13 -14 15 -16 -17 -18 -19
leaf_value=0.023479837328958413 -0.026543583753559315 0.037919641488039717 0.0024431404346929152 -0.029461392868344309 0.026924719178345716 -0.037985367852081516 0.024440747478866667 0.025765867370907997 -0.0057770204495375043 -0.020761142458387127 0.03026336747460686 0.0056332608534259395 -0.0052337574511858494 0.021273972773747006 -0.0028679871145379436 -0.0078016734406442818 -0.034800271596398438 0.0077757321462093316
leaf_weight=1.5951702612219367 1.7600542586296777 1.5356274726800614 9.2772380543756316 1.5792432182934133 2.140594654425513 1.4804071135586117 1.5928730778396119 3.942087191157043 9.963346570148131 2.6646706270985296 0.70725618861615647 6.2424798334250209 5.3765852148644626 0.5976078864187 1.956854256801307 0.80280491430312395 1.3446543645113704 0.619513589888811
leaf_count=22 33 12 216 46 28 33 15 36 282 40 5 101 74 7 22 23 13 6
internal_value=0.00081203 3.88563e-05 0.00265491 -0.006181 0.000369086 0.000810918 -0.00584575 0.00487657 -0.00118058 -0.00261485 -0.00674799 0.0138923 -0.000199363 0.022997 -0.0184012 0.00319745 -0.0258418 -0.0177827
internal_weight=55.1791 53.5839 38.0991 15.4848 9.98449 35.1631 13.0366 22.1265 11.5562 11.9419 7.8439 10.1846 6.08384 2.93604 5.50027 1.40041 3.54341 2.19876
internal_count=1014 992 765 227 140 723 330 393 297 256 112 137 79 42 87 30 65 52
is_linear=0
shrinkage=0.03


Tree=285
num_leaves=20
num_cat=0
split_feature=2 1 3 11 11 13 11 7 15 3 2 3 11 16 2 1 7 9 8
split_gain=0.902839 1.59896 1.57933 1.27981 1.57491 1.27069 1.1517 0.957 1.16575 0.953518 0.922257 0.676736 0.568104 0.441332 0.397899 0.368131 0.360208 0.820657 0.286791
threshold=59.701522694943755 9.9572382115969642 80.847043130280142 0.65783922255942751 0.19320072441022942 2.8156046393540884e-07 8.9394620210005833 49.358974358974372 12.408047515925748 108.38727723167908 63.015789402596006 78.285249729008612 0.84991239017356734 0.012558433161081302 75.201492680862529 9.5044670621973015 8.9898989898989914 870.357142857143 916.02678571428589
decision_type=2 2 2 2 2 2 2 2 2 2 2 2 2 2 2 2 2 2 2
left_child=7 2 11 4 5 -4 10 9 -9 12 -5 18 13 -1 -6 -10 -13 -18 -2
right_child=1 -3 3 6 14 -7 -8 8 15 -11 -12 16 -14 -15 -16 -17 17 -19 -20
leaf_value=0 -0.019822582025447597 0.025115121584094034 0.015343848286219047 0.0083129140591620115 0.008798647746610655 -0.0039070139378611845 0.017237105146059743 -0.027741687485704564 0 0.017431926562563132 -0.019487052897995016 0.04091735747541294 0 -0.039171697932200968 0.030400669837155111 0.029609473185792465 -0.0046234664213252313 0.031838044596155239 0.011968579211692023
leaf_weight=0.17838171659968827 0.43682802992407177 2.2134582438739008 3.3249785481020835 1.0355212581343911 2.9859907366335383 28.410056967288256 0.91719792271033007 0.56323377363150928 0.33889375691069268 0.31435070373117913 7.2760313467588276 0.99349448457360301 0.54295648983679701 2.0361919112037867 1.467411871999502 0.9144280762411654 0.88192495610564925 0.95062921568751335 0.29834227496758103
leaf_count=12 31 101 41 23 34 322 14 39 68 4 104 5 24 112 20 11 27 9 7
internal_value=-0.0004075 0.000723001 -0.000367142 -0.00195087 0.000522648 -0.00175394 -0.0118734 -0.0126247 0.00317347 -0.0227183 -0.0156092 0.0185128 -0.028795 -0.0352783 0.0170868 0.0203066 0.0251715 0.0134072 -0.00344089
internal_weight=56.0803 51.1919 48.9784 45.4172 36.1884 31.735 9.22875 4.88844 1.81656 3.07188 8.31155 3.56122 2.75753 2.21457 4.4534 1.25332 2.82605 1.83255 0.73517
internal_count=1008 738 637 558 417 363 141 270 118 152 127 79 148 124 54 79 41 36 38
is_linear=0
shrinkage=0.03


Tree=286
num_leaves=20
num_cat=0
split_feature=4 4 5 7 2 9 2 11 7 13 12 13 16 10 7 13 0 2 1
split_gain=1.22777 2.32692 1.05663 1.57699 1.38092 1.07321 1.04783 1.03761 1.16548 1.23553 1.60287 1.41061 0.831536 0.665834 0.844152 1.49817 0.526561 0.454322 0.450022
threshold=21.364583199578842 22.649306112288325 21.951092851415229 8.6335403726708098 69.249840964327092 780.357142857143 74.008868022952541 0.65783922255942751 14.670014347202297 1.4769372258710349e-06 0.00054393916552815012 1.0629852228301744e-06 0.071878579523690325 0.15596513700674752 5.4804804804804812 2.4513113135983495e-07 75.692262775953111 66.508355232803083 6.3377395559270413
decision_type=2 2 2 2 2 2 2 2 2 2 2 2 2 2 2 2 2 2 2
left_child=7 -2 18 6 5 -5 -4 8 13 11 -11 17 -6 14 15 -1 -12 -10 -3
right_child=1 2 3 4 12 -7 -8 -9 9 10 16 -13 -14 -15 -16 -17 -18 -19 -20
leaf_value=0.014917628969197527 -0.029705484852934023 0.030162650768175422 -0.0020313549278325664 -0.009508115761855819 0.022904649378930234 0.0033836388782759715 -0.029611520277050048 -0.017108163763059289 -0.0055182027914022023 0.030973329339939699 -0.017567430801202419 -0.02672341918446695 -0.0022022874428738824 0.022846380678610584 0.020208269122161889 -0.029638786147705404 0.018097982555075585 0.024990012804403459 0.00081702317015905021
leaf_weight=1.3111630401108469 2.7314948905259362 1.1777646783739322 2.5889992956072083 11.277527958038268 3.3116283405106506 11.360713621077592 2.8681645044125617 1.4283068480435748 0.60754320595879041 1.8064529020339253 1.3214147738181052 2.3500690800137818 1.4826759948628021 4.964241559850052 1.9388245986774562 1.1536647168686611 0.34370990097522724 0.73939195461571217 1.1073259087279437
leaf_count=18 62 14 25 129 70 256 32 31 26 12 104 34 32 62 40 29 6 6 20
internal_value=-0.000381023 -0.00349103 -0.00129187 -0.00276139 8.19651e-05 -0.00292019 -0.0173387 0.00599813 0.00826506 -0.000453091 0.01179 -0.0127475 0.0146408 0.0151876 0.00557219 -0.00510985 -0.00789766 0.00972542 0.0178304
internal_weight=55.8711 37.9063 35.1748 32.8897 27.4325 22.6382 5.45716 17.9648 16.5365 7.16858 3.47158 3.697 4.7943 9.36789 4.40365 2.46483 1.66512 1.34694 2.28509
internal_count=1008 640 578 544 487 385 57 368 337 188 122 66 102 149 87 47 110 32 34
is_linear=0
shrinkage=0.03


Tree=287
num_leaves=20
num_cat=0
split_feature=4 4 17 17 13 4 4 1 5 14 7 10 3 3 6 5 17 13 13
split_gain=1.16304 2.22346 1.13959 1.12205 2.05676 1.12558 1.98614 1.11796 1.01196 2.1469 0.854348 0.650744 1.41013 0.956332 0.595365 0.44899 0.394461 0.373151 0.000961413
threshold=21.364583199578842 22.649306112288325 4.2204367101364282 2.4958035565131547 1.6346707602210216e-06 20.318826330164132 19.307000812906612 4.1595007861410016 21.951092851415229 150.50208088574104 5.798319327731094 -0.72930409489146053 112.75188099974058 113.97578649699543 46.196365539345159 37.192588634749448 1.8989994014163509 2.7389035895454043e-07 8.5916751651196024e-07
decision_type=2 2 2 2 2 2 2 2 2 2 2 2 2 2 2 2 2 2 2
left_child=2 18 3 4 10 6 7 -5 14 -10 16 13 -13 -11 -3 -12 -1 -4 -2
right_child=1 8 17 5 -6 -7 -8 -9 9 11 15 12 -14 -15 -16 -17 -18 -19 -20
leaf_value=0.0093640721751510874 -0.035366931065613762 0.030021723364477768 0.031817359107258934 0.002405027931407473 -0.027261038798993737 -0.030648422500544777 0.028413867701399632 -0.026633431973527071 -0.034298614929646185 -0.0003054381017455156 0.032242708317894102 -0.0010333864946777359 0.024843537057945519 -0.033556339307188897 0 0.011671506368403113 -0.022911249074618441 0.0082461943412359788 -0.016705025390663861
leaf_weight=0.48588068701792664 1.5208521487656974 1.3022892326116555 1.6798259466886514 2.3102006845292635 0.98266114213038225 1.2839700611075384 1.4759372237604109 2.0251118596643209 1.7306208536028851 2.4676092793233688 2.3428209818666801 25.50339502416319 1.9383356566540886 1.1844854983501134 0.9570709466934203 2.9810524098575115 0.54522077389992774 1.7317363177426157 1.17903222766472
leaf_count=6 23 24 13 63 90 18 16 27 18 77 40 355 83 11 10 47 29 19 39
internal_value=-0.000368432 -0.00339825 0.0058629 0.00189035 0.0102066 -0.00631537 -4.05166e-06 -0.0107777 -0.00125193 -0.00268777 0.0167974 -0.000727888 0.000769061 -0.0124962 0.0175665 0.0217047 -0.00556677 0.0212823 -0.0291765
internal_weight=55.6281 37.7837 17.8444 14.4329 7.33764 7.09522 5.81125 4.33531 35.0838 32.8244 6.35497 31.0938 27.4417 3.65209 2.25936 5.32387 1.0311 3.41156 2.69988
internal_count=1008 640 368 336 212 124 106 90 578 544 122 526 438 88 34 87 35 32 62
is_linear=0
shrinkage=0.03


Tree=288
num_leaves=20
num_cat=0
split_feature=4 4 17 17 13 11 15 5 5 14 11 17 11 11 3 6 4 13 15
split_gain=1.10724 2.13233 1.09503 1.06278 1.96708 1.62609 0.973994 1.09645 0.966761 2.06281 0.992212 1.71312 0.852235 0.753656 0.697119 0.582308 0.529669 0.369471 0.120258
threshold=21.364583199578842 22.649306112288325 4.2204367101364282 2.4958035565131547 1.6346707602210216e-06 -0.30360062695456158 12.372227306226094 23.190027082095646 21.951092851415229 150.50208088574104 -0.44519362530016909 2.8969164248525527 -1.0000000180025095e-35 -0.042581578174573038 97.335009022944078 46.196365539345159 19.141118007338768 2.7389035895454043e-07 12.464757393379703
decision_type=2 2 2 2 2 2 2 2 2 2 2 2 2 2 2 2 2 2 2
left_child=2 18 3 4 6 14 -1 -8 15 -10 11 -11 -12 -7 -5 -3 -15 -4 -2
right_child=1 8 17 5 -6 13 7 -9 9 10 12 -13 -14 16 -16 -17 -18 -19 -20
leaf_value=0.038017781433551071 -0.035186372581508855 0.029813759685518373 0.03158663155368794 -0.028505942468493969 -0.027079458281721921 0.023205519157750765 -0.024123483546635297 0.014775883849912255 -0.033869878627781902 -0.014145545670675264 -0.014149763674601438 0.010904824219800028 -0.00013728634859237559 -0.015832890944408744 0.00026365362813893706 0 0.011860128680630111 0.008031713181980529 -0.012300520029332815
leaf_weight=1.4311906476505116 1.701099781726952 1.2731706043705338 1.6426272038370364 2.5844437493360606 0.96057792351348315 1.4577247918350624 0.62471207487396885 4.2739695761119947 1.701657885685562 2.9989644329762077 6.4202314294525431 10.763207842595873 10.86293770297198 1.3026985232718291 0.77231289446353901 0.9570709466934203 0.93523658858612169 1.7273792242631314 0.96723135840147723
leaf_count=13 42 24 13 63 90 18 25 84 18 55 91 157 223 24 8 10 11 19 20
internal_value=-0.000362308 -0.00332165 0.00574217 0.00183923 0.00996411 -0.00616233 0.0163859 0.00883167 -0.00122233 -0.00262313 -0.00071086 0.00516693 -0.00556658 0.00690712 -0.0212027 0.0172884 -0.00296447 0.0209569 -0.0287183
internal_weight=55.3584 37.6456 17.7129 14.3429 7.29045 7.05242 6.32987 4.89868 34.9772 32.747 31.0453 13.7622 17.2832 3.69566 3.35676 2.23024 2.23794 3.37001 2.66833
internal_count=1008 640 368 336 212 124 122 109 578 544 526 212 314 53 71 34 35 32 62
is_linear=0
shrinkage=0.03


Tree=289
num_leaves=20
num_cat=0
split_feature=4 4 11 7 13 12 13 14 7 9 4 4 6 11 13 6 7 12 9
split_gain=1.05448 2.04484 0.927627 1.03004 1.16162 1.40489 1.27051 0.628981 0.658286 0.627593 0.589823 1.1088 1.91632 1.24714 1.81577 1.03807 1.11326 1.22827 0.960215
threshold=21.364583199578842 22.649306112288325 0.65783922255942751 14.670014347202297 1.4769372258710349e-06 0.00054393916552815012 1.0629852228301744e-06 168.09143875133501 8.9898989898989914 796.42857142857144 26.198578371898094 28.31632321538812 45.164658796812731 -0.44519362530016909 2.2253193237517206e-06 58.622595493541503 10.435571687840293 0.00022521712680100001 671.78571428571433
decision_type=2 2 2 2 2 2 2 2 2 2 2 2 2 2 2 2 2 2 2
left_child=2 -2 3 7 6 -6 -5 8 9 -1 15 12 -12 14 -13 16 17 -3 -15
right_child=1 10 -4 4 5 -7 -8 -9 -10 -11 11 13 -14 18 -16 -17 -18 -19 -20
leaf_value=0.0077639672044643865 -0.028268411509937877 0.023474546169884387 -0.016308724056946916 0.0088978445546128663 0.02964033708403466 -0.0071608890641002088 -0.025833493354580708 0.03321246890925119 -0.010894862325549202 0.030988229868719457 0.016629467779022737 0.022568587928930094 -0.030765470074783665 0.0059461933241400141 -0.00473847622053916 -0.00410435452042831 0.033526614592808507 -0.018845741355601422 -0.010971262851373575
leaf_weight=5.3295585291925871 2.6367935684393151 1.1063561444170757 1.4103618729859579 1.3319238036638119 1.7732396721839907 1.6007260742480864 2.3101001742761582 1.4114355260971931 0.93325848435051728 1.4876066457363775 0.88073424529284539 4.0323407361283916 2.8088378335814923 3.8758850184967732 4.311877473606728 4.2986937292153016 1.7897683084011076 1.1449157185852525 10.631173184374346
leaf_count=76 62 17 31 32 12 110 34 10 33 30 12 49 50 99 91 80 14 17 149
internal_value=-0.000355731 -0.00324648 0.00562441 0.00780925 -0.000446252 0.0116135 -0.0124318 0.0143916 0.0102026 0.0136403 -0.00119378 -0.00345035 -0.0185199 -0.000816409 0.00821337 0.00558798 0.0164729 0.000789914 -0.00623624
internal_weight=55.1056 37.5174 17.5882 16.1778 7.01599 3.37397 3.64202 9.16186 7.75042 6.81717 34.8806 26.5408 3.68957 22.8513 8.34422 8.33973 4.04104 2.25127 14.5071
internal_count=1008 640 368 337 188 122 66 149 139 106 578 450 62 388 140 128 48 34 248
is_linear=0
shrinkage=0.03


Tree=290
num_leaves=18
num_cat=0
split_feature=17 4 6 6 16 10 15 3 15 15 3 7 15 7 10 17 7
split_gain=1.02403 0.730781 1.04714 1.21166 1.63855 1.16449 0.980853 1.3312 1.29696 0.846932 0.675562 0.670271 0.652932 0.33032 0.357338 0.109093 0.0417109
threshold=1.3298036539118665 12.725780118280904 35.482181971140946 46.586987495224612 0.034367758464598559 0.28586692733097885 12.500372045955118 94.701360502714905 12.492935553454997 12.391208153579475 111.55398160167056 5.798319327731094 12.509307531573436 8.9898989898989914 -0.78811702614460255 1.2350094125958673 21.132376395534294
decision_type=2 2 2 2 2 2 2 2 2 2 2 2 2 2 2 2 2
left_child=15 11 5 4 9 -3 8 -8 -5 -4 -7 -2 -6 -13 -15 16 -1
right_child=1 2 3 6 12 10 7 -9 -10 -11 -12 13 -14 14 -16 -17 -18
leaf_value=0.012877154931556407 -0.011724205529442778 -0.032864149433215278 -0.020863093622502406 -0.0032014761591704489 0.02402565434242903 -0.013301946568341119 -0.0053679829063404726 0.016020046929949881 -0.034321497490321977 0.0084652415489899439 0.013573413071814613 0.036789147858598388 0.0027592756215014903 0.024648164638708354 -0.015062387013689791 0.030956282754262956 0
leaf_weight=0.18706892430782207 0.35760173189919342 1.7410310017876316 1.8065059648361041 26.805580562504478 4.8409201710019261 1.9738537501543763 4.5737839537323435 5.4946604592259973 1.1962118063820515 1.4009637235430998 1.2673830550629643 0.98414645710727178 2.2632351524662226 0.29320085048675526 0.27237741526914772 0.97887908911798149 0.33385656634345651
leaf_count=1 34 35 25 489 41 23 106 86 24 25 22 16 30 1 34 13 33
internal_value=0.000651341 0 -0.000700613 0.000599657 0.00971607 -0.0136809 -0.00180999 0.00605185 -0.00475505 -0.00727734 -0.00180359 0.0177363 0.0177994 0.0266515 0.00162684 0.024314 0.00402559
internal_weight=56.7713 55.2715 53.3641 48.3819 10.3116 4.98227 38.0702 10.0684 28.0018 3.20747 3.24124 1.90733 7.10416 1.54972 0.565578 1.4998 0.520925
internal_count=1038 991 906 826 121 80 705 192 513 50 45 85 71 51 35 47 34
is_linear=0
shrinkage=0.03


Tree=291
num_leaves=20
num_cat=0
split_feature=9 8 1 8 3 7 11 1 2 14 2 14 16 2 16 1 1 13 1
split_gain=0.849334 1.46427 1.55326 1.43155 1.39482 1.27417 1.24966 1.14496 1.24545 1.25844 1.05196 1.02528 0.986275 1.06402 0.942903 1.14483 2.1664 1.93482 1.31167
threshold=794.64285714285722 758.86446886446913 6.741262112239597 742.58241758241763 90.419911012235843 11.237373737373739 -0.020149048374488096 5.3363836932106956 70.64765300059419 215.90634784317083 67.906269115548113 267.43373873800749 0.059880828142540608 79.47026980580857 0.018155768374807153 4.3590486364044692 7.6679374719184699 1.0982329128609661e-06 4.0887036240839487
decision_type=2 2 2 2 2 2 2 2 2 2 2 2 2 2 2 2 2 2 2
left_child=1 3 4 7 6 10 -3 12 9 -9 -2 -4 -1 -14 -7 18 17 -17 -16
right_child=5 2 11 -5 -6 14 -8 8 -10 -11 -12 -13 13 -15 15 16 -18 -19 -20
leaf_value=-0.025329071598277707 0 -0.027429664848286985 -0.034347897633755849 0.017170960098974557 0.017424561728545854 0.015776763963862309 0.0098490902851296191 -0.023528943715998046 0.0097652927816188097 0.0024034757378039269 0.039215369152784736 -0.0052113625897742336 0.011531894208523621 -0.017066109025903171 -0.0087136791872263683 0.0098766092096667178 0.010499573159802407 -0.032892974684681123 0.024805292396691027
leaf_weight=2.6821189485490384 0.83255498355720492 1.9479184169322254 2.9685996794141829 4.4355755643919101 2.2741174753755331 3.6196607484016559 1.1204795017838458 2.4388661924749639 10.100605190033091 4.4614742627600208 1.6278383890166876 2.1706328317523003 2.2957543944939971 2.1372783994302154 1.5591147026862002 1.1233963919803498 2.9699529276695102 3.3994193142862059 2.4282227244693786
leaf_count=54 48 25 32 43 16 77 11 24 157 74 11 23 22 31 81 20 79 182 28
internal_value=0.000635067 -0.00177143 -0.011342 0.00166469 0 0.00613394 -0.0129886 -0.00112256 0.00297284 -0.00653875 0.025846 -0.0229486 -0.0112295 -0.00166645 0.00257572 -0.00142778 -0.00853313 -0.0216369 0.0110723
internal_weight=56.5936 39.0334 10.4817 28.5517 5.34252 17.5602 3.0684 24.1161 17.0009 6.90034 2.46039 5.13923 7.11515 4.43303 15.0998 11.4801 7.49277 4.52282 3.98734
internal_count=1038 512 107 405 52 526 36 362 255 98 59 55 107 53 467 390 281 202 109
is_linear=0
shrinkage=0.03


Tree=292
num_leaves=20
num_cat=0
split_feature=9 15 4 8 16 8 5 12 13 12 5 11 3 3 11 3 4 3 15
split_gain=0.809193 1.39655 1.35948 1.21844 1.47432 1.31997 1.1028 1.18069 1.34073 1.81358 1.23791 1.10045 1.07156 0.953011 0.945997 0.661312 0.653131 0.842614 0.647426
threshold=794.64285714285722 12.499627998333436 19.307000812906612 758.86446886446913 0.074538030700535413 742.58241758241763 37.192588634749448 0.00050065711832930008 1.7337256832900773e-06 0.00077610416847890011 39.892884566668435 -0.93272259907668709 115.86228939317841 111.55398160167056 -0.21835952450264831 88.328173374613016 34.77989950881981 94.701360502714905 12.536939207015489
decision_type=2 2 2 2 2 2 2 2 2 2 2 2 2 2 2 2 2 2 2
left_child=1 3 -3 5 11 12 -2 10 -9 -10 -8 -5 13 -1 -11 -13 17 -4 -18
right_child=6 2 16 4 -6 -7 7 8 9 14 -12 15 -14 -15 -16 -17 18 -19 -20
leaf_value=-0.0032112007812795744 0.020561268005549197 -0.014471673250649776 0.00058375221254094718 0 0.0097656510220940525 0.015771735405653822 0.0036007048803696909 0.023534257118006271 -0.030152746405707611 -0.0049632523242350048 -0.032102384706643672 -0.0031920813934933675 0.024805978332770536 -0.022764766768918882 0.01738785121111459 -0.034867903909301647 0.013780352993707121 0.02377481399426996 -0.014250863634154289
leaf_weight=12.770247356500482 3.6345234210020889 2.0339066446758798 2.4091034810990077 1.2872450668364761 1.4100182987749574 3.1692531022708854 1.5336300260387354 2.9684648473048565 1.3564642002456819 2.8819420759100467 1.5590980334673075 0.98350925371050735 0.88133306079544205 2.7965796259231874 3.4918820931925438 3.7231511082500219 1.3201935526449236 4.606974015943706 1.4411656396696342
leaf_count=169 93 33 23 18 11 28 31 49 63 153 33 14 62 28 104 37 16 48 25
internal_value=0.000620745 -0.00173058 0.00672458 -0.00554821 -0.0158731 -0.00143853 0.00601166 0.00184097 0.00675565 0 -0.0139 -0.022458 -0.00501119 -0.00703837 0.00689777 -0.0290771 0.0115394 0.0163534 0
internal_weight=56.2587 38.8327 11.8113 27.0213 7.40392 19.6174 17.426 13.7915 10.6988 7.73029 3.09273 5.99391 16.4482 15.5668 6.37382 4.70666 9.77744 7.01608 2.76136
internal_count=1038 512 145 367 80 287 526 433 369 320 64 69 259 197 257 51 112 71 41
is_linear=0
shrinkage=0.03


Tree=293
num_leaves=17
num_cat=0
split_feature=17 4 6 10 6 16 6 0 15 15 3 15 9 10 17 9
split_gain=0.952742 0.636076 0.955526 1.1188 1.07931 1.50257 0.992163 1.02126 0.995921 0.789752 0.642864 0.607624 0.508379 0.189523 0.0990762 0.0380774
threshold=1.3298036539118665 12.725780118280904 35.482181971140946 0.28586692733097885 46.586987495224612 0.034367758464598559 50.235966178307407 79.10006754666874 12.481055551719033 12.391208153579475 111.55398160167056 12.509307531573436 815.357142857143 -0.14018094067560857 1.2350094125958673 823.92857142857167
decision_type=2 2 2 2 2 2 2 2 2 2 2 2 2 2 2 2
left_child=14 12 3 -3 5 9 8 -8 -6 -4 -5 -7 -2 -14 15 -1
right_child=1 2 4 10 6 11 7 -9 -10 -11 -12 -13 13 -15 -16 -17
leaf_value=0.012320685415736372 -0.0098091787778550096 -0.032378835010648373 -0.020351214573290654 -0.012843718544685925 -0.02817238555668335 0.023123443316600153 -0.0045946383765562374 0.0058630007158619862 0.0029782317403192933 0.0081158121750775029 0.013571961108001677 0.0024388636205800607 0.0020833715213424029 0.031726802375785589 0.03025205346780397 0
leaf_weight=0.18203011155128368 0.31844549439847369 1.682137363590299 1.779133378528057 1.9523666426539423 2.2798928483389314 4.7535919495858252 19.60715734079713 14.538336621248162 1.2190702189691363 1.3825982266571371 1.2457715666387228 2.2383267696714029 0.53493276808876533 1.0257022787118328 0.94752502988558263 0.32712311577051878
leaf_count=1 22 35 25 23 30 41 442 216 17 25 22 30 24 39 13 33
internal_value=0.000605699 0 -0.000680502 -0.0132119 0.000561254 0.00923812 -0.00171791 -5.03039e-05 -0.0167045 -0.0071159 -0.00154489 0.0170525 0.0166406 0.0241099 0.0237499 0.00374476
internal_weight=56.0141 54.5575 52.6784 4.88028 47.7981 10.1537 37.6445 34.1455 3.49896 3.16173 3.19814 6.99192 1.87908 1.56064 1.45668 0.509153
internal_count=1038 991 906 80 826 121 705 658 47 50 45 71 85 63 47 34
is_linear=0
shrinkage=0.03


end of trees

feature_importances:
resp_amplitude=481
hr_max=393
hr_min=392
hf_power=382
hrv_kurtosis=356
hrv_pnn50=338
hrv_skewness=338
hr_std=273
lf_hf_ratio=250
breathing_rate=245
hr_range=242
hrv_median=233
breathing_variability=221
heart_rate=204
hrv_rmssd=179
hrv_sdnn=170
lf_power=163
hrv_mean=126

parameters:
[boosting: gbdt]
[objective: binary]
[metric: binary_logloss]
[tree_learner: serial]
[device_type: cpu]
[data_sample_strategy: bagging]
[data: ]
[valid: ]
[num_iterations: 300]
[learning_rate: 0.03]
[num_leaves: 20]
[num_threads: 0]
[seed: 0]
[deterministic: 0]
[force_col_wise: 0]
[force_row_wise: 0]
[histogram_pool_size: -1]
[max_depth: 6]
[min_data_in_leaf: 15]
[min_sum_hessian_in_leaf: 0.001]
[bagging_fraction: 0.7]
[pos_bagging_fraction: 1]
[neg_bagging_fraction: 1]
[bagging_freq: 5]
[bagging_seed: 3]
[bagging_by_query: 0]
[feature_fraction: 0.8]
[feature_fraction_bynode: 1]
[feature_fraction_seed: 2]
[extra_trees: 0]
[extra_seed: 6]
[early_stopping_round: 0]
[early_stopping_min_delta: 0]
[first_metric_only: 0]
[max_delta_step: 0]
[lambda_l1: 0.1]
[lambda_l2: 0.1]
[linear_lambda: 0]
[min_gain_to_split: 0]
[drop_rate: 0.1]
[max_drop: 50]
[skip_drop: 0.5]
[xgboost_dart_mode: 0]
[uniform_drop: 0]
[drop_seed: 4]
[top_rate: 0.2]
[other_rate: 0.1]
[min_data_per_group: 100]
[max_cat_threshold: 32]
[cat_l2: 10]
[cat_smooth: 10]
[max_cat_to_onehot: 4]
[top_k: 20]
[monotone_constraints: ]
[monotone_constraints_method: basic]
[monotone_penalty: 0]
[feature_contri: ]
[forcedsplits_filename: ]
[refit_decay_rate: 0.9]
[cegb_tradeoff: 1]
[cegb_penalty_split: 0]
[cegb_penalty_feature_lazy: ]
[cegb_penalty_feature_coupled: ]
[path_smooth: 0]
[interaction_constraints: ]
[verbosity: -1]
[saved_feature_importance_type: 0]
[use_quantized_grad: 0]
[num_grad_quant_bins: 4]
[quant_train_renew_leaf: 0]
[stochastic_rounding: 1]
[linear_tree: 0]
[max_bin: 255]
[max_bin_by_feature: ]
[min_data_in_bin: 3]
[bin_construct_sample_cnt: 200000]
[data_random_seed: 1]
[is_enable_sparse: 1]
[enable_bundle: 1]
[use_missing: 1]
[zero_as_missing: 0]
[feature_pre_filter: 1]
[pre_partition: 0]
[two_round: 0]
[header: 0]
[label_column: ]
[weight_column: ]
[group_column: ]
[ignore_column: ]
[categorical_feature: ]
[forcedbins_filename: ]
[precise_float_parser: 0]
[parser_config_file: ]
[objective_seed: 5]
[num_class: 1]
[is_unbalance: 0]
[scale_pos_weight: 1]
[sigmoid: 1]
[boost_from_average: 1]
[reg_sqrt: 0]
[alpha: 0.9]
[fair_c: 1]
[poisson_max_delta_step: 0.7]
[tweedie_variance_power: 1.5]
[lambdarank_truncation_level: 30]
[lambdarank_norm: 1]
[label_gain: ]
[lambdarank_position_bias_regularization: 0]
[eval_at: ]
[multi_error_top_k: 1]
[auc_mu_weights: ]
[num_machines: 1]
[local_listen_port: 12400]
[time_out: 120]
[machine_list_filename: ]
[machines: ]
[gpu_platform_id: -1]
[gpu_device_id: -1]
[gpu_use_dp: 0]
[num_gpu: 1]

end of parameters

pandas_categorical:[]
